customer_id,tenure_months,monthly_charges,total_charges,contract_type,internet_service,tech_support,online_security,device_protection,streaming_tv,streaming_movies,phone_service,multiple_lines,payment_method,paperless_billing,senior_citizen,partner,dependents,churn
CUST-000001,62,76.09,4817.17,Two year,Fiber optic,Yes,No,No,No,No,No,No,Credit card,Yes,No,No,No,0
CUST-000002,13,86.29,1225.07,Month-to-month,DSL,No,Yes,Yes,Yes,Yes,No,Yes,Bank transfer,Yes,Yes,No,No,1
CUST-000003,1,92.63,252.76,Month-to-month,Fiber optic,No,No,No,No,No,Yes,Yes,Electronic check,No,No,Yes,Yes,1
CUST-000004,46,118.44,5853.2,One year,Fiber optic,Yes,Yes,Yes,Yes,Yes,Yes,Yes,Mailed check,No,No,Yes,No,0
CUST-000005,26,55.51,1634.19,One year,DSL,No,Yes,Yes,No,No,Yes,Yes,Mailed check,No,No,Yes,Yes,0
CUST-000006,34,89.64,3093.81,Month-to-month,DSL,Yes,No,No,No,Yes,Yes,No,Credit card,Yes,No,Yes,No,0
CUST-000007,5,84.54,399.7,One year,Fiber optic,No,No,No,No,No,Yes,No,Credit card,Yes,No,No,No,1
CUST-000008,27,79.93,2186.49,One year,DSL,No,No,Yes,Yes,No,Yes,Yes,Mailed check,No,Yes,No,No,0
CUST-000009,46,60.78,2916.6,Two year,DSL,No,No,No,No,Yes,Yes,No,Credit card,Yes,No,No,Yes,0
CUST-000010,25,107.51,2737.05,Month-to-month,Fiber optic,No,No,Yes,Yes,No,Yes,Yes,Mailed check,No,Yes,Yes,No,0
CUST-000011,60,89.57,5287.73,Month-to-month,DSL,Yes,No,No,No,No,Yes,Yes,Electronic check,No,No,Yes,Yes,1
CUST-000012,57,96.74,5495.04,Month-to-month,Fiber optic,Yes,Yes,Yes,No,No,Yes,Yes,Bank transfer,Yes,Yes,Yes,No,1
CUST-000013,51,106.88,5667.33,Month-to-month,Fiber optic,No,No,No,Yes,Yes,Yes,No,Bank transfer,Yes,No,No,No,1
CUST-000014,66,67.73,4692.63,Month-to-month,DSL,No,Yes,No,No,No,Yes,No,Bank transfer,No,No,No,Yes,0
CUST-000015,52,99.86,5394.62,Month-to-month,Fiber optic,No,No,Yes,Yes,No,Yes,No,Mailed check,Yes,No,Yes,No,1
CUST-000016,12,64.36,673.81,Month-to-month,DSL,No,No,No,Yes,Yes,Yes,Yes,Bank transfer,Yes,Yes,No,Yes,1
CUST-000017,62,29.88,2080.28,One year,No,No,No,No,Yes,No,Yes,Yes,Electronic check,No,Yes,Yes,Yes,0
CUST-000018,47,118.24,5777.64,Two year,Fiber optic,Yes,No,No,No,Yes,Yes,Yes,Bank transfer,Yes,No,Yes,No,1
CUST-000019,7,73.94,751.58,Two year,DSL,No,Yes,Yes,Yes,Yes,Yes,No,Credit card,No,No,Yes,No,0
CUST-000020,21,77.5,1523.65,Month-to-month,DSL,No,Yes,No,No,Yes,Yes,No,Electronic check,Yes,No,No,Yes,0
CUST-000021,12,68.21,704.34,Month-to-month,DSL,Yes,Yes,No,No,No,Yes,Yes,Bank transfer,Yes,No,Yes,Yes,0
CUST-000022,70,83.53,5878.46,Month-to-month,DSL,Yes,No,No,No,No,Yes,Yes,Credit card,Yes,No,Yes,No,0
CUST-000023,53,109.57,5949.1,Two year,Fiber optic,No,No,Yes,Yes,Yes,Yes,No,Mailed check,Yes,No,Yes,Yes,0
CUST-000024,67,95.89,6321.85,One year,DSL,Yes,No,Yes,Yes,Yes,Yes,Yes,Bank transfer,Yes,No,No,No,0
CUST-000025,20,122.4,2628.64,Two year,Fiber optic,Yes,No,No,Yes,Yes,Yes,Yes,Electronic check,Yes,No,Yes,No,0
CUST-000026,46,122.97,5516.57,Two year,Fiber optic,No,Yes,Yes,No,Yes,Yes,No,Credit card,No,No,Yes,No,1
CUST-000027,44,80.18,3387.85,Month-to-month,DSL,No,Yes,Yes,Yes,Yes,Yes,No,Mailed check,No,No,No,No,0
CUST-000028,54,106.7,5914.25,Month-to-month,Fiber optic,Yes,Yes,No,No,Yes,Yes,No,Credit card,Yes,Yes,Yes,Yes,0
CUST-000029,8,115.55,1171.37,Month-to-month,Fiber optic,Yes,No,No,Yes,Yes,Yes,No,Bank transfer,No,Yes,Yes,No,1
CUST-000030,37,119.48,4752.78,Two year,Fiber optic,No,Yes,No,Yes,Yes,No,No,Electronic check,No,No,Yes,No,0
CUST-000031,47,36.92,1865.94,One year,No,No,Yes,Yes,No,Yes,Yes,Yes,Electronic check,No,No,Yes,No,0
CUST-000032,60,125.83,7490.48,Month-to-month,Fiber optic,No,Yes,Yes,Yes,Yes,Yes,No,Electronic check,Yes,No,Yes,No,1
CUST-000033,47,91.18,4085.48,One year,Fiber optic,Yes,No,No,Yes,No,Yes,No,Credit card,No,No,No,No,1
CUST-000034,32,81.13,2477.51,Month-to-month,DSL,Yes,No,Yes,Yes,Yes,Yes,No,Bank transfer,No,Yes,No,No,1
CUST-000035,33,64.12,2371.51,Month-to-month,DSL,No,No,No,Yes,No,Yes,No,Credit card,Yes,Yes,No,Yes,1
CUST-000036,24,84.46,1830.5,Two year,DSL,No,No,Yes,No,Yes,Yes,Yes,Bank transfer,No,No,No,Yes,0
CUST-000037,11,110.55,1394.06,One year,Fiber optic,No,No,No,Yes,No,Yes,Yes,Credit card,No,No,No,No,0
CUST-000038,20,76.7,1625.36,Two year,No,No,Yes,Yes,No,Yes,Yes,Yes,Electronic check,Yes,No,No,No,0
CUST-000039,10,109.55,963.73,Month-to-month,Fiber optic,No,No,No,Yes,Yes,Yes,No,Electronic check,No,No,No,Yes,1
CUST-000040,16,82.94,1689.79,Two year,DSL,No,No,Yes,Yes,No,Yes,No,Credit card,Yes,No,No,No,0
CUST-000041,62,103.97,6681.35,Month-to-month,Fiber optic,Yes,Yes,No,No,No,Yes,Yes,Bank transfer,Yes,No,Yes,No,0
CUST-000042,38,63.91,2597.53,Month-to-month,DSL,No,Yes,No,Yes,No,Yes,No,Electronic check,No,No,No,No,1
CUST-000043,6,30.46,103.23,Two year,No,No,No,Yes,No,Yes,No,No,Electronic check,No,No,No,No,0
CUST-000044,31,107.46,3625.4,Month-to-month,Fiber optic,Yes,Yes,No,Yes,No,Yes,Yes,Electronic check,No,No,No,Yes,1
CUST-000045,19,102.82,1842.25,Month-to-month,Fiber optic,No,Yes,Yes,No,Yes,Yes,Yes,Credit card,Yes,No,No,No,1
CUST-000046,48,61.77,2993.3,Month-to-month,DSL,No,No,Yes,No,No,Yes,Yes,Electronic check,Yes,No,No,Yes,0
CUST-000047,60,138.49,8086.19,Two year,Fiber optic,Yes,Yes,No,Yes,Yes,Yes,Yes,Electronic check,Yes,No,No,No,0
CUST-000048,0,80.64,28.29,One year,DSL,Yes,No,No,Yes,Yes,Yes,Yes,Bank transfer,Yes,No,No,No,0
CUST-000049,34,46.95,1676.85,Two year,DSL,No,No,No,No,Yes,Yes,Yes,Credit card,No,No,Yes,No,0
CUST-000050,32,106.85,3944.73,One year,Fiber optic,Yes,No,Yes,No,Yes,No,Yes,Bank transfer,No,No,Yes,No,0
CUST-000051,72,43.11,3132.6,Two year,No,No,No,Yes,Yes,Yes,Yes,No,Credit card,No,No,Yes,No,0
CUST-000052,26,45.7,1044.45,Two year,DSL,No,Yes,No,No,No,Yes,No,Electronic check,Yes,No,No,No,0
CUST-000053,12,51.27,531.53,Month-to-month,No,No,No,No,Yes,No,Yes,No,Credit card,Yes,No,No,No,0
CUST-000054,14,92.32,1305.09,One year,Fiber optic,No,No,No,No,No,Yes,Yes,Credit card,No,No,No,Yes,0
CUST-000055,34,121.33,4111.26,Two year,Fiber optic,No,No,No,Yes,Yes,Yes,Yes,Bank transfer,No,No,Yes,No,0
CUST-000056,43,112.87,5024.36,Month-to-month,Fiber optic,Yes,No,Yes,No,Yes,Yes,Yes,Mailed check,No,Yes,Yes,Yes,0
CUST-000057,23,102.82,2311.48,One year,Fiber optic,Yes,No,No,No,No,Yes,Yes,Electronic check,No,No,No,No,0
CUST-000058,31,83.39,2306.19,Month-to-month,Fiber optic,Yes,No,Yes,No,No,No,Yes,Bank transfer,No,No,No,Yes,1
CUST-000059,48,79.41,3810.93,Month-to-month,DSL,Yes,Yes,No,Yes,No,Yes,No,Electronic check,Yes,No,No,No,1
CUST-000060,21,66.02,1195.21,Month-to-month,DSL,No,No,Yes,No,Yes,Yes,Yes,Electronic check,No,No,No,Yes,0
CUST-000061,70,87.95,6121.91,Month-to-month,DSL,Yes,No,Yes,Yes,No,Yes,No,Mailed check,No,No,No,Yes,0
CUST-000062,15,92.94,1605.32,Month-to-month,DSL,No,Yes,No,Yes,No,Yes,No,Bank transfer,Yes,No,Yes,No,1
CUST-000063,68,93.1,6515.62,Month-to-month,Fiber optic,No,No,Yes,No,No,Yes,Yes,Bank transfer,No,Yes,Yes,Yes,0
CUST-000064,63,99.43,6195.22,One year,Fiber optic,No,Yes,No,Yes,Yes,Yes,No,Mailed check,No,No,No,No,0
CUST-000065,69,55.43,3640.92,Month-to-month,DSL,No,Yes,Yes,Yes,No,No,No,Bank transfer,Yes,No,Yes,No,0
CUST-000066,58,107.07,6128.11,Month-to-month,Fiber optic,No,No,No,No,No,Yes,Yes,Bank transfer,Yes,No,No,Yes,1
CUST-000067,38,96.02,3517.61,Two year,Fiber optic,No,Yes,No,Yes,No,Yes,No,Credit card,No,No,Yes,No,0
CUST-000068,44,91.14,3700.34,Month-to-month,DSL,Yes,Yes,No,Yes,No,Yes,Yes,Credit card,Yes,No,Yes,Yes,0
CUST-000069,15,54.49,866.24,Month-to-month,No,Yes,Yes,Yes,No,Yes,Yes,Yes,Electronic check,No,No,Yes,No,0
CUST-000070,25,97.53,2516.71,Month-to-month,DSL,Yes,No,No,Yes,Yes,Yes,Yes,Electronic check,Yes,No,No,No,0
CUST-000071,33,99.68,3493.63,One year,Fiber optic,No,Yes,No,No,No,Yes,Yes,Electronic check,Yes,No,Yes,No,0
CUST-000072,69,87.29,6038.0,One year,Fiber optic,No,No,Yes,No,No,No,No,Bank transfer,Yes,No,Yes,Yes,0
CUST-000073,58,113.4,6516.34,Month-to-month,Fiber optic,No,Yes,Yes,Yes,No,Yes,Yes,Bank transfer,Yes,No,Yes,No,1
CUST-000074,41,105.28,4524.04,Two year,Fiber optic,Yes,No,No,Yes,Yes,Yes,No,Mailed check,No,No,No,Yes,0
CUST-000075,43,43.99,2084.95,Month-to-month,No,No,Yes,No,Yes,No,No,Yes,Bank transfer,No,No,No,No,0
CUST-000076,31,56.52,1816.23,Month-to-month,No,Yes,No,No,Yes,Yes,Yes,No,Credit card,Yes,No,No,No,1
CUST-000077,30,71.24,2168.71,Month-to-month,DSL,No,No,No,No,No,Yes,Yes,Bank transfer,Yes,No,No,No,1
CUST-000078,65,99.48,6791.92,One year,Fiber optic,Yes,Yes,Yes,Yes,No,Yes,No,Bank transfer,Yes,No,Yes,No,0
CUST-000079,0,94.61,54.98,Two year,Fiber optic,No,No,No,Yes,No,Yes,No,Bank transfer,No,Yes,Yes,Yes,0
CUST-000080,23,110.73,3000.0,Month-to-month,Fiber optic,No,Yes,No,Yes,Yes,Yes,Yes,Electronic check,Yes,No,Yes,No,1
CUST-000081,29,92.3,2712.53,One year,Fiber optic,No,No,No,Yes,No,Yes,Yes,Credit card,Yes,No,No,No,1
CUST-000082,50,48.89,2689.54,One year,No,No,No,Yes,Yes,Yes,Yes,No,Electronic check,Yes,No,Yes,No,0
CUST-000083,30,44.72,1450.98,Two year,No,Yes,Yes,Yes,No,Yes,Yes,Yes,Credit card,Yes,No,No,Yes,0
CUST-000084,22,103.64,2378.45,One year,Fiber optic,No,No,Yes,No,Yes,Yes,Yes,Electronic check,No,No,No,No,1
CUST-000085,5,79.33,321.65,Month-to-month,DSL,No,Yes,Yes,Yes,Yes,Yes,Yes,Bank transfer,No,Yes,No,No,1
CUST-000086,19,96.56,1949.96,Month-to-month,Fiber optic,Yes,No,Yes,Yes,No,No,No,Credit card,No,Yes,Yes,No,1
CUST-000087,7,67.91,645.75,Month-to-month,DSL,Yes,Yes,No,No,Yes,Yes,No,Credit card,Yes,No,Yes,Yes,1
CUST-000088,51,82.28,4356.45,Month-to-month,Fiber optic,Yes,No,No,Yes,No,Yes,No,Electronic check,Yes,No,Yes,No,1
CUST-000089,31,90.7,2718.34,Month-to-month,Fiber optic,No,No,No,Yes,No,Yes,No,Electronic check,Yes,No,Yes,No,1
CUST-000090,16,112.33,1691.85,One year,Fiber optic,No,No,No,No,Yes,Yes,No,Bank transfer,Yes,No,No,No,0
CUST-000091,39,68.83,2591.24,Two year,DSL,No,Yes,No,No,No,Yes,Yes,Credit card,Yes,Yes,Yes,Yes,0
CUST-000092,35,91.29,3235.98,Two year,Fiber optic,No,No,No,No,Yes,Yes,No,Electronic check,Yes,No,Yes,No,1
CUST-000093,34,52.19,1547.84,Month-to-month,DSL,No,No,No,No,No,Yes,No,Electronic check,Yes,Yes,No,Yes,1
CUST-000094,42,81.77,3498.77,Month-to-month,DSL,No,No,No,Yes,Yes,Yes,No,Credit card,Yes,No,Yes,Yes,0
CUST-000095,45,105.52,4970.64,Two year,DSL,Yes,Yes,Yes,Yes,Yes,Yes,No,Electronic check,Yes,No,Yes,Yes,0
CUST-000096,13,76.03,824.52,Month-to-month,DSL,No,Yes,Yes,No,Yes,Yes,No,Mailed check,Yes,No,No,No,0
CUST-000097,11,74.57,895.07,Month-to-month,No,Yes,No,Yes,Yes,Yes,Yes,Yes,Credit card,No,No,Yes,No,1
CUST-000098,53,82.14,4407.62,Month-to-month,DSL,Yes,Yes,Yes,Yes,Yes,Yes,Yes,Electronic check,Yes,No,Yes,No,0
CUST-000099,71,42.82,2879.33,Two year,No,Yes,No,Yes,No,No,Yes,No,Credit card,No,Yes,No,Yes,0
CUST-000100,40,84.55,3263.07,One year,Fiber optic,No,No,Yes,No,Yes,Yes,Yes,Bank transfer,No,No,No,Yes,0
CUST-000101,32,110.4,3611.93,One year,Fiber optic,No,Yes,Yes,No,Yes,Yes,Yes,Bank transfer,Yes,No,Yes,No,0
CUST-000102,45,62.41,3038.35,Two year,DSL,No,No,Yes,No,Yes,No,Yes,Credit card,Yes,No,No,No,0
CUST-000103,2,82.18,0.0,Month-to-month,DSL,Yes,Yes,Yes,Yes,Yes,Yes,Yes,Electronic check,Yes,No,No,No,1
CUST-000104,27,86.93,2452.01,Month-to-month,DSL,No,Yes,Yes,Yes,Yes,Yes,Yes,Bank transfer,Yes,No,No,No,1
CUST-000105,26,101.24,2483.69,Two year,Fiber optic,No,No,Yes,No,Yes,No,No,Bank transfer,Yes,No,No,No,0
CUST-000106,30,110.58,3114.22,One year,Fiber optic,No,No,No,Yes,Yes,Yes,Yes,Mailed check,No,No,No,No,1
CUST-000107,54,121.87,6359.28,One year,Fiber optic,Yes,Yes,Yes,No,Yes,Yes,No,Mailed check,No,No,Yes,No,0
CUST-000108,36,38.94,1386.33,Month-to-month,No,Yes,No,No,No,No,Yes,No,Electronic check,Yes,Yes,No,No,1
CUST-000109,62,76.42,4787.52,Two year,DSL,Yes,No,No,Yes,No,Yes,No,Electronic check,Yes,No,Yes,Yes,0
CUST-000110,34,109.79,3650.95,Two year,Fiber optic,No,Yes,Yes,Yes,Yes,No,Yes,Credit card,No,No,No,No,0
CUST-000111,2,98.13,0.0,One year,Fiber optic,Yes,No,Yes,Yes,No,Yes,No,Credit card,No,No,No,No,0
CUST-000112,49,35.89,1813.43,Month-to-month,No,Yes,Yes,Yes,No,No,No,No,Mailed check,No,No,Yes,No,0
CUST-000113,58,102.04,5922.23,Month-to-month,DSL,Yes,Yes,Yes,No,Yes,Yes,Yes,Electronic check,No,Yes,No,No,0
CUST-000114,42,77.97,3162.07,Two year,DSL,No,No,Yes,Yes,Yes,Yes,Yes,Electronic check,Yes,No,Yes,No,0
CUST-000115,68,84.33,5697.87,Month-to-month,DSL,No,Yes,No,Yes,Yes,Yes,No,Mailed check,Yes,No,No,No,0
CUST-000116,30,76.58,2280.57,Month-to-month,DSL,No,No,Yes,No,No,No,Yes,Credit card,Yes,No,No,No,1
CUST-000117,58,92.57,5540.09,Month-to-month,Fiber optic,No,No,No,No,Yes,No,Yes,Bank transfer,Yes,No,No,No,1
CUST-000118,0,78.64,277.35,Month-to-month,DSL,No,No,Yes,Yes,No,No,Yes,Credit card,Yes,No,Yes,Yes,1
CUST-000119,2,69.23,84.47,Month-to-month,DSL,Yes,No,No,No,No,No,Yes,Credit card,Yes,No,No,No,1
CUST-000120,57,51.49,2856.48,One year,No,No,Yes,Yes,No,No,Yes,No,Mailed check,No,No,No,No,0
CUST-000121,63,95.16,6191.37,One year,DSL,Yes,Yes,Yes,Yes,Yes,Yes,Yes,Electronic check,No,No,Yes,No,0
CUST-000122,37,82.47,3255.72,One year,Fiber optic,No,Yes,No,No,No,Yes,Yes,Electronic check,No,No,Yes,No,1
CUST-000123,54,66.97,3478.18,One year,DSL,No,No,Yes,No,No,Yes,No,Mailed check,Yes,No,Yes,No,0
CUST-000124,23,107.67,2400.8,Month-to-month,Fiber optic,No,Yes,Yes,Yes,No,No,Yes,Electronic check,Yes,No,Yes,Yes,1
CUST-000125,53,42.12,2026.91,Month-to-month,No,No,No,Yes,Yes,Yes,No,No,Electronic check,No,Yes,No,No,1
CUST-000126,36,109.13,3765.99,Month-to-month,Fiber optic,Yes,No,No,Yes,No,Yes,No,Electronic check,Yes,No,Yes,No,1
CUST-000127,22,102.29,2314.03,Month-to-month,Fiber optic,Yes,No,Yes,No,Yes,Yes,No,Mailed check,No,No,Yes,Yes,1
CUST-000128,6,57.26,222.56,Month-to-month,DSL,No,No,Yes,Yes,Yes,No,No,Bank transfer,No,No,No,No,0
CUST-000129,12,103.93,1421.05,Month-to-month,Fiber optic,No,No,Yes,Yes,Yes,No,Yes,Credit card,Yes,No,No,No,0
CUST-000130,66,109.7,7284.09,Two year,Fiber optic,No,No,No,Yes,Yes,Yes,No,Bank transfer,No,No,No,No,0
CUST-000131,32,108.26,3413.05,Month-to-month,Fiber optic,Yes,No,No,Yes,Yes,Yes,No,Bank transfer,No,No,No,No,0
CUST-000132,72,105.17,7955.3,Month-to-month,Fiber optic,No,Yes,Yes,Yes,No,Yes,Yes,Credit card,Yes,Yes,Yes,Yes,0
CUST-000133,25,67.59,1580.96,Two year,DSL,Yes,Yes,Yes,No,No,Yes,No,Bank transfer,Yes,No,No,No,0
CUST-000134,4,95.36,502.13,Month-to-month,Fiber optic,No,Yes,No,No,No,Yes,Yes,Mailed check,Yes,Yes,Yes,No,1
CUST-000135,18,103.0,1959.54,Month-to-month,Fiber optic,No,No,No,Yes,No,Yes,No,Mailed check,No,No,Yes,No,1
CUST-000136,26,113.01,2830.12,Month-to-month,Fiber optic,No,Yes,Yes,Yes,No,Yes,Yes,Credit card,No,No,Yes,Yes,1
CUST-000137,51,50.52,2659.69,Two year,DSL,No,No,No,Yes,No,Yes,No,Bank transfer,Yes,No,Yes,Yes,0
CUST-000138,53,67.73,3283.69,Month-to-month,DSL,No,No,Yes,Yes,Yes,Yes,No,Bank transfer,Yes,No,Yes,No,1
CUST-000139,53,76.47,3985.33,Month-to-month,DSL,Yes,No,Yes,Yes,Yes,No,Yes,Mailed check,Yes,No,No,No,0
CUST-000140,22,94.19,1688.59,One year,DSL,No,Yes,No,Yes,Yes,Yes,Yes,Credit card,Yes,No,No,No,0
CUST-000141,27,102.03,3016.23,One year,Fiber optic,No,No,No,No,Yes,Yes,No,Electronic check,Yes,No,Yes,No,0
CUST-000142,41,53.7,2144.3,Month-to-month,DSL,No,Yes,Yes,No,No,Yes,Yes,Credit card,Yes,No,No,Yes,0
CUST-000143,44,82.34,3612.81,Month-to-month,DSL,Yes,No,Yes,Yes,Yes,Yes,No,Electronic check,Yes,No,Yes,No,0
CUST-000144,30,106.41,3261.83,Month-to-month,Fiber optic,No,No,No,Yes,No,Yes,Yes,Credit card,Yes,No,No,No,1
CUST-000145,13,102.43,1264.4,One year,Fiber optic,Yes,No,No,Yes,No,Yes,No,Electronic check,Yes,No,Yes,Yes,0
CUST-000146,56,61.07,3433.61,One year,DSL,Yes,No,No,No,No,Yes,Yes,Bank transfer,No,No,Yes,No,1
CUST-000147,38,94.46,3732.7,One year,Fiber optic,Yes,No,No,No,No,Yes,Yes,Electronic check,No,No,No,Yes,0
CUST-000148,69,88.97,6117.52,Month-to-month,Fiber optic,No,No,Yes,No,Yes,Yes,Yes,Electronic check,No,Yes,No,Yes,1
CUST-000149,69,87.33,6075.59,Month-to-month,Fiber optic,No,No,Yes,Yes,No,No,No,Credit card,Yes,No,No,No,1
CUST-000150,64,105.28,6694.74,One year,Fiber optic,No,No,Yes,No,Yes,Yes,Yes,Credit card,Yes,No,No,No,1
CUST-000151,70,47.71,3433.28,Two year,No,Yes,Yes,Yes,Yes,No,No,No,Credit card,Yes,No,No,No,0
CUST-000152,45,104.44,4962.83,Two year,Fiber optic,Yes,No,No,Yes,Yes,Yes,No,Mailed check,No,No,No,No,0
CUST-000153,21,117.67,2747.77,Month-to-month,Fiber optic,Yes,No,No,No,Yes,No,No,Bank transfer,Yes,No,No,Yes,1
CUST-000154,11,86.28,1022.1,Two year,DSL,Yes,No,No,Yes,Yes,Yes,No,Electronic check,No,No,No,No,0
CUST-000155,7,113.94,849.68,Two year,Fiber optic,Yes,Yes,No,No,Yes,Yes,Yes,Electronic check,No,No,Yes,No,0
CUST-000156,69,68.84,4659.0,Two year,No,Yes,Yes,No,Yes,Yes,Yes,No,Credit card,No,No,No,No,0
CUST-000157,19,82.17,1557.21,Month-to-month,DSL,Yes,No,No,No,No,Yes,Yes,Bank transfer,Yes,No,Yes,No,0
CUST-000158,1,117.94,0.0,Month-to-month,Fiber optic,Yes,Yes,Yes,No,Yes,Yes,Yes,Electronic check,Yes,No,No,Yes,1
CUST-000159,2,115.93,202.78,One year,Fiber optic,No,Yes,Yes,No,Yes,Yes,Yes,Mailed check,Yes,No,No,No,0
CUST-000160,21,33.59,910.9,One year,No,Yes,No,No,Yes,No,Yes,No,Electronic check,No,No,Yes,No,0
CUST-000161,71,111.57,7884.99,Month-to-month,Fiber optic,Yes,Yes,Yes,No,No,Yes,No,Electronic check,No,No,Yes,No,0
CUST-000162,20,99.04,2043.49,Month-to-month,DSL,No,Yes,Yes,No,Yes,Yes,Yes,Credit card,No,No,Yes,No,1
CUST-000163,7,79.28,570.61,Two year,DSL,Yes,Yes,Yes,No,Yes,Yes,No,Bank transfer,Yes,No,Yes,No,0
CUST-000164,49,116.08,5316.69,Month-to-month,Fiber optic,No,Yes,Yes,No,Yes,Yes,No,Electronic check,No,No,Yes,No,0
CUST-000165,4,102.4,387.09,Month-to-month,Fiber optic,No,No,No,No,Yes,Yes,No,Bank transfer,Yes,No,Yes,No,1
CUST-000166,35,41.21,1684.81,Month-to-month,No,No,No,Yes,Yes,Yes,Yes,Yes,Credit card,No,No,Yes,No,1
CUST-000167,6,101.5,258.4,One year,Fiber optic,No,No,No,Yes,No,Yes,No,Credit card,Yes,Yes,Yes,No,1
CUST-000168,6,110.37,775.96,Month-to-month,Fiber optic,Yes,No,Yes,Yes,No,No,Yes,Mailed check,Yes,Yes,Yes,No,1
CUST-000169,26,102.94,2643.2,One year,Fiber optic,Yes,Yes,No,No,No,Yes,Yes,Credit card,Yes,No,No,No,0
CUST-000170,0,81.52,278.34,Month-to-month,DSL,No,No,No,Yes,Yes,Yes,Yes,Mailed check,Yes,No,No,No,1
CUST-000171,62,37.73,2369.64,Month-to-month,No,Yes,No,No,Yes,No,No,No,Credit card,Yes,No,No,No,0
CUST-000172,44,97.14,4182.31,Month-to-month,Fiber optic,Yes,No,No,No,No,Yes,Yes,Mailed check,Yes,No,No,Yes,1
CUST-000173,68,103.46,6947.39,Month-to-month,DSL,No,Yes,No,Yes,Yes,Yes,Yes,Credit card,Yes,No,Yes,No,0
CUST-000174,35,96.29,3188.97,Month-to-month,DSL,Yes,No,Yes,No,No,Yes,No,Electronic check,No,No,Yes,No,0
CUST-000175,40,96.71,3636.9,Month-to-month,Fiber optic,No,No,Yes,No,Yes,Yes,Yes,Mailed check,Yes,No,No,Yes,1
CUST-000176,43,100.91,4477.09,One year,Fiber optic,Yes,Yes,Yes,No,No,Yes,No,Credit card,Yes,No,Yes,Yes,0
CUST-000177,34,71.15,2571.44,Month-to-month,DSL,No,Yes,Yes,Yes,No,Yes,Yes,Bank transfer,Yes,No,No,No,1
CUST-000178,41,56.26,2184.17,Month-to-month,No,Yes,Yes,Yes,Yes,Yes,Yes,No,Credit card,Yes,No,Yes,No,0
CUST-000179,41,88.05,3645.04,Two year,Fiber optic,No,No,No,Yes,Yes,Yes,No,Mailed check,Yes,No,No,No,0
CUST-000180,65,73.51,4922.03,One year,DSL,Yes,Yes,No,No,Yes,Yes,No,Electronic check,Yes,No,No,No,0
CUST-000181,22,92.17,1839.93,Month-to-month,Fiber optic,No,Yes,No,No,Yes,Yes,No,Credit card,Yes,No,Yes,No,1
CUST-000182,67,106.8,6980.91,Month-to-month,Fiber optic,No,Yes,Yes,Yes,Yes,Yes,Yes,Mailed check,No,No,Yes,No,1
CUST-000183,12,18.0,244.75,Month-to-month,No,No,No,No,No,No,Yes,No,Electronic check,Yes,No,No,No,0
CUST-000184,13,136.78,1777.29,One year,Fiber optic,No,Yes,Yes,Yes,Yes,Yes,Yes,Mailed check,Yes,No,Yes,No,0
CUST-000185,18,70.94,1293.77,Month-to-month,DSL,Yes,No,Yes,Yes,No,Yes,No,Bank transfer,Yes,No,Yes,Yes,0
CUST-000186,68,103.99,7157.56,Two year,Fiber optic,Yes,No,Yes,Yes,No,Yes,No,Electronic check,Yes,No,Yes,No,0
CUST-000187,17,49.62,888.34,Month-to-month,No,Yes,No,No,Yes,No,Yes,Yes,Electronic check,No,No,No,No,1
CUST-000188,57,116.31,6670.26,Month-to-month,Fiber optic,Yes,No,No,Yes,Yes,Yes,No,Bank transfer,No,No,No,No,1
CUST-000189,42,123.95,5330.35,Month-to-month,Fiber optic,Yes,Yes,No,Yes,No,Yes,Yes,Credit card,No,No,Yes,Yes,0
CUST-000190,46,66.83,2812.89,One year,DSL,No,No,No,No,Yes,Yes,No,Bank transfer,No,No,Yes,No,0
CUST-000191,5,122.13,557.93,Month-to-month,Fiber optic,Yes,No,Yes,Yes,No,Yes,No,Bank transfer,Yes,No,Yes,No,1
CUST-000192,48,33.63,1510.71,Month-to-month,No,No,Yes,No,Yes,No,Yes,No,Credit card,Yes,No,Yes,No,0
CUST-000193,5,79.76,473.85,One year,Fiber optic,No,No,Yes,No,No,Yes,No,Electronic check,Yes,No,No,Yes,1
CUST-000194,39,86.49,3331.82,One year,DSL,Yes,No,Yes,Yes,Yes,Yes,Yes,Mailed check,Yes,No,No,No,0
CUST-000195,57,19.59,1082.17,Month-to-month,No,Yes,No,No,No,No,Yes,No,Bank transfer,Yes,No,Yes,Yes,0
CUST-000196,66,126.58,8154.64,One year,Fiber optic,Yes,Yes,Yes,No,Yes,No,Yes,Bank transfer,Yes,No,No,Yes,0
CUST-000197,72,113.8,8140.95,One year,Fiber optic,No,Yes,No,Yes,Yes,Yes,Yes,Credit card,No,No,No,No,1
CUST-000198,17,99.57,1899.41,One year,Fiber optic,No,No,No,Yes,Yes,No,No,Credit card,Yes,Yes,Yes,No,1
CUST-000199,56,77.02,4479.46,Month-to-month,No,No,No,Yes,Yes,Yes,Yes,Yes,Credit card,Yes,No,Yes,No,0
CUST-000200,43,108.92,4645.28,Two year,Fiber optic,No,Yes,Yes,No,Yes,No,No,Electronic check,Yes,No,Yes,No,0
CUST-000201,53,94.1,4998.02,One year,Fiber optic,No,Yes,No,No,No,Yes,Yes,Electronic check,No,No,No,No,0
CUST-000202,59,48.26,2833.23,Month-to-month,No,No,Yes,No,No,No,Yes,Yes,Electronic check,Yes,No,No,No,1
CUST-000203,34,64.49,1999.41,One year,No,No,No,Yes,Yes,Yes,Yes,No,Electronic check,No,No,No,Yes,0
CUST-000204,9,110.32,1282.76,One year,Fiber optic,Yes,No,No,No,Yes,Yes,No,Bank transfer,Yes,No,No,No,1
CUST-000205,57,97.85,5661.18,One year,Fiber optic,No,Yes,No,Yes,No,Yes,Yes,Electronic check,Yes,No,No,No,0
CUST-000206,44,114.98,4906.32,Month-to-month,Fiber optic,No,Yes,Yes,No,Yes,Yes,No,Bank transfer,No,No,No,No,1
CUST-000207,9,59.01,634.02,Month-to-month,DSL,No,No,No,No,Yes,Yes,Yes,Mailed check,Yes,No,No,No,1
CUST-000208,29,72.69,2140.02,One year,Fiber optic,No,No,Yes,No,No,Yes,No,Electronic check,Yes,Yes,Yes,No,0
CUST-000209,10,113.89,1008.27,Month-to-month,Fiber optic,Yes,Yes,No,No,Yes,Yes,No,Credit card,No,No,Yes,No,1
CUST-000210,55,109.59,6198.01,Month-to-month,DSL,No,Yes,Yes,Yes,Yes,No,Yes,Bank transfer,No,Yes,No,No,1
CUST-000211,24,72.0,1609.59,Two year,DSL,No,No,Yes,Yes,No,Yes,No,Credit card,No,No,Yes,No,0
CUST-000212,4,71.17,304.88,Month-to-month,No,Yes,No,No,Yes,No,Yes,No,Credit card,No,No,No,No,1
CUST-000213,20,108.27,2026.85,Month-to-month,Fiber optic,Yes,No,Yes,Yes,No,Yes,No,Bank transfer,Yes,No,No,Yes,1
CUST-000214,44,75.76,3592.07,Month-to-month,DSL,Yes,Yes,No,Yes,No,Yes,No,Mailed check,Yes,Yes,No,Yes,0
CUST-000215,43,108.25,4399.17,Two year,Fiber optic,Yes,Yes,Yes,No,Yes,Yes,Yes,Bank transfer,No,No,Yes,No,0
CUST-000216,62,71.63,4220.08,Month-to-month,No,Yes,No,Yes,No,Yes,Yes,Yes,Mailed check,Yes,Yes,Yes,Yes,1
CUST-000217,26,98.84,2748.54,Two year,Fiber optic,No,Yes,No,No,No,Yes,Yes,Bank transfer,Yes,No,Yes,No,1
CUST-000218,45,120.1,5559.61,Month-to-month,Fiber optic,No,No,No,Yes,No,Yes,Yes,Electronic check,Yes,No,No,No,1
CUST-000219,68,127.05,8725.21,One year,Fiber optic,Yes,Yes,Yes,No,Yes,Yes,No,Credit card,Yes,No,No,No,0
CUST-000220,23,57.57,1475.76,Month-to-month,DSL,No,No,No,No,Yes,Yes,Yes,Credit card,Yes,No,Yes,No,1
CUST-000221,2,96.03,275.59,Month-to-month,Fiber optic,Yes,No,Yes,No,No,Yes,No,Electronic check,Yes,No,No,No,1
CUST-000222,47,128.11,6023.03,Month-to-month,Fiber optic,Yes,Yes,Yes,Yes,No,Yes,Yes,Bank transfer,No,No,Yes,No,1
CUST-000223,43,58.55,2638.8,One year,No,No,Yes,No,No,Yes,Yes,Yes,Electronic check,No,Yes,Yes,No,0
CUST-000224,24,51.36,950.96,One year,No,No,Yes,Yes,No,No,No,No,Bank transfer,Yes,Yes,No,No,1
CUST-000225,41,97.38,3848.83,Month-to-month,Fiber optic,No,No,Yes,Yes,No,No,Yes,Bank transfer,Yes,No,Yes,No,0
CUST-000226,48,94.7,4252.13,Month-to-month,Fiber optic,No,No,Yes,Yes,No,Yes,No,Electronic check,No,Yes,Yes,No,1
CUST-000227,59,85.59,5054.23,One year,Fiber optic,No,No,Yes,Yes,No,Yes,Yes,Credit card,No,No,No,No,1
CUST-000228,9,72.37,501.6,Month-to-month,DSL,No,No,Yes,Yes,No,No,Yes,Mailed check,Yes,No,No,Yes,1
CUST-000229,34,67.36,2376.92,One year,No,Yes,Yes,No,Yes,No,Yes,Yes,Electronic check,No,No,No,No,0
CUST-000230,20,53.92,977.95,Month-to-month,DSL,No,No,No,No,No,No,No,Electronic check,No,No,No,No,1
CUST-000231,24,71.74,1771.44,Month-to-month,DSL,Yes,No,No,No,No,Yes,Yes,Bank transfer,Yes,No,Yes,Yes,0
CUST-000232,2,110.01,484.68,Month-to-month,Fiber optic,No,Yes,No,No,Yes,Yes,Yes,Electronic check,No,No,No,No,1
CUST-000233,30,73.33,2019.44,Month-to-month,Fiber optic,No,No,No,No,Yes,Yes,No,Electronic check,Yes,Yes,No,No,1
CUST-000234,6,71.92,439.72,Month-to-month,DSL,No,Yes,Yes,Yes,No,Yes,No,Mailed check,No,No,Yes,No,1
CUST-000235,67,111.26,7546.55,Month-to-month,Fiber optic,No,No,No,Yes,No,Yes,Yes,Electronic check,Yes,No,Yes,No,1
CUST-000236,40,72.42,2900.22,Month-to-month,DSL,No,No,Yes,Yes,No,Yes,Yes,Electronic check,Yes,No,Yes,No,1
CUST-000237,30,52.77,1665.93,Month-to-month,No,No,No,Yes,Yes,Yes,Yes,Yes,Electronic check,Yes,No,Yes,No,1
CUST-000238,16,52.2,843.92,Month-to-month,No,No,Yes,No,No,No,Yes,Yes,Credit card,Yes,No,Yes,No,1
CUST-000239,68,127.86,8564.83,Month-to-month,Fiber optic,Yes,No,Yes,Yes,Yes,Yes,Yes,Credit card,Yes,Yes,No,No,0
CUST-000240,37,56.09,2022.57,One year,DSL,No,Yes,Yes,No,No,Yes,No,Credit card,No,No,Yes,Yes,0
CUST-000241,71,47.16,3667.61,Month-to-month,No,No,No,Yes,No,Yes,Yes,Yes,Bank transfer,No,Yes,No,Yes,0
CUST-000242,48,80.68,3989.46,Two year,DSL,No,Yes,No,No,No,Yes,Yes,Credit card,Yes,No,Yes,No,0
CUST-000243,72,109.29,7931.26,Month-to-month,Fiber optic,No,Yes,No,Yes,No,Yes,Yes,Credit card,Yes,No,Yes,Yes,0
CUST-000244,64,98.89,6313.54,Month-to-month,Fiber optic,No,No,Yes,No,Yes,Yes,No,Credit card,No,No,No,Yes,0
CUST-000245,54,102.16,5566.28,One year,Fiber optic,No,No,No,No,Yes,Yes,Yes,Bank transfer,Yes,No,Yes,No,0
CUST-000246,25,50.06,1254.17,Month-to-month,DSL,No,No,No,No,No,Yes,No,Electronic check,Yes,No,No,No,0
CUST-000247,56,55.22,3403.77,Month-to-month,No,Yes,Yes,No,Yes,Yes,Yes,Yes,Electronic check,Yes,No,Yes,No,0
CUST-000248,23,68.38,1384.09,Month-to-month,DSL,No,Yes,No,No,No,No,No,Mailed check,Yes,No,No,No,1
CUST-000249,62,104.39,6399.05,Month-to-month,Fiber optic,Yes,Yes,Yes,No,Yes,Yes,Yes,Bank transfer,No,No,No,No,0
CUST-000250,22,103.03,2509.6,Two year,Fiber optic,Yes,No,No,Yes,No,No,Yes,Bank transfer,Yes,No,Yes,Yes,1
CUST-000251,5,61.82,322.67,One year,No,No,No,Yes,Yes,Yes,Yes,No,Credit card,Yes,No,No,No,0
CUST-000252,8,68.68,609.78,Month-to-month,DSL,Yes,No,No,No,No,Yes,Yes,Bank transfer,No,No,No,No,1
CUST-000253,33,49.85,1557.78,Month-to-month,No,Yes,No,Yes,No,No,Yes,Yes,Electronic check,No,No,Yes,Yes,0
CUST-000254,48,110.21,5486.52,One year,Fiber optic,Yes,No,No,Yes,Yes,No,No,Credit card,No,Yes,No,No,0
CUST-000255,21,126.25,2592.67,Month-to-month,Fiber optic,No,No,No,Yes,Yes,No,Yes,Electronic check,No,No,No,No,1
CUST-000256,59,89.42,5274.84,One year,Fiber optic,No,No,No,No,No,Yes,Yes,Electronic check,No,No,Yes,Yes,0
CUST-000257,18,53.11,1092.5,Month-to-month,DSL,No,No,Yes,No,No,Yes,Yes,Bank transfer,Yes,No,Yes,No,1
CUST-000258,34,87.83,2966.94,One year,Fiber optic,Yes,No,Yes,No,No,Yes,Yes,Credit card,Yes,No,Yes,No,0
CUST-000259,24,50.86,1259.51,Month-to-month,DSL,No,Yes,No,No,Yes,Yes,Yes,Credit card,No,No,Yes,Yes,1
CUST-000260,40,99.1,4026.91,Month-to-month,DSL,No,No,Yes,Yes,Yes,Yes,Yes,Bank transfer,No,No,No,No,0
CUST-000261,13,74.09,1085.41,Month-to-month,Fiber optic,No,Yes,No,No,No,Yes,Yes,Bank transfer,No,No,Yes,No,1
CUST-000262,69,39.91,2776.38,Month-to-month,No,No,No,Yes,No,No,Yes,Yes,Bank transfer,No,Yes,Yes,Yes,0
CUST-000263,67,77.23,5012.27,One year,DSL,Yes,No,No,No,No,Yes,Yes,Credit card,Yes,No,No,No,0
CUST-000264,51,92.95,4641.12,Two year,Fiber optic,No,No,No,Yes,No,Yes,No,Bank transfer,No,No,Yes,No,0
CUST-000265,38,110.72,4217.68,Two year,Fiber optic,Yes,Yes,Yes,No,No,No,No,Electronic check,Yes,No,Yes,No,0
CUST-000266,54,117.7,6236.2,Month-to-month,DSL,No,Yes,Yes,Yes,Yes,Yes,No,Credit card,Yes,No,No,No,0
CUST-000267,34,40.4,1291.21,Month-to-month,No,No,Yes,Yes,No,Yes,Yes,No,Electronic check,Yes,No,Yes,No,0
CUST-000268,64,86.2,5361.73,One year,Fiber optic,No,No,No,No,Yes,Yes,Yes,Mailed check,Yes,No,No,Yes,0
CUST-000269,4,85.35,396.16,One year,DSL,No,No,No,Yes,Yes,Yes,No,Credit card,Yes,No,No,No,0
CUST-000270,15,64.19,734.04,One year,DSL,No,Yes,Yes,No,No,No,Yes,Electronic check,Yes,Yes,No,No,0
CUST-000271,33,96.7,3129.55,Month-to-month,Fiber optic,Yes,Yes,No,No,Yes,Yes,No,Mailed check,Yes,No,No,No,1
CUST-000272,47,76.6,3821.88,One year,DSL,Yes,No,No,No,Yes,Yes,No,Credit card,No,Yes,Yes,No,0
CUST-000273,51,82.54,4353.65,Two year,DSL,Yes,Yes,No,Yes,Yes,Yes,Yes,Electronic check,Yes,No,No,No,1
CUST-000274,52,105.07,5379.74,Month-to-month,Fiber optic,Yes,No,Yes,Yes,No,Yes,Yes,Mailed check,Yes,Yes,No,Yes,1
CUST-000275,68,72.93,5039.36,Two year,DSL,No,No,Yes,Yes,No,No,Yes,Credit card,Yes,No,Yes,No,0
CUST-000276,61,48.64,3047.35,Month-to-month,No,No,No,No,No,Yes,Yes,Yes,Credit card,Yes,No,No,No,1
CUST-000277,66,45.87,2766.9,One year,No,No,No,No,No,No,Yes,Yes,Electronic check,No,No,No,No,0
CUST-000278,25,99.68,2834.0,Two year,Fiber optic,No,No,No,No,Yes,Yes,Yes,Electronic check,Yes,Yes,No,No,0
CUST-000279,50,81.07,3731.97,Two year,Fiber optic,No,Yes,Yes,No,No,No,Yes,Credit card,Yes,No,No,No,0
CUST-000280,50,24.63,1150.71,Month-to-month,No,No,Yes,No,No,Yes,No,No,Credit card,Yes,No,No,Yes,1
CUST-000281,44,111.63,5032.28,Two year,Fiber optic,Yes,Yes,No,No,Yes,Yes,No,Credit card,No,No,Yes,Yes,0
CUST-000282,44,86.28,3936.5,Month-to-month,Fiber optic,No,No,No,Yes,No,Yes,No,Credit card,Yes,No,No,No,1
CUST-000283,38,70.14,2711.29,Month-to-month,DSL,Yes,Yes,No,No,No,Yes,No,Electronic check,No,No,Yes,No,1
CUST-000284,29,128.93,3819.71,Month-to-month,Fiber optic,No,No,Yes,No,No,Yes,Yes,Bank transfer,Yes,No,Yes,No,1
CUST-000285,9,70.44,375.09,Month-to-month,DSL,No,Yes,No,Yes,No,Yes,Yes,Electronic check,Yes,No,Yes,No,1
CUST-000286,7,78.22,404.98,Month-to-month,DSL,No,No,No,Yes,Yes,Yes,No,Bank transfer,No,No,Yes,No,1
CUST-000287,0,35.77,49.8,Month-to-month,No,No,Yes,No,No,Yes,Yes,Yes,Bank transfer,Yes,No,Yes,No,0
CUST-000288,25,78.1,1882.29,Two year,No,Yes,No,No,Yes,Yes,Yes,No,Electronic check,No,Yes,No,No,0
CUST-000289,27,110.39,2966.73,Month-to-month,Fiber optic,Yes,No,Yes,No,Yes,Yes,No,Bank transfer,No,No,Yes,No,0
CUST-000290,70,57.09,3912.58,Two year,DSL,No,No,Yes,No,No,Yes,No,Credit card,No,Yes,Yes,Yes,0
CUST-000291,17,67.08,1252.78,Month-to-month,DSL,Yes,No,No,Yes,No,No,Yes,Electronic check,Yes,No,No,No,0
CUST-000292,15,91.06,967.01,Month-to-month,DSL,Yes,No,No,No,Yes,Yes,Yes,Bank transfer,Yes,No,Yes,No,0
CUST-000293,3,111.4,50.87,Two year,Fiber optic,Yes,Yes,No,No,No,Yes,No,Electronic check,Yes,Yes,Yes,No,1
CUST-000294,8,84.01,822.47,Month-to-month,DSL,No,Yes,No,No,No,Yes,Yes,Mailed check,Yes,No,Yes,No,1
CUST-000295,48,112.74,5459.98,Month-to-month,Fiber optic,Yes,Yes,No,No,Yes,Yes,Yes,Bank transfer,Yes,Yes,No,No,1
CUST-000296,26,67.94,1781.16,Two year,DSL,No,No,Yes,Yes,No,Yes,Yes,Mailed check,No,No,Yes,No,1
CUST-000297,45,101.0,4682.19,Month-to-month,Fiber optic,No,Yes,Yes,No,No,Yes,No,Electronic check,Yes,No,Yes,No,1
CUST-000298,7,47.54,432.01,One year,No,Yes,No,Yes,Yes,No,Yes,No,Credit card,Yes,No,Yes,Yes,0
CUST-000299,55,84.82,4728.91,One year,DSL,Yes,No,No,Yes,Yes,Yes,Yes,Electronic check,Yes,Yes,No,No,1
CUST-000300,19,70.88,1310.28,One year,DSL,Yes,Yes,No,Yes,No,Yes,No,Bank transfer,Yes,Yes,No,Yes,0
CUST-000301,4,123.51,23.57,Month-to-month,Fiber optic,Yes,Yes,Yes,No,Yes,Yes,Yes,Electronic check,Yes,No,Yes,Yes,1
CUST-000302,66,82.41,5430.31,Month-to-month,DSL,Yes,No,Yes,Yes,Yes,No,Yes,Bank transfer,Yes,No,Yes,No,0
CUST-000303,26,89.18,2750.37,Month-to-month,Fiber optic,Yes,No,No,No,No,Yes,No,Electronic check,No,No,Yes,Yes,1
CUST-000304,23,121.35,2340.54,One year,Fiber optic,No,Yes,No,No,Yes,Yes,Yes,Electronic check,Yes,Yes,No,Yes,1
CUST-000305,3,89.88,214.56,One year,Fiber optic,No,No,Yes,No,No,Yes,Yes,Bank transfer,Yes,No,No,Yes,1
CUST-000306,42,105.78,4276.5,One year,Fiber optic,No,No,Yes,Yes,Yes,Yes,Yes,Electronic check,Yes,No,No,No,0
CUST-000307,20,108.57,1846.17,Month-to-month,Fiber optic,No,No,Yes,No,Yes,Yes,No,Bank transfer,Yes,No,No,No,1
CUST-000308,17,104.89,1833.98,Two year,Fiber optic,No,No,No,Yes,No,Yes,Yes,Electronic check,Yes,Yes,No,Yes,1
CUST-000309,49,80.1,3978.36,Month-to-month,DSL,Yes,Yes,Yes,Yes,Yes,Yes,No,Credit card,Yes,Yes,Yes,Yes,0
CUST-000310,48,89.67,4146.97,Month-to-month,Fiber optic,No,No,Yes,No,No,Yes,Yes,Electronic check,No,No,Yes,No,1
CUST-000311,10,62.48,585.53,Two year,DSL,Yes,No,No,No,No,Yes,No,Mailed check,Yes,No,Yes,No,0
CUST-000312,9,85.82,831.92,One year,Fiber optic,No,No,No,Yes,Yes,Yes,No,Credit card,Yes,No,Yes,Yes,0
CUST-000313,17,106.11,1662.47,One year,Fiber optic,Yes,No,Yes,Yes,Yes,Yes,Yes,Bank transfer,Yes,No,Yes,No,0
CUST-000314,57,107.22,6032.52,Month-to-month,Fiber optic,No,No,Yes,No,Yes,Yes,No,Mailed check,No,No,No,No,1
CUST-000315,19,105.62,2221.2,One year,Fiber optic,No,Yes,No,Yes,Yes,No,Yes,Bank transfer,Yes,Yes,No,No,0
CUST-000316,30,111.66,3085.9,One year,Fiber optic,No,No,Yes,No,Yes,Yes,No,Credit card,Yes,No,No,No,1
CUST-000317,9,73.14,543.7,Month-to-month,DSL,No,Yes,Yes,No,No,Yes,Yes,Credit card,Yes,No,Yes,No,0
CUST-000318,13,89.9,936.19,One year,Fiber optic,No,Yes,Yes,No,No,Yes,Yes,Credit card,No,No,No,No,0
CUST-000319,48,47.4,2430.45,Month-to-month,No,No,No,No,Yes,Yes,Yes,No,Bank transfer,Yes,No,No,No,1
CUST-000320,55,55.5,3015.96,Month-to-month,No,Yes,No,Yes,Yes,No,Yes,No,Credit card,Yes,No,Yes,No,0
CUST-000321,63,63.11,4154.36,One year,DSL,Yes,No,No,No,No,Yes,No,Credit card,Yes,Yes,No,Yes,0
CUST-000322,40,61.47,2431.94,Month-to-month,DSL,No,Yes,No,Yes,Yes,Yes,Yes,Electronic check,Yes,Yes,Yes,No,1
CUST-000323,20,64.47,1414.19,Two year,DSL,No,No,No,Yes,No,Yes,Yes,Credit card,Yes,No,No,No,0
CUST-000324,31,86.34,2700.48,One year,Fiber optic,No,Yes,No,No,No,Yes,Yes,Electronic check,Yes,No,Yes,Yes,1
CUST-000325,11,91.84,1194.67,Month-to-month,Fiber optic,No,No,Yes,No,Yes,Yes,Yes,Bank transfer,Yes,No,Yes,No,1
CUST-000326,17,67.02,952.5,Month-to-month,Fiber optic,No,No,No,No,No,Yes,No,Credit card,Yes,No,Yes,No,1
CUST-000327,35,106.06,3613.67,Two year,Fiber optic,No,No,No,No,Yes,Yes,Yes,Mailed check,No,Yes,Yes,No,1
CUST-000328,57,81.48,4611.77,Month-to-month,DSL,No,Yes,Yes,Yes,Yes,Yes,No,Bank transfer,Yes,No,No,Yes,0
CUST-000329,18,109.72,2111.7,Two year,Fiber optic,Yes,Yes,No,No,Yes,No,No,Bank transfer,No,No,Yes,No,0
CUST-000330,26,129.66,3278.07,One year,Fiber optic,Yes,No,No,Yes,Yes,Yes,Yes,Bank transfer,No,No,Yes,Yes,0
CUST-000331,2,55.14,0.0,Two year,No,Yes,Yes,No,Yes,Yes,Yes,Yes,Electronic check,No,No,No,No,0
CUST-000332,3,62.78,345.35,Month-to-month,No,Yes,No,No,No,No,Yes,Yes,Mailed check,No,No,Yes,No,0
CUST-000333,39,90.88,3332.63,Month-to-month,Fiber optic,No,No,No,No,Yes,Yes,Yes,Mailed check,Yes,No,No,No,1
CUST-000334,70,51.02,3352.68,Month-to-month,No,Yes,Yes,Yes,No,Yes,Yes,No,Electronic check,Yes,No,Yes,No,0
CUST-000335,41,128.32,5446.58,One year,Fiber optic,Yes,Yes,Yes,Yes,Yes,Yes,Yes,Mailed check,No,No,Yes,No,0
CUST-000336,2,98.96,0.0,Month-to-month,DSL,Yes,Yes,No,Yes,No,Yes,Yes,Bank transfer,No,No,No,No,0
CUST-000337,41,42.46,1909.47,Month-to-month,No,Yes,No,No,Yes,No,Yes,No,Credit card,No,Yes,No,Yes,1
CUST-000338,8,108.98,865.1,Month-to-month,Fiber optic,No,No,Yes,Yes,Yes,Yes,Yes,Electronic check,Yes,No,Yes,Yes,1
CUST-000339,50,53.55,2689.96,Two year,DSL,No,No,Yes,No,Yes,Yes,No,Bank transfer,Yes,No,No,Yes,0
CUST-000340,34,101.92,3241.37,Month-to-month,Fiber optic,No,Yes,No,No,Yes,Yes,Yes,Credit card,Yes,Yes,Yes,Yes,1
CUST-000341,26,108.06,2794.26,Month-to-month,Fiber optic,Yes,Yes,Yes,No,Yes,Yes,Yes,Bank transfer,Yes,No,No,No,0
CUST-000342,15,91.36,1140.38,Two year,Fiber optic,No,No,Yes,No,Yes,Yes,Yes,Electronic check,Yes,Yes,Yes,No,0
CUST-000343,12,100.15,1098.22,Two year,Fiber optic,No,No,No,No,No,Yes,Yes,Credit card,Yes,No,Yes,No,1
CUST-000344,24,115.66,2717.61,One year,Fiber optic,No,No,No,Yes,Yes,Yes,No,Credit card,No,No,No,Yes,0
CUST-000345,32,85.69,2745.71,Month-to-month,DSL,No,No,Yes,Yes,No,Yes,Yes,Credit card,No,No,No,Yes,0
CUST-000346,41,54.12,2174.91,One year,DSL,No,No,No,Yes,No,No,No,Credit card,Yes,No,No,No,0
CUST-000347,50,100.8,5048.38,Two year,Fiber optic,No,No,Yes,Yes,No,Yes,Yes,Bank transfer,No,No,Yes,No,0
CUST-000348,69,106.03,7371.01,One year,Fiber optic,No,No,Yes,Yes,No,No,Yes,Bank transfer,Yes,No,No,No,0
CUST-000349,2,66.42,0.0,Two year,DSL,Yes,Yes,No,Yes,No,Yes,No,Credit card,Yes,Yes,No,No,0
CUST-000350,68,99.52,6903.16,Month-to-month,Fiber optic,No,No,No,Yes,Yes,Yes,No,Electronic check,Yes,No,Yes,No,1
CUST-000351,40,75.84,3154.29,Two year,DSL,Yes,No,No,Yes,Yes,Yes,Yes,Bank transfer,No,No,No,No,0
CUST-000352,5,139.27,806.89,Month-to-month,Fiber optic,Yes,Yes,Yes,Yes,Yes,Yes,Yes,Electronic check,No,No,No,No,1
CUST-000353,63,86.89,5670.67,Month-to-month,DSL,No,Yes,No,No,Yes,Yes,Yes,Electronic check,Yes,No,Yes,No,0
CUST-000354,62,105.79,6798.13,Two year,Fiber optic,Yes,No,No,No,No,No,Yes,Bank transfer,Yes,No,No,Yes,0
CUST-000355,21,114.46,2251.59,Two year,Fiber optic,No,Yes,Yes,No,No,Yes,Yes,Mailed check,Yes,No,Yes,Yes,0
CUST-000356,12,116.9,1232.11,Month-to-month,Fiber optic,No,No,No,No,Yes,Yes,No,Bank transfer,Yes,Yes,No,No,1
CUST-000357,21,64.91,1613.63,Month-to-month,DSL,Yes,No,Yes,No,Yes,Yes,No,Mailed check,No,Yes,Yes,Yes,0
CUST-000358,59,110.09,6601.22,One year,Fiber optic,No,Yes,Yes,Yes,No,Yes,No,Electronic check,Yes,No,No,No,0
CUST-000359,67,51.42,3329.17,One year,DSL,No,No,Yes,No,No,Yes,No,Mailed check,Yes,No,No,No,0
CUST-000360,21,72.5,1478.52,Month-to-month,DSL,No,Yes,No,No,Yes,Yes,No,Electronic check,Yes,No,Yes,No,1
CUST-000361,34,106.06,3679.99,One year,Fiber optic,No,No,Yes,Yes,Yes,Yes,No,Bank transfer,No,No,Yes,No,0
CUST-000362,52,98.62,4948.8,One year,DSL,No,Yes,No,Yes,Yes,Yes,Yes,Mailed check,Yes,No,No,No,0
CUST-000363,13,51.48,469.37,One year,No,No,Yes,Yes,Yes,No,Yes,Yes,Electronic check,Yes,No,No,No,0
CUST-000364,52,97.49,4681.95,Month-to-month,Fiber optic,Yes,No,No,No,No,Yes,No,Credit card,No,No,Yes,Yes,0
CUST-000365,16,116.97,1830.86,Month-to-month,Fiber optic,Yes,Yes,Yes,No,Yes,Yes,No,Electronic check,No,No,No,Yes,1
CUST-000366,62,95.48,5734.15,Month-to-month,DSL,No,Yes,Yes,Yes,Yes,Yes,No,Credit card,Yes,Yes,No,No,0
CUST-000367,9,71.73,382.92,One year,DSL,No,No,Yes,Yes,Yes,Yes,No,Credit card,Yes,Yes,Yes,Yes,0
CUST-000368,71,96.79,6880.98,Month-to-month,Fiber optic,Yes,No,Yes,No,Yes,Yes,No,Credit card,Yes,No,No,Yes,0
CUST-000369,52,45.56,2438.11,Two year,No,No,Yes,No,No,No,Yes,No,Credit card,Yes,No,No,No,0
CUST-000370,20,49.34,1223.49,Month-to-month,No,No,Yes,Yes,Yes,No,Yes,No,Electronic check,Yes,No,No,No,0
CUST-000371,58,61.99,3478.58,Month-to-month,DSL,Yes,No,Yes,Yes,No,Yes,No,Electronic check,Yes,No,No,No,0
CUST-000372,45,77.07,3661.07,Month-to-month,DSL,No,No,Yes,No,No,Yes,Yes,Electronic check,No,Yes,Yes,No,1
CUST-000373,34,100.1,3409.44,Two year,DSL,No,Yes,Yes,Yes,Yes,Yes,Yes,Bank transfer,No,Yes,Yes,No,1
CUST-000374,53,97.17,5383.61,Month-to-month,Fiber optic,Yes,No,No,No,Yes,Yes,No,Bank transfer,No,Yes,No,Yes,1
CUST-000375,50,86.73,4512.63,Month-to-month,DSL,Yes,Yes,No,Yes,Yes,Yes,Yes,Electronic check,No,No,No,No,0
CUST-000376,5,58.37,571.38,Month-to-month,No,No,Yes,No,Yes,No,Yes,No,Electronic check,No,No,No,No,1
CUST-000377,16,76.81,916.79,One year,DSL,No,No,No,No,Yes,Yes,No,Electronic check,Yes,No,Yes,Yes,0
CUST-000378,48,105.04,4852.67,Month-to-month,Fiber optic,Yes,Yes,Yes,No,No,Yes,No,Bank transfer,No,No,Yes,Yes,1
CUST-000379,29,55.31,1713.57,Two year,No,Yes,No,Yes,Yes,Yes,Yes,Yes,Electronic check,Yes,No,No,No,0
CUST-000380,23,55.36,1191.29,Month-to-month,No,No,No,Yes,Yes,Yes,Yes,No,Electronic check,No,No,No,No,0
CUST-000381,39,92.3,3811.97,Two year,Fiber optic,No,No,No,No,Yes,Yes,No,Mailed check,Yes,No,No,No,0
CUST-000382,11,69.28,574.95,Month-to-month,DSL,Yes,No,No,No,Yes,Yes,No,Credit card,Yes,No,No,No,0
CUST-000383,71,63.79,4764.55,One year,DSL,No,Yes,No,Yes,No,No,No,Mailed check,No,No,No,No,0
CUST-000384,40,105.4,4048.21,Month-to-month,Fiber optic,No,Yes,No,Yes,Yes,Yes,Yes,Bank transfer,Yes,No,No,No,1
CUST-000385,0,63.11,0.0,One year,DSL,Yes,No,No,No,No,Yes,Yes,Electronic check,Yes,No,Yes,Yes,0
CUST-000386,33,32.5,1151.32,Month-to-month,No,No,No,No,No,No,Yes,No,Bank transfer,Yes,No,Yes,No,0
CUST-000387,54,95.39,5063.7,Month-to-month,Fiber optic,No,Yes,No,Yes,No,Yes,No,Electronic check,Yes,No,Yes,No,1
CUST-000388,42,63.8,2613.56,Two year,No,Yes,No,Yes,Yes,Yes,Yes,Yes,Mailed check,Yes,No,No,Yes,0
CUST-000389,37,58.09,2007.53,Month-to-month,DSL,No,No,No,Yes,No,Yes,No,Electronic check,Yes,No,No,No,0
CUST-000390,46,92.28,4221.51,Two year,Fiber optic,Yes,No,No,Yes,Yes,No,Yes,Credit card,Yes,No,Yes,No,0
CUST-000391,1,77.07,68.27,Month-to-month,DSL,No,No,No,No,No,Yes,Yes,Credit card,Yes,No,No,Yes,1
CUST-000392,36,73.12,2699.7,Month-to-month,DSL,No,Yes,No,Yes,No,Yes,Yes,Electronic check,No,No,No,No,1
CUST-000393,29,62.9,1886.58,One year,DSL,No,Yes,Yes,Yes,Yes,Yes,Yes,Mailed check,No,No,Yes,Yes,0
CUST-000394,66,97.11,6364.46,Month-to-month,DSL,Yes,No,No,No,Yes,No,Yes,Bank transfer,Yes,No,No,No,0
CUST-000395,42,94.02,3845.3,Month-to-month,Fiber optic,Yes,No,Yes,No,No,Yes,No,Bank transfer,Yes,No,No,No,1
CUST-000396,12,62.58,558.31,Month-to-month,DSL,No,Yes,No,No,Yes,Yes,Yes,Electronic check,No,No,Yes,Yes,1
CUST-000397,62,68.93,4185.4,One year,DSL,No,No,Yes,No,No,Yes,Yes,Bank transfer,No,No,Yes,No,0
CUST-000398,21,71.11,1790.85,Month-to-month,DSL,No,Yes,Yes,Yes,Yes,Yes,Yes,Mailed check,Yes,No,Yes,No,0
CUST-000399,72,82.99,5953.66,Month-to-month,Fiber optic,No,Yes,No,No,Yes,Yes,No,Bank transfer,Yes,No,Yes,No,1
CUST-000400,26,49.63,1209.06,One year,No,Yes,No,Yes,No,Yes,Yes,Yes,Mailed check,No,No,No,No,0
CUST-000401,61,92.05,5628.61,Two year,DSL,No,Yes,No,Yes,No,Yes,Yes,Electronic check,Yes,No,No,Yes,0
CUST-000402,56,55.24,3173.61,Month-to-month,No,No,Yes,No,Yes,No,Yes,No,Electronic check,No,No,Yes,No,0
CUST-000403,52,50.96,2824.54,Month-to-month,No,No,Yes,Yes,No,No,Yes,Yes,Electronic check,Yes,Yes,Yes,No,0
CUST-000404,47,25.45,934.08,Two year,No,No,No,No,No,Yes,No,No,Bank transfer,Yes,Yes,No,Yes,0
CUST-000405,1,102.53,279.21,One year,Fiber optic,Yes,No,Yes,Yes,No,Yes,No,Mailed check,No,Yes,No,No,1
CUST-000406,15,96.79,1514.12,One year,DSL,Yes,Yes,No,Yes,No,Yes,Yes,Electronic check,No,No,Yes,Yes,0
CUST-000407,63,108.13,7005.71,Month-to-month,Fiber optic,No,No,No,Yes,No,Yes,Yes,Electronic check,Yes,Yes,Yes,No,1
CUST-000408,54,42.25,2146.26,Month-to-month,No,Yes,Yes,Yes,No,No,No,Yes,Electronic check,Yes,Yes,No,No,0
CUST-000409,33,93.17,2921.77,One year,Fiber optic,No,No,No,No,No,Yes,Yes,Bank transfer,Yes,No,Yes,Yes,0
CUST-000410,56,120.88,6731.62,One year,Fiber optic,Yes,Yes,Yes,Yes,Yes,Yes,Yes,Electronic check,Yes,No,Yes,No,0
CUST-000411,47,41.72,2223.96,One year,No,Yes,No,No,No,Yes,No,Yes,Electronic check,Yes,No,No,Yes,0
CUST-000412,56,108.69,6152.04,Month-to-month,Fiber optic,No,No,No,Yes,Yes,Yes,No,Bank transfer,Yes,No,Yes,No,1
CUST-000413,38,61.75,2106.45,Month-to-month,No,No,Yes,No,Yes,Yes,Yes,Yes,Electronic check,No,No,No,Yes,0
CUST-000414,5,101.52,603.37,One year,Fiber optic,Yes,Yes,No,Yes,No,Yes,No,Electronic check,No,No,Yes,No,0
CUST-000415,29,50.4,1324.74,One year,No,No,No,Yes,No,Yes,Yes,No,Electronic check,No,No,Yes,No,1
CUST-000416,15,63.65,1047.66,Two year,DSL,No,Yes,Yes,No,Yes,Yes,No,Credit card,Yes,No,No,No,0
CUST-000417,62,63.62,3906.94,Month-to-month,No,Yes,No,No,No,Yes,No,Yes,Electronic check,No,Yes,No,Yes,0
CUST-000418,65,90.91,5952.26,One year,Fiber optic,No,No,No,Yes,Yes,Yes,No,Electronic check,Yes,No,No,No,0
CUST-000419,14,124.56,1971.78,Month-to-month,Fiber optic,Yes,Yes,No,No,Yes,Yes,Yes,Mailed check,No,No,No,Yes,1
CUST-000420,64,34.0,2142.67,Month-to-month,No,No,No,Yes,No,No,No,Yes,Bank transfer,Yes,No,No,Yes,1
CUST-000421,24,112.11,2909.46,Month-to-month,Fiber optic,No,Yes,Yes,No,Yes,Yes,No,Electronic check,No,Yes,No,Yes,1
CUST-000422,15,59.57,699.43,Two year,No,Yes,Yes,No,Yes,No,Yes,Yes,Bank transfer,No,No,No,Yes,0
CUST-000423,19,87.95,1639.17,Month-to-month,DSL,No,Yes,No,No,Yes,Yes,No,Electronic check,No,No,No,Yes,0
CUST-000424,40,47.58,1790.55,Month-to-month,No,No,Yes,No,Yes,No,Yes,No,Bank transfer,Yes,No,No,No,1
CUST-000425,17,96.39,1689.45,Month-to-month,Fiber optic,No,Yes,No,No,No,Yes,No,Electronic check,No,No,Yes,No,1
CUST-000426,19,110.1,2081.92,Month-to-month,Fiber optic,Yes,Yes,Yes,No,Yes,Yes,No,Electronic check,Yes,No,Yes,No,0
CUST-000427,51,84.5,4307.39,One year,DSL,No,No,Yes,No,Yes,Yes,No,Mailed check,Yes,No,Yes,Yes,0
CUST-000428,30,102.54,2876.1,Two year,Fiber optic,No,Yes,No,No,Yes,Yes,Yes,Credit card,No,No,Yes,Yes,0
CUST-000429,50,114.32,5674.65,One year,Fiber optic,No,No,No,No,Yes,Yes,Yes,Mailed check,Yes,No,No,Yes,0
CUST-000430,1,100.97,0.0,Two year,Fiber optic,No,No,Yes,No,Yes,Yes,Yes,Electronic check,Yes,No,No,No,0
CUST-000431,7,99.85,930.8,Month-to-month,Fiber optic,No,Yes,No,No,No,Yes,No,Mailed check,Yes,No,No,Yes,1
CUST-000432,20,77.66,1544.1,Month-to-month,Fiber optic,No,No,Yes,No,No,No,No,Electronic check,No,No,No,Yes,1
CUST-000433,26,30.95,759.3,Month-to-month,No,Yes,No,Yes,No,No,Yes,Yes,Credit card,No,No,No,No,0
CUST-000434,19,95.92,1886.31,One year,Fiber optic,Yes,Yes,No,No,No,Yes,Yes,Bank transfer,No,No,No,Yes,1
CUST-000435,28,46.69,1177.34,Month-to-month,DSL,No,Yes,No,No,No,Yes,No,Electronic check,Yes,No,No,No,1
CUST-000436,67,95.21,6355.98,Month-to-month,Fiber optic,No,Yes,No,No,Yes,Yes,No,Electronic check,Yes,No,Yes,No,0
CUST-000437,33,130.86,4016.93,Month-to-month,Fiber optic,No,Yes,No,Yes,Yes,Yes,Yes,Credit card,Yes,No,No,No,1
CUST-000438,42,79.48,3471.4,One year,DSL,Yes,No,No,Yes,Yes,Yes,Yes,Electronic check,Yes,Yes,No,No,1
CUST-000439,57,106.87,6190.53,Month-to-month,Fiber optic,No,Yes,No,No,Yes,Yes,No,Credit card,Yes,No,Yes,No,1
CUST-000440,12,92.41,972.98,Month-to-month,Fiber optic,No,Yes,No,No,Yes,Yes,Yes,Bank transfer,Yes,No,No,No,1
CUST-000441,10,86.31,859.47,Month-to-month,Fiber optic,No,No,No,Yes,Yes,Yes,No,Mailed check,Yes,No,Yes,Yes,1
CUST-000442,31,66.92,2122.87,Month-to-month,DSL,No,No,Yes,No,No,Yes,No,Credit card,Yes,No,No,No,0
CUST-000443,45,56.55,2662.33,Month-to-month,No,Yes,No,No,Yes,Yes,Yes,Yes,Credit card,Yes,No,No,Yes,0
CUST-000444,35,104.22,3455.17,Month-to-month,Fiber optic,Yes,No,Yes,No,Yes,Yes,No,Bank transfer,No,No,Yes,No,1
CUST-000445,8,116.32,974.55,Two year,Fiber optic,Yes,Yes,Yes,No,Yes,Yes,Yes,Credit card,Yes,No,Yes,No,0
CUST-000446,46,117.94,5513.71,Two year,Fiber optic,Yes,Yes,Yes,Yes,Yes,Yes,Yes,Mailed check,No,Yes,No,No,0
CUST-000447,67,51.95,3442.76,One year,No,No,Yes,Yes,No,Yes,Yes,No,Electronic check,Yes,No,Yes,Yes,0
CUST-000448,38,131.62,4782.6,Two year,Fiber optic,No,No,Yes,Yes,Yes,Yes,Yes,Electronic check,No,Yes,No,No,0
CUST-000449,65,109.82,7017.2,Month-to-month,Fiber optic,No,No,Yes,Yes,Yes,Yes,No,Mailed check,No,No,Yes,No,0
CUST-000450,30,74.64,2358.94,Month-to-month,DSL,No,No,No,Yes,Yes,Yes,No,Electronic check,Yes,No,No,Yes,1
CUST-000451,29,99.96,3004.24,Two year,Fiber optic,No,No,No,No,Yes,Yes,No,Electronic check,Yes,No,Yes,No,0
CUST-000452,22,121.92,2571.6,Two year,Fiber optic,Yes,No,No,Yes,Yes,Yes,Yes,Bank transfer,Yes,No,Yes,No,1
CUST-000453,37,84.51,3264.48,Month-to-month,DSL,No,No,No,Yes,Yes,Yes,Yes,Bank transfer,Yes,Yes,Yes,No,0
CUST-000454,41,91.66,3746.56,Month-to-month,Fiber optic,No,No,Yes,No,No,Yes,No,Electronic check,No,No,Yes,No,1
CUST-000455,7,73.06,376.52,One year,DSL,No,No,Yes,Yes,Yes,Yes,No,Mailed check,No,No,No,No,0
CUST-000456,71,72.24,5273.22,Month-to-month,DSL,Yes,No,No,Yes,No,No,No,Electronic check,No,No,No,Yes,0
CUST-000457,11,87.88,1096.91,Two year,Fiber optic,Yes,No,No,No,No,Yes,Yes,Mailed check,Yes,No,Yes,Yes,0
CUST-000458,40,111.02,4293.73,Month-to-month,Fiber optic,Yes,No,Yes,Yes,No,Yes,No,Credit card,No,No,Yes,No,1
CUST-000459,22,129.93,3026.18,One year,Fiber optic,Yes,Yes,Yes,Yes,Yes,Yes,No,Bank transfer,Yes,No,Yes,Yes,0
CUST-000460,64,73.97,4389.24,Month-to-month,DSL,No,Yes,Yes,No,Yes,Yes,Yes,Electronic check,No,No,No,No,0
CUST-000461,47,121.98,6003.69,Month-to-month,Fiber optic,Yes,No,No,Yes,Yes,Yes,Yes,Bank transfer,Yes,No,No,No,1
CUST-000462,1,42.0,213.74,Two year,No,No,Yes,No,Yes,No,Yes,No,Electronic check,Yes,No,No,No,1
CUST-000463,1,82.19,59.33,Two year,DSL,No,No,Yes,Yes,Yes,Yes,No,Credit card,Yes,No,Yes,No,1
CUST-000464,14,80.71,1351.22,One year,DSL,Yes,No,Yes,Yes,No,Yes,Yes,Credit card,Yes,Yes,No,No,0
CUST-000465,59,50.79,2857.43,Two year,No,Yes,No,Yes,No,Yes,Yes,No,Credit card,No,No,No,No,0
CUST-000466,63,96.38,5915.86,Month-to-month,Fiber optic,No,No,No,Yes,Yes,Yes,No,Mailed check,Yes,Yes,Yes,Yes,1
CUST-000467,40,51.39,2109.51,One year,DSL,No,Yes,No,Yes,No,Yes,No,Bank transfer,Yes,No,Yes,No,0
CUST-000468,41,114.09,4967.13,Month-to-month,Fiber optic,No,Yes,Yes,Yes,Yes,Yes,No,Electronic check,No,No,No,No,1
CUST-000469,47,94.88,4373.13,Month-to-month,DSL,Yes,No,Yes,Yes,Yes,Yes,Yes,Mailed check,No,No,Yes,No,1
CUST-000470,35,96.8,3260.21,Month-to-month,Fiber optic,No,No,No,Yes,No,Yes,Yes,Bank transfer,Yes,No,No,No,1
CUST-000471,37,64.98,2465.98,Month-to-month,No,Yes,Yes,Yes,Yes,Yes,Yes,No,Electronic check,Yes,No,No,Yes,0
CUST-000472,26,87.75,2218.91,Month-to-month,DSL,Yes,Yes,No,Yes,No,Yes,Yes,Electronic check,Yes,No,Yes,No,1
CUST-000473,35,118.14,3840.69,Month-to-month,Fiber optic,No,Yes,Yes,Yes,No,Yes,No,Credit card,Yes,No,No,Yes,1
CUST-000474,21,20.66,288.62,Month-to-month,No,No,No,No,No,Yes,No,Yes,Bank transfer,No,Yes,Yes,Yes,1
CUST-000475,54,96.37,5370.51,One year,Fiber optic,Yes,No,No,No,Yes,Yes,No,Bank transfer,No,No,No,No,0
CUST-000476,49,119.99,5854.0,Two year,Fiber optic,No,No,Yes,No,Yes,Yes,No,Electronic check,Yes,No,No,No,0
CUST-000477,52,88.16,4458.33,Month-to-month,DSL,No,No,Yes,Yes,Yes,Yes,No,Bank transfer,No,No,No,No,0
CUST-000478,26,93.18,2407.96,One year,Fiber optic,No,No,No,Yes,No,Yes,No,Electronic check,Yes,No,No,No,0
CUST-000479,28,80.49,2290.74,Two year,DSL,No,No,No,Yes,Yes,Yes,No,Credit card,Yes,No,No,No,0
CUST-000480,31,122.62,3738.0,Month-to-month,Fiber optic,No,Yes,No,Yes,Yes,Yes,Yes,Mailed check,Yes,No,No,No,1
CUST-000481,43,64.22,2821.92,Two year,DSL,No,No,Yes,Yes,No,Yes,No,Electronic check,No,Yes,No,Yes,0
CUST-000482,56,93.74,5268.86,Two year,Fiber optic,No,Yes,No,Yes,No,Yes,Yes,Electronic check,Yes,No,Yes,Yes,0
CUST-000483,0,71.24,295.03,Month-to-month,DSL,No,No,No,Yes,No,Yes,Yes,Credit card,No,No,No,Yes,1
CUST-000484,69,93.93,5954.73,One year,Fiber optic,Yes,No,Yes,No,No,Yes,Yes,Mailed check,No,No,Yes,Yes,0
CUST-000485,62,81.14,5157.39,Two year,Fiber optic,No,No,No,No,No,Yes,No,Mailed check,No,No,Yes,No,0
CUST-000486,72,114.47,8519.87,One year,Fiber optic,No,Yes,No,Yes,No,No,Yes,Bank transfer,No,No,Yes,No,0
CUST-000487,20,108.95,2197.15,Month-to-month,Fiber optic,Yes,No,Yes,No,No,Yes,Yes,Credit card,No,Yes,Yes,No,1
CUST-000488,35,94.53,3403.08,One year,Fiber optic,No,No,Yes,No,Yes,No,Yes,Electronic check,No,No,No,No,0
CUST-000489,39,114.83,4380.15,Month-to-month,Fiber optic,Yes,Yes,No,Yes,No,Yes,Yes,Mailed check,No,No,No,No,0
CUST-000490,10,107.62,1150.94,Month-to-month,Fiber optic,No,Yes,No,Yes,Yes,Yes,Yes,Credit card,Yes,No,No,No,1
CUST-000491,26,108.59,2987.07,One year,Fiber optic,Yes,No,No,Yes,No,Yes,No,Bank transfer,Yes,No,Yes,No,0
CUST-000492,1,131.81,100.07,Month-to-month,Fiber optic,Yes,Yes,Yes,Yes,Yes,Yes,Yes,Electronic check,No,No,Yes,No,1
CUST-000493,8,85.34,457.22,One year,Fiber optic,No,No,Yes,Yes,No,Yes,No,Electronic check,Yes,No,Yes,No,1
CUST-000494,36,94.02,3483.45,Month-to-month,DSL,Yes,Yes,No,Yes,No,Yes,No,Electronic check,Yes,No,No,No,0
CUST-000495,23,87.87,2259.47,Month-to-month,Fiber optic,Yes,No,No,Yes,No,Yes,No,Credit card,Yes,No,Yes,No,1
CUST-000496,5,75.34,277.56,Month-to-month,DSL,No,Yes,Yes,Yes,No,Yes,Yes,Electronic check,No,No,No,No,1
CUST-000497,60,83.59,5253.67,Month-to-month,DSL,Yes,No,No,Yes,Yes,Yes,No,Mailed check,No,No,Yes,No,0
CUST-000498,8,71.78,547.25,Two year,DSL,No,No,No,No,Yes,Yes,No,Electronic check,No,No,Yes,No,0
CUST-000499,16,120.65,2088.88,One year,Fiber optic,Yes,No,No,No,Yes,Yes,Yes,Bank transfer,Yes,No,No,No,1
CUST-000500,17,36.14,751.03,Two year,No,No,Yes,No,No,No,Yes,No,Electronic check,Yes,No,Yes,No,0
CUST-000501,37,77.34,2958.5,Two year,DSL,No,No,No,Yes,Yes,Yes,No,Bank transfer,Yes,No,Yes,No,0
CUST-000502,72,70.05,4944.79,One year,No,No,Yes,Yes,Yes,Yes,Yes,Yes,Electronic check,Yes,No,No,No,0
CUST-000503,2,123.17,122.28,Month-to-month,Fiber optic,Yes,Yes,Yes,Yes,Yes,Yes,Yes,Mailed check,Yes,No,Yes,No,1
CUST-000504,11,100.95,1258.72,One year,Fiber optic,Yes,Yes,Yes,No,Yes,Yes,No,Bank transfer,Yes,No,Yes,No,0
CUST-000505,24,116.88,2835.01,Month-to-month,Fiber optic,Yes,Yes,Yes,Yes,No,Yes,Yes,Mailed check,Yes,Yes,No,No,1
CUST-000506,8,122.0,1267.45,One year,Fiber optic,Yes,Yes,Yes,Yes,Yes,Yes,No,Mailed check,No,No,Yes,Yes,1
CUST-000507,0,77.66,12.19,Month-to-month,DSL,Yes,No,No,Yes,No,Yes,Yes,Bank transfer,No,No,No,Yes,1
CUST-000508,66,106.48,7174.49,Month-to-month,Fiber optic,Yes,No,No,Yes,No,Yes,Yes,Electronic check,Yes,Yes,No,No,1
CUST-000509,16,111.46,1513.9,Month-to-month,Fiber optic,Yes,Yes,No,No,Yes,Yes,No,Bank transfer,No,Yes,No,No,1
CUST-000510,45,29.49,1443.1,Month-to-month,No,No,No,Yes,No,No,Yes,No,Electronic check,Yes,No,No,No,0
CUST-000511,64,22.3,1490.67,One year,No,No,No,Yes,Yes,No,Yes,Yes,Credit card,No,No,No,No,0
CUST-000512,54,137.08,7422.16,Month-to-month,Fiber optic,Yes,Yes,No,Yes,Yes,Yes,No,Bank transfer,No,Yes,No,Yes,1
CUST-000513,3,82.42,218.79,Two year,No,No,Yes,Yes,Yes,Yes,Yes,No,Credit card,No,Yes,No,No,0
CUST-000514,25,109.65,2714.58,Month-to-month,Fiber optic,Yes,No,No,Yes,No,Yes,Yes,Bank transfer,Yes,No,No,No,1
CUST-000515,3,98.63,334.38,Month-to-month,Fiber optic,No,No,Yes,Yes,No,Yes,Yes,Electronic check,Yes,No,No,No,1
CUST-000516,68,90.35,5930.11,Month-to-month,Fiber optic,No,No,No,No,No,Yes,Yes,Bank transfer,No,No,No,No,1
CUST-000517,33,106.77,3346.6,Month-to-month,Fiber optic,No,No,Yes,Yes,Yes,Yes,No,Electronic check,Yes,No,Yes,Yes,1
CUST-000518,71,74.83,5081.18,Month-to-month,DSL,No,No,No,No,No,Yes,Yes,Electronic check,Yes,No,No,No,1
CUST-000519,29,83.94,2640.66,Month-to-month,Fiber optic,Yes,No,No,Yes,No,Yes,No,Mailed check,Yes,No,Yes,No,0
CUST-000520,40,98.72,3841.53,Month-to-month,Fiber optic,Yes,No,No,Yes,Yes,Yes,No,Electronic check,Yes,No,No,No,1
CUST-000521,4,101.97,123.32,One year,Fiber optic,No,Yes,Yes,No,No,Yes,No,Credit card,Yes,No,Yes,Yes,1
CUST-000522,72,67.41,4867.22,Month-to-month,DSL,No,Yes,No,No,No,Yes,Yes,Electronic check,No,No,Yes,Yes,0
CUST-000523,62,82.73,5129.47,Month-to-month,Fiber optic,No,No,No,No,No,Yes,Yes,Electronic check,No,No,Yes,No,1
CUST-000524,36,130.8,4621.58,Month-to-month,Fiber optic,Yes,Yes,Yes,Yes,No,Yes,Yes,Credit card,No,Yes,Yes,No,0
CUST-000525,16,52.66,763.06,Month-to-month,No,Yes,Yes,Yes,No,Yes,Yes,No,Mailed check,Yes,No,No,No,1
CUST-000526,32,66.81,2217.02,One year,DSL,Yes,Yes,No,No,Yes,No,No,Electronic check,Yes,No,No,No,0
CUST-000527,31,102.11,3222.45,Month-to-month,Fiber optic,Yes,Yes,No,No,No,Yes,No,Electronic check,No,Yes,No,No,1
CUST-000528,57,63.8,3656.46,Two year,DSL,No,No,No,Yes,Yes,No,No,Mailed check,Yes,No,Yes,No,0
CUST-000529,21,86.63,2092.87,Month-to-month,Fiber optic,No,No,No,No,Yes,No,No,Electronic check,No,No,No,Yes,1
CUST-000530,47,56.79,2781.66,One year,DSL,No,No,No,Yes,No,Yes,Yes,Credit card,Yes,No,Yes,No,0
CUST-000531,59,111.97,6307.65,One year,Fiber optic,No,No,Yes,No,No,Yes,Yes,Credit card,No,No,Yes,No,0
CUST-000532,14,90.2,1218.64,One year,Fiber optic,No,No,Yes,No,Yes,Yes,No,Credit card,No,No,No,No,0
CUST-000533,56,40.06,2089.38,One year,DSL,No,No,Yes,No,No,Yes,Yes,Electronic check,Yes,No,Yes,No,0
CUST-000534,37,61.83,2102.93,Month-to-month,DSL,No,No,Yes,No,No,Yes,No,Bank transfer,Yes,No,Yes,Yes,0
CUST-000535,14,59.1,996.4,Month-to-month,No,Yes,Yes,No,Yes,Yes,Yes,No,Mailed check,Yes,Yes,No,No,0
CUST-000536,1,55.92,244.33,Month-to-month,DSL,No,No,No,No,No,No,No,Mailed check,No,No,No,Yes,1
CUST-000537,64,76.33,4766.14,Month-to-month,DSL,No,No,No,Yes,Yes,Yes,No,Credit card,No,No,No,No,0
CUST-000538,63,101.9,6450.95,Two year,Fiber optic,Yes,Yes,No,Yes,No,Yes,No,Bank transfer,No,No,No,Yes,0
CUST-000539,4,87.97,350.68,Month-to-month,DSL,Yes,Yes,Yes,No,Yes,Yes,No,Electronic check,Yes,No,No,Yes,1
CUST-000540,39,124.23,4705.53,Two year,Fiber optic,Yes,No,No,Yes,Yes,Yes,Yes,Bank transfer,Yes,No,No,Yes,1
CUST-000541,6,89.52,607.12,Month-to-month,Fiber optic,No,No,No,No,Yes,No,Yes,Mailed check,Yes,No,No,No,1
CUST-000542,3,83.75,0.0,Two year,DSL,No,Yes,Yes,No,Yes,Yes,Yes,Mailed check,No,No,Yes,No,0
CUST-000543,4,74.41,189.17,Two year,DSL,No,Yes,Yes,No,No,Yes,Yes,Mailed check,Yes,No,No,No,0
CUST-000544,68,90.05,6185.85,Month-to-month,Fiber optic,Yes,No,Yes,Yes,No,Yes,No,Bank transfer,Yes,No,Yes,No,0
CUST-000545,37,96.57,3442.37,One year,Fiber optic,No,No,No,Yes,Yes,Yes,Yes,Bank transfer,Yes,No,No,Yes,1
CUST-000546,72,118.28,8629.78,Two year,Fiber optic,Yes,Yes,Yes,No,Yes,No,Yes,Credit card,No,No,No,No,0
CUST-000547,56,45.64,2621.55,Month-to-month,DSL,No,No,No,No,No,Yes,Yes,Mailed check,Yes,No,No,No,1
CUST-000548,53,74.53,4055.23,Month-to-month,DSL,No,Yes,No,Yes,Yes,Yes,No,Mailed check,Yes,No,No,No,0
CUST-000549,7,134.68,814.65,One year,Fiber optic,Yes,No,Yes,Yes,Yes,Yes,Yes,Mailed check,Yes,No,Yes,No,1
CUST-000550,31,59.75,1766.31,Month-to-month,DSL,No,No,Yes,No,No,Yes,No,Credit card,Yes,No,Yes,No,1
CUST-000551,41,83.45,3268.95,One year,DSL,No,Yes,Yes,No,Yes,Yes,Yes,Mailed check,No,No,No,No,0
CUST-000552,43,53.36,2174.17,Month-to-month,DSL,Yes,No,No,No,Yes,Yes,No,Bank transfer,Yes,No,No,Yes,0
CUST-000553,10,115.84,1455.03,Two year,Fiber optic,No,No,Yes,Yes,Yes,Yes,No,Mailed check,Yes,Yes,No,Yes,1
CUST-000554,0,59.31,187.21,Month-to-month,DSL,No,No,Yes,Yes,No,Yes,Yes,Electronic check,Yes,No,Yes,No,1
CUST-000555,44,96.51,4518.92,Month-to-month,Fiber optic,Yes,Yes,No,No,No,Yes,No,Bank transfer,Yes,No,No,No,1
CUST-000556,7,111.34,472.57,One year,Fiber optic,No,No,No,Yes,No,Yes,Yes,Credit card,No,No,No,Yes,1
CUST-000557,68,35.35,2259.05,Month-to-month,No,Yes,No,Yes,No,No,Yes,No,Credit card,No,No,Yes,No,0
CUST-000558,24,93.63,2217.69,Two year,Fiber optic,No,Yes,No,No,No,Yes,No,Electronic check,No,No,No,No,1
CUST-000559,67,70.64,4623.5,Month-to-month,No,No,No,Yes,Yes,Yes,Yes,Yes,Mailed check,No,Yes,Yes,No,1
CUST-000560,30,79.26,2592.57,Month-to-month,Fiber optic,Yes,No,No,No,No,Yes,Yes,Credit card,No,No,Yes,No,0
CUST-000561,30,109.73,3421.35,One year,Fiber optic,No,No,No,No,Yes,Yes,Yes,Mailed check,Yes,No,No,No,0
CUST-000562,55,56.46,3094.89,One year,DSL,Yes,No,No,No,No,Yes,Yes,Electronic check,Yes,Yes,Yes,No,0
CUST-000563,65,131.2,8473.53,Month-to-month,Fiber optic,Yes,Yes,No,Yes,Yes,Yes,Yes,Electronic check,No,No,Yes,No,1
CUST-000564,12,43.79,455.66,Month-to-month,No,No,No,Yes,No,Yes,Yes,Yes,Credit card,Yes,No,No,Yes,0
CUST-000565,32,98.43,3499.55,Month-to-month,DSL,Yes,Yes,Yes,Yes,Yes,Yes,No,Bank transfer,Yes,No,No,No,0
CUST-000566,8,107.87,903.75,Month-to-month,Fiber optic,No,No,Yes,No,Yes,Yes,No,Electronic check,No,No,No,No,1
CUST-000567,51,88.93,4402.63,Two year,DSL,Yes,No,No,Yes,No,Yes,Yes,Electronic check,Yes,No,No,No,0
CUST-000568,50,27.95,1617.27,Two year,No,Yes,Yes,No,No,No,Yes,No,Bank transfer,No,Yes,No,Yes,0
CUST-000569,10,91.35,961.35,Month-to-month,Fiber optic,No,Yes,No,No,No,Yes,No,Bank transfer,Yes,No,Yes,No,1
CUST-000570,64,57.13,3413.26,Two year,No,No,Yes,No,No,Yes,Yes,No,Bank transfer,No,No,Yes,No,0
CUST-000571,71,110.01,7805.25,Month-to-month,Fiber optic,No,Yes,Yes,No,Yes,Yes,Yes,Electronic check,Yes,Yes,No,No,0
CUST-000572,64,69.8,4593.6,One year,DSL,Yes,No,No,Yes,No,Yes,Yes,Electronic check,Yes,Yes,Yes,No,1
CUST-000573,58,87.92,5053.85,Month-to-month,DSL,No,No,Yes,Yes,Yes,Yes,No,Mailed check,Yes,No,Yes,No,1
CUST-000574,54,48.65,2410.21,Month-to-month,No,Yes,No,No,Yes,Yes,Yes,Yes,Credit card,No,No,No,No,0
CUST-000575,20,85.25,1770.98,Month-to-month,DSL,No,Yes,Yes,Yes,Yes,Yes,Yes,Bank transfer,Yes,No,No,No,1
CUST-000576,71,101.79,6899.05,Month-to-month,Fiber optic,No,No,No,No,Yes,Yes,Yes,Electronic check,No,No,No,No,1
CUST-000577,22,102.39,2172.87,Month-to-month,Fiber optic,Yes,Yes,Yes,Yes,No,Yes,Yes,Electronic check,Yes,No,No,No,1
CUST-000578,38,35.2,1318.29,Two year,No,Yes,No,No,Yes,No,Yes,No,Credit card,Yes,No,No,Yes,0
CUST-000579,51,93.26,4772.27,Month-to-month,DSL,Yes,Yes,Yes,Yes,No,Yes,Yes,Bank transfer,No,No,No,Yes,1
CUST-000580,56,109.29,6052.81,Two year,Fiber optic,Yes,No,Yes,Yes,Yes,Yes,Yes,Bank transfer,Yes,No,No,Yes,0
CUST-000581,23,35.02,1037.27,Two year,No,No,No,Yes,Yes,No,Yes,No,Electronic check,Yes,No,No,No,0
CUST-000582,30,80.6,2511.99,Month-to-month,Fiber optic,No,Yes,No,No,Yes,No,No,Bank transfer,Yes,No,No,No,0
CUST-000583,34,79.51,2575.24,Month-to-month,Fiber optic,No,No,No,No,Yes,Yes,Yes,Electronic check,Yes,No,Yes,No,0
CUST-000584,25,117.68,3101.58,One year,Fiber optic,No,Yes,Yes,Yes,Yes,Yes,No,Bank transfer,Yes,No,Yes,Yes,0
CUST-000585,23,89.74,1945.73,Month-to-month,Fiber optic,No,No,No,Yes,Yes,Yes,No,Credit card,No,No,Yes,No,1
CUST-000586,66,90.5,5937.03,Month-to-month,Fiber optic,No,No,No,No,Yes,Yes,No,Electronic check,Yes,No,Yes,No,1
CUST-000587,17,62.75,1260.91,Month-to-month,DSL,Yes,Yes,No,Yes,No,Yes,No,Credit card,No,No,Yes,No,1
CUST-000588,31,71.36,2292.62,Month-to-month,DSL,No,No,Yes,Yes,No,Yes,Yes,Bank transfer,No,No,Yes,Yes,1
CUST-000589,10,73.13,523.89,Month-to-month,Fiber optic,No,No,No,No,Yes,Yes,No,Credit card,No,No,Yes,No,1
CUST-000590,54,43.58,2527.57,Month-to-month,No,No,Yes,No,Yes,No,Yes,No,Bank transfer,No,No,Yes,No,0
CUST-000591,58,28.81,1916.52,Two year,No,Yes,No,No,Yes,No,Yes,No,Bank transfer,Yes,No,No,No,0
CUST-000592,36,112.72,4006.24,One year,Fiber optic,No,No,No,No,Yes,Yes,No,Bank transfer,Yes,No,Yes,No,0
CUST-000593,4,71.88,173.64,Month-to-month,DSL,No,No,Yes,Yes,No,Yes,Yes,Bank transfer,No,No,No,No,1
CUST-000594,8,60.93,468.59,One year,DSL,Yes,No,No,No,No,Yes,No,Electronic check,No,No,No,No,0
CUST-000595,18,83.55,1365.18,Two year,DSL,Yes,No,Yes,No,No,Yes,No,Electronic check,No,No,No,No,1
CUST-000596,9,74.66,688.72,One year,DSL,Yes,Yes,Yes,No,No,Yes,Yes,Mailed check,No,No,No,No,1
CUST-000597,16,31.7,551.75,Two year,No,No,No,Yes,No,Yes,Yes,No,Credit card,Yes,No,No,No,0
CUST-000598,37,42.22,1493.82,Month-to-month,No,No,No,Yes,Yes,No,Yes,No,Credit card,Yes,No,Yes,No,0
CUST-000599,42,111.66,4466.57,One year,Fiber optic,No,No,Yes,No,Yes,Yes,No,Bank transfer,Yes,No,No,No,1
CUST-000600,51,62.23,3120.61,Month-to-month,No,Yes,No,No,Yes,Yes,Yes,No,Credit card,Yes,No,Yes,No,0
CUST-000601,68,70.03,4613.37,Month-to-month,DSL,No,No,No,No,Yes,Yes,No,Electronic check,No,No,Yes,Yes,0
CUST-000602,54,80.27,4709.59,One year,DSL,No,No,No,No,Yes,Yes,Yes,Mailed check,No,No,No,No,0
CUST-000603,34,51.68,1969.92,Month-to-month,No,Yes,No,No,Yes,No,Yes,Yes,Bank transfer,Yes,No,No,Yes,0
CUST-000604,24,95.71,2494.62,Month-to-month,Fiber optic,Yes,No,Yes,No,No,Yes,Yes,Mailed check,Yes,No,Yes,Yes,0
CUST-000605,63,41.46,2366.67,One year,No,Yes,No,No,No,No,Yes,Yes,Bank transfer,No,No,Yes,No,0
CUST-000606,0,110.0,0.0,Two year,Fiber optic,No,Yes,No,No,Yes,Yes,Yes,Mailed check,Yes,No,Yes,No,1
CUST-000607,53,59.58,3362.43,One year,DSL,No,No,No,Yes,Yes,Yes,Yes,Electronic check,No,No,No,No,1
CUST-000608,38,75.98,2897.57,Two year,DSL,Yes,No,No,Yes,Yes,Yes,No,Electronic check,Yes,No,Yes,No,0
CUST-000609,35,89.45,3243.83,Month-to-month,Fiber optic,Yes,Yes,No,No,No,Yes,No,Credit card,Yes,Yes,No,Yes,1
CUST-000610,13,67.39,875.98,Month-to-month,DSL,No,Yes,Yes,No,Yes,Yes,No,Electronic check,Yes,No,No,No,1
CUST-000611,20,108.82,1942.65,Month-to-month,Fiber optic,No,Yes,Yes,Yes,Yes,Yes,No,Bank transfer,No,No,Yes,No,1
CUST-000612,23,96.04,2329.52,Month-to-month,Fiber optic,No,Yes,Yes,Yes,No,Yes,No,Electronic check,No,No,Yes,No,1
CUST-000613,3,95.41,358.9,Month-to-month,DSL,Yes,No,No,Yes,Yes,Yes,No,Credit card,Yes,No,No,No,1
CUST-000614,41,103.64,4036.7,Month-to-month,Fiber optic,Yes,No,No,No,Yes,Yes,Yes,Mailed check,Yes,No,Yes,No,0
CUST-000615,41,57.03,2209.25,Two year,DSL,Yes,No,Yes,No,No,Yes,No,Electronic check,Yes,No,Yes,No,0
CUST-000616,28,42.44,1509.9,Month-to-month,No,Yes,No,No,No,No,No,Yes,Electronic check,Yes,No,No,Yes,0
CUST-000617,65,47.27,3517.62,Month-to-month,No,No,Yes,No,No,Yes,Yes,No,Mailed check,No,No,No,No,0
CUST-000618,33,71.97,2600.78,Two year,No,No,Yes,Yes,Yes,Yes,Yes,Yes,Electronic check,No,No,Yes,No,0
CUST-000619,5,107.85,793.02,Two year,Fiber optic,Yes,No,No,Yes,No,No,No,Credit card,Yes,No,Yes,No,1
CUST-000620,3,58.28,0.0,Month-to-month,No,Yes,No,No,Yes,No,Yes,Yes,Credit card,Yes,No,Yes,No,1
CUST-000621,26,52.3,1492.8,One year,DSL,No,Yes,No,No,No,Yes,No,Mailed check,Yes,No,No,Yes,0
CUST-000622,13,107.19,1286.0,Two year,Fiber optic,No,No,Yes,No,No,Yes,Yes,Credit card,Yes,No,Yes,No,0
CUST-000623,62,108.22,6634.48,Month-to-month,Fiber optic,No,No,No,Yes,No,Yes,Yes,Electronic check,No,No,Yes,Yes,1
CUST-000624,61,28.41,1899.65,Month-to-month,No,Yes,Yes,No,No,No,Yes,No,Credit card,Yes,No,Yes,No,0
CUST-000625,70,77.58,5584.73,One year,DSL,No,Yes,No,No,Yes,Yes,Yes,Electronic check,No,Yes,Yes,No,1
CUST-000626,37,123.04,4390.39,One year,Fiber optic,No,Yes,No,No,No,Yes,Yes,Credit card,Yes,No,No,No,1
CUST-000627,35,59.67,1869.82,Two year,DSL,Yes,Yes,No,No,No,Yes,Yes,Mailed check,No,No,No,No,0
CUST-000628,64,96.29,6371.68,Month-to-month,Fiber optic,No,No,Yes,Yes,Yes,Yes,Yes,Electronic check,Yes,No,No,No,1
CUST-000629,46,110.43,5109.73,Month-to-month,Fiber optic,No,No,Yes,Yes,Yes,Yes,No,Bank transfer,No,No,No,No,1
CUST-000630,62,89.4,5473.57,Two year,DSL,Yes,No,No,Yes,Yes,Yes,Yes,Electronic check,Yes,No,No,No,0
CUST-000631,14,68.73,862.93,Month-to-month,DSL,Yes,Yes,Yes,No,No,Yes,No,Electronic check,Yes,No,Yes,No,0
CUST-000632,14,110.84,1435.72,One year,Fiber optic,Yes,No,No,Yes,Yes,Yes,No,Bank transfer,No,No,Yes,No,1
CUST-000633,4,90.56,348.99,Two year,Fiber optic,No,Yes,Yes,No,Yes,No,No,Credit card,Yes,No,Yes,Yes,0
CUST-000634,29,68.29,2028.58,Month-to-month,No,Yes,Yes,Yes,Yes,Yes,Yes,No,Bank transfer,Yes,Yes,No,Yes,0
CUST-000635,57,78.01,4416.14,Month-to-month,DSL,No,No,No,Yes,No,Yes,Yes,Mailed check,Yes,No,Yes,Yes,0
CUST-000636,38,46.02,1660.09,Month-to-month,No,Yes,No,Yes,No,No,Yes,Yes,Electronic check,Yes,No,Yes,No,1
CUST-000637,40,113.58,4609.58,Month-to-month,Fiber optic,Yes,No,Yes,No,No,Yes,No,Bank transfer,Yes,No,No,No,0
CUST-000638,7,107.81,760.09,Month-to-month,Fiber optic,Yes,No,No,Yes,Yes,Yes,Yes,Bank transfer,Yes,Yes,Yes,No,1
CUST-000639,9,93.72,762.89,One year,DSL,Yes,Yes,Yes,No,No,Yes,Yes,Electronic check,No,No,Yes,No,0
CUST-000640,6,76.88,509.75,Month-to-month,DSL,No,Yes,No,No,Yes,Yes,No,Bank transfer,No,No,No,No,1
CUST-000641,26,73.27,1896.94,Month-to-month,DSL,No,No,No,No,Yes,Yes,Yes,Electronic check,Yes,No,Yes,No,1
CUST-000642,61,66.67,3781.25,Month-to-month,DSL,No,Yes,Yes,No,No,Yes,No,Credit card,Yes,No,Yes,Yes,0
CUST-000643,54,44.6,2744.3,Two year,No,No,Yes,Yes,No,No,Yes,No,Bank transfer,No,Yes,Yes,No,0
CUST-000644,60,112.47,6903.52,Month-to-month,Fiber optic,No,No,Yes,No,No,Yes,Yes,Electronic check,No,No,Yes,Yes,1
CUST-000645,21,91.35,1861.59,One year,Fiber optic,Yes,No,No,No,Yes,Yes,No,Electronic check,No,No,Yes,No,1
CUST-000646,27,100.59,2867.77,Two year,Fiber optic,No,No,Yes,No,No,Yes,Yes,Electronic check,No,No,No,Yes,0
CUST-000647,69,110.18,7695.64,Month-to-month,Fiber optic,Yes,No,No,No,Yes,Yes,No,Electronic check,No,No,Yes,No,0
CUST-000648,51,99.64,5073.9,One year,Fiber optic,No,No,Yes,No,Yes,Yes,No,Electronic check,No,No,Yes,Yes,0
CUST-000649,50,135.17,6928.85,Month-to-month,Fiber optic,Yes,Yes,Yes,Yes,Yes,Yes,Yes,Bank transfer,Yes,No,Yes,Yes,1
CUST-000650,37,104.98,3672.85,Month-to-month,Fiber optic,No,No,Yes,Yes,No,Yes,No,Bank transfer,Yes,No,Yes,No,1
CUST-000651,7,115.31,765.57,Two year,Fiber optic,No,No,Yes,Yes,Yes,Yes,Yes,Mailed check,No,No,Yes,No,0
CUST-000652,54,133.18,7165.21,Month-to-month,Fiber optic,Yes,Yes,Yes,No,Yes,Yes,No,Bank transfer,Yes,No,Yes,No,1
CUST-000653,26,116.71,3298.29,Month-to-month,Fiber optic,Yes,Yes,Yes,Yes,No,Yes,No,Electronic check,Yes,Yes,No,No,1
CUST-000654,23,101.63,2277.53,Month-to-month,DSL,Yes,Yes,No,Yes,Yes,Yes,Yes,Bank transfer,Yes,No,No,Yes,0
CUST-000655,52,84.85,4487.53,Month-to-month,DSL,Yes,No,No,No,Yes,Yes,Yes,Bank transfer,No,No,No,Yes,1
CUST-000656,34,112.89,3803.94,Two year,Fiber optic,No,No,Yes,Yes,No,Yes,No,Credit card,Yes,No,Yes,Yes,0
CUST-000657,12,51.89,562.11,Two year,No,Yes,No,Yes,Yes,No,Yes,Yes,Electronic check,Yes,No,Yes,No,0
CUST-000658,65,42.04,3146.2,One year,No,No,No,No,Yes,Yes,Yes,No,Credit card,Yes,No,No,Yes,0
CUST-000659,28,96.2,2816.13,Month-to-month,Fiber optic,Yes,No,No,No,No,Yes,No,Credit card,No,Yes,No,No,1
CUST-000660,59,95.33,5728.37,Two year,Fiber optic,No,No,Yes,No,Yes,Yes,No,Electronic check,No,No,No,No,0
CUST-000661,29,98.87,2822.05,One year,Fiber optic,No,No,Yes,No,No,Yes,No,Electronic check,Yes,No,No,No,0
CUST-000662,22,82.5,1866.78,Month-to-month,DSL,No,No,Yes,Yes,No,Yes,No,Mailed check,No,No,Yes,Yes,1
CUST-000663,58,92.3,5435.93,One year,Fiber optic,No,No,No,Yes,No,Yes,Yes,Electronic check,Yes,No,No,Yes,0
CUST-000664,64,70.31,4408.38,Month-to-month,DSL,No,No,Yes,No,Yes,No,No,Bank transfer,No,Yes,No,No,0
CUST-000665,22,97.13,2215.29,Month-to-month,DSL,Yes,No,Yes,No,Yes,Yes,Yes,Bank transfer,Yes,No,No,No,1
CUST-000666,29,69.49,1972.01,Month-to-month,DSL,No,Yes,No,No,Yes,Yes,No,Credit card,Yes,No,Yes,Yes,0
CUST-000667,40,31.56,1358.51,Month-to-month,No,No,Yes,No,No,Yes,No,No,Mailed check,Yes,No,No,No,0
CUST-000668,49,54.25,2597.18,One year,DSL,No,No,No,No,No,Yes,No,Mailed check,Yes,No,No,No,0
CUST-000669,36,84.89,2932.97,Two year,Fiber optic,No,No,Yes,Yes,No,Yes,No,Electronic check,Yes,Yes,No,Yes,1
CUST-000670,51,115.27,6036.46,Month-to-month,Fiber optic,Yes,No,No,Yes,Yes,Yes,No,Credit card,No,Yes,Yes,No,1
CUST-000671,60,125.8,7805.95,Month-to-month,Fiber optic,No,Yes,No,Yes,Yes,Yes,Yes,Electronic check,No,Yes,No,No,1
CUST-000672,29,86.66,2577.3,Two year,DSL,No,Yes,Yes,No,Yes,Yes,No,Credit card,Yes,No,No,Yes,0
CUST-000673,61,81.03,4921.94,Month-to-month,DSL,Yes,Yes,Yes,Yes,Yes,Yes,Yes,Electronic check,No,No,No,No,0
CUST-000674,60,88.35,5471.45,Month-to-month,Fiber optic,Yes,No,No,No,Yes,No,No,Bank transfer,Yes,Yes,No,Yes,1
CUST-000675,71,91.19,6671.53,Month-to-month,Fiber optic,Yes,No,No,No,Yes,Yes,No,Bank transfer,Yes,No,No,Yes,0
CUST-000676,33,58.24,2066.84,One year,DSL,No,No,No,Yes,No,No,Yes,Electronic check,Yes,No,Yes,No,0
CUST-000677,61,80.61,4844.11,One year,Fiber optic,Yes,No,Yes,No,No,Yes,No,Credit card,No,No,No,No,0
CUST-000678,70,51.22,3522.84,Month-to-month,DSL,No,No,No,No,No,Yes,Yes,Electronic check,No,No,No,Yes,0
CUST-000679,68,120.11,8121.65,Month-to-month,Fiber optic,No,No,Yes,Yes,Yes,Yes,Yes,Credit card,No,No,No,Yes,1
CUST-000680,68,44.8,2946.41,One year,No,No,Yes,Yes,No,Yes,Yes,Yes,Credit card,No,Yes,No,No,0
CUST-000681,28,37.92,1081.59,Two year,No,Yes,No,No,Yes,No,Yes,No,Mailed check,Yes,No,Yes,Yes,0
CUST-000682,65,99.76,6694.63,One year,Fiber optic,Yes,Yes,No,Yes,No,Yes,Yes,Electronic check,No,No,No,Yes,0
CUST-000683,31,112.77,3685.01,Two year,Fiber optic,Yes,Yes,No,Yes,Yes,Yes,Yes,Electronic check,Yes,Yes,No,No,0
CUST-000684,66,108.13,7159.17,Month-to-month,DSL,Yes,Yes,No,Yes,Yes,Yes,Yes,Electronic check,Yes,No,No,No,0
CUST-000685,59,75.7,4571.15,One year,DSL,Yes,Yes,No,No,Yes,Yes,Yes,Electronic check,Yes,No,Yes,Yes,0
CUST-000686,10,58.25,478.72,One year,DSL,No,No,No,No,Yes,No,No,Credit card,Yes,No,No,No,0
CUST-000687,9,60.12,782.21,One year,DSL,No,No,No,No,No,Yes,Yes,Electronic check,No,No,No,Yes,0
CUST-000688,47,18.0,1028.02,Month-to-month,No,No,No,No,No,Yes,Yes,No,Electronic check,Yes,Yes,No,No,0
CUST-000689,17,124.55,2120.44,Month-to-month,Fiber optic,Yes,No,Yes,Yes,Yes,Yes,Yes,Electronic check,No,No,No,No,1
CUST-000690,54,91.21,4970.31,Month-to-month,DSL,No,Yes,No,No,Yes,Yes,No,Credit card,No,No,Yes,No,0
CUST-000691,57,122.19,6986.39,Month-to-month,Fiber optic,No,Yes,Yes,Yes,Yes,Yes,Yes,Credit card,No,No,No,No,1
CUST-000692,38,43.37,1695.22,Month-to-month,No,No,No,Yes,Yes,No,Yes,No,Electronic check,Yes,No,Yes,No,1
CUST-000693,56,60.28,3256.03,Two year,DSL,No,Yes,No,No,Yes,No,Yes,Electronic check,Yes,No,Yes,Yes,0
CUST-000694,38,37.74,1315.06,Month-to-month,No,Yes,No,No,No,Yes,Yes,Yes,Bank transfer,No,No,Yes,No,0
CUST-000695,41,120.62,4637.87,Two year,Fiber optic,Yes,No,Yes,Yes,Yes,Yes,No,Electronic check,No,Yes,Yes,Yes,0
CUST-000696,14,84.4,1200.56,Two year,DSL,Yes,Yes,No,No,Yes,Yes,No,Electronic check,Yes,No,Yes,No,0
CUST-000697,42,106.49,4853.41,One year,Fiber optic,No,Yes,No,Yes,No,Yes,No,Credit card,No,No,No,No,0
CUST-000698,11,69.68,952.47,One year,No,No,Yes,Yes,Yes,No,No,Yes,Mailed check,Yes,No,Yes,Yes,0
CUST-000699,45,57.74,2918.51,One year,DSL,No,No,No,No,Yes,Yes,No,Bank transfer,No,No,No,No,0
CUST-000700,57,82.2,4608.09,One year,DSL,Yes,No,No,No,Yes,Yes,No,Credit card,No,No,No,No,0
CUST-000701,56,102.82,5631.3,Month-to-month,Fiber optic,Yes,Yes,Yes,No,Yes,Yes,Yes,Credit card,Yes,No,No,No,1
CUST-000702,10,62.3,545.61,Month-to-month,DSL,No,No,No,Yes,Yes,Yes,No,Credit card,Yes,No,Yes,No,0
CUST-000703,57,64.12,3590.01,Month-to-month,DSL,No,No,Yes,No,Yes,Yes,No,Electronic check,Yes,No,No,No,0
CUST-000704,53,102.48,5291.69,Month-to-month,Fiber optic,No,No,No,No,Yes,Yes,No,Electronic check,Yes,No,No,No,1
CUST-000705,10,51.94,631.69,Two year,No,Yes,Yes,No,No,Yes,Yes,No,Mailed check,Yes,No,No,No,0
CUST-000706,5,59.98,126.98,Month-to-month,DSL,No,No,No,No,Yes,Yes,No,Electronic check,Yes,No,Yes,No,0
CUST-000707,47,104.75,5063.7,One year,Fiber optic,Yes,No,Yes,No,Yes,Yes,Yes,Bank transfer,Yes,No,No,No,1
CUST-000708,30,35.58,1383.23,Month-to-month,No,Yes,No,No,No,No,Yes,No,Mailed check,No,No,Yes,No,0
CUST-000709,36,77.56,2911.33,Two year,DSL,Yes,No,No,Yes,Yes,Yes,No,Credit card,Yes,No,Yes,Yes,0
CUST-000710,1,69.39,64.09,Two year,DSL,Yes,Yes,No,No,No,Yes,Yes,Electronic check,No,No,No,No,0
CUST-000711,17,27.3,478.61,One year,No,Yes,Yes,No,No,No,Yes,Yes,Credit card,Yes,No,Yes,No,0
CUST-000712,48,44.0,2281.71,Two year,No,Yes,No,Yes,Yes,No,Yes,Yes,Mailed check,No,Yes,Yes,No,0
CUST-000713,46,74.3,3547.9,Month-to-month,DSL,Yes,Yes,No,No,No,Yes,No,Credit card,Yes,No,No,No,0
CUST-000714,21,89.79,1980.42,Month-to-month,DSL,Yes,No,No,Yes,Yes,Yes,No,Bank transfer,No,No,Yes,No,1
CUST-000715,24,106.81,2691.1,Two year,Fiber optic,Yes,No,No,Yes,Yes,Yes,No,Credit card,Yes,No,Yes,No,1
CUST-000716,34,99.02,3401.59,Month-to-month,DSL,No,Yes,No,Yes,Yes,Yes,Yes,Bank transfer,Yes,No,No,No,1
CUST-000717,24,111.74,2713.53,Month-to-month,Fiber optic,No,Yes,Yes,No,Yes,Yes,No,Mailed check,No,No,No,No,0
CUST-000718,20,59.99,1188.64,Two year,DSL,No,Yes,Yes,No,No,Yes,No,Electronic check,Yes,No,Yes,Yes,0
CUST-000719,22,77.8,1538.79,Month-to-month,DSL,No,No,No,Yes,No,No,Yes,Mailed check,No,No,No,No,1
CUST-000720,37,58.99,1960.49,Month-to-month,No,Yes,No,No,Yes,No,No,Yes,Mailed check,Yes,No,Yes,No,0
CUST-000721,40,82.52,3452.99,Month-to-month,DSL,Yes,No,No,Yes,Yes,Yes,Yes,Mailed check,Yes,No,No,No,1
CUST-000722,48,115.62,5443.89,Month-to-month,Fiber optic,No,No,No,Yes,No,Yes,No,Credit card,No,No,No,No,1
CUST-000723,18,79.55,1465.58,One year,DSL,No,No,No,No,No,Yes,Yes,Electronic check,No,No,Yes,No,0
CUST-000724,12,55.66,585.2,Month-to-month,No,No,Yes,Yes,No,No,Yes,Yes,Bank transfer,Yes,No,No,Yes,1
CUST-000725,22,84.97,1838.12,Month-to-month,Fiber optic,No,No,No,No,Yes,Yes,No,Electronic check,No,No,Yes,No,1
CUST-000726,56,88.15,5074.67,One year,DSL,No,No,No,Yes,Yes,Yes,Yes,Credit card,No,No,No,No,0
CUST-000727,61,33.38,2246.73,Two year,No,No,No,No,No,Yes,Yes,No,Electronic check,No,Yes,No,No,1
CUST-000728,57,54.29,3084.94,Two year,DSL,No,No,No,No,No,No,Yes,Credit card,No,No,No,No,0
CUST-000729,28,68.59,1789.18,Month-to-month,DSL,Yes,No,No,No,Yes,Yes,No,Credit card,No,No,Yes,No,0
CUST-000730,68,100.28,6749.09,Month-to-month,Fiber optic,No,No,No,No,Yes,Yes,No,Electronic check,Yes,No,No,No,0
CUST-000731,41,101.92,4179.56,Month-to-month,Fiber optic,No,No,Yes,No,No,Yes,Yes,Bank transfer,Yes,No,No,No,1
CUST-000732,27,61.74,1559.41,Two year,DSL,No,No,No,No,Yes,Yes,Yes,Credit card,No,Yes,Yes,No,0
CUST-000733,42,96.33,4032.72,One year,Fiber optic,No,No,Yes,Yes,No,Yes,Yes,Electronic check,Yes,No,No,No,0
CUST-000734,63,57.85,3793.58,Month-to-month,DSL,Yes,No,Yes,Yes,No,Yes,No,Bank transfer,Yes,No,No,Yes,0
CUST-000735,31,81.83,2349.31,Two year,DSL,No,No,No,Yes,Yes,Yes,No,Bank transfer,No,No,Yes,No,0
CUST-000736,6,84.88,747.9,Month-to-month,DSL,No,No,Yes,No,Yes,Yes,Yes,Bank transfer,Yes,No,Yes,Yes,1
CUST-000737,22,132.8,2798.49,Month-to-month,Fiber optic,Yes,Yes,Yes,Yes,Yes,Yes,No,Credit card,No,No,No,No,1
CUST-000738,72,70.51,5003.98,One year,DSL,No,No,Yes,Yes,Yes,No,No,Credit card,No,No,No,Yes,0
CUST-000739,33,77.3,2500.88,Month-to-month,Fiber optic,No,No,Yes,No,Yes,Yes,No,Mailed check,Yes,No,No,Yes,1
CUST-000740,15,127.22,2002.75,One year,Fiber optic,No,Yes,Yes,Yes,Yes,Yes,No,Mailed check,Yes,No,Yes,Yes,0
CUST-000741,64,76.2,4632.0,One year,DSL,Yes,No,Yes,Yes,No,Yes,Yes,Bank transfer,Yes,No,Yes,Yes,0
CUST-000742,27,41.06,1236.99,Two year,No,Yes,No,Yes,No,No,No,No,Mailed check,No,No,No,No,0
CUST-000743,23,90.59,2286.5,One year,DSL,No,Yes,No,No,Yes,Yes,Yes,Mailed check,Yes,Yes,Yes,No,0
CUST-000744,6,81.06,324.01,Two year,DSL,No,Yes,No,No,Yes,Yes,Yes,Credit card,No,No,Yes,No,0
CUST-000745,69,49.05,3616.35,Month-to-month,No,No,Yes,No,Yes,Yes,Yes,Yes,Credit card,No,No,No,No,0
CUST-000746,60,51.94,3246.89,Month-to-month,No,Yes,No,No,No,Yes,Yes,No,Credit card,Yes,Yes,No,No,0
CUST-000747,28,103.79,3052.8,Month-to-month,DSL,Yes,Yes,Yes,No,Yes,Yes,Yes,Electronic check,Yes,Yes,No,No,1
CUST-000748,35,72.32,2493.75,Two year,DSL,Yes,No,No,No,No,Yes,Yes,Electronic check,No,No,No,No,0
CUST-000749,18,87.12,1291.02,One year,DSL,No,No,Yes,Yes,No,No,Yes,Electronic check,Yes,No,Yes,No,0
CUST-000750,70,45.73,3340.82,Month-to-month,No,Yes,Yes,No,No,No,Yes,Yes,Mailed check,No,No,No,Yes,0
CUST-000751,67,85.46,5810.88,One year,DSL,No,No,No,Yes,Yes,Yes,Yes,Mailed check,Yes,No,Yes,Yes,0
CUST-000752,10,74.42,698.94,Month-to-month,DSL,Yes,Yes,Yes,No,No,Yes,No,Bank transfer,Yes,No,No,Yes,1
CUST-000753,17,118.19,2136.7,Two year,Fiber optic,No,Yes,No,Yes,No,Yes,Yes,Mailed check,Yes,No,Yes,No,0
CUST-000754,65,87.69,5635.54,Month-to-month,Fiber optic,No,Yes,No,Yes,No,Yes,Yes,Mailed check,Yes,Yes,No,Yes,0
CUST-000755,15,60.84,961.78,Month-to-month,DSL,No,No,Yes,No,No,No,Yes,Bank transfer,Yes,No,Yes,Yes,0
CUST-000756,26,78.62,1789.6,Month-to-month,DSL,No,No,No,No,Yes,Yes,Yes,Electronic check,Yes,No,No,No,1
CUST-000757,59,68.48,4012.51,Month-to-month,DSL,No,No,No,No,Yes,Yes,No,Bank transfer,Yes,No,No,Yes,1
CUST-000758,17,73.05,1019.2,Month-to-month,DSL,No,No,No,Yes,No,Yes,Yes,Electronic check,Yes,No,Yes,No,1
CUST-000759,61,107.28,6719.6,One year,Fiber optic,Yes,No,Yes,Yes,Yes,Yes,No,Mailed check,No,No,No,No,0
CUST-000760,47,89.83,4220.15,Month-to-month,Fiber optic,No,No,Yes,No,No,Yes,Yes,Credit card,Yes,No,Yes,Yes,1
CUST-000761,13,58.75,463.38,Month-to-month,DSL,No,No,No,No,Yes,Yes,No,Electronic check,No,No,No,No,1
CUST-000762,2,95.35,277.15,Month-to-month,Fiber optic,Yes,Yes,No,No,No,Yes,Yes,Mailed check,Yes,Yes,Yes,No,1
CUST-000763,12,68.81,711.37,One year,DSL,No,Yes,Yes,No,No,Yes,Yes,Electronic check,Yes,Yes,Yes,No,0
CUST-000764,38,107.55,3865.41,Two year,Fiber optic,No,Yes,No,Yes,No,Yes,Yes,Bank transfer,Yes,No,No,No,0
CUST-000765,70,74.39,5204.77,One year,DSL,No,Yes,No,No,No,Yes,Yes,Electronic check,No,Yes,Yes,Yes,0
CUST-000766,34,115.86,3861.17,Two year,Fiber optic,No,Yes,Yes,No,Yes,Yes,Yes,Credit card,No,No,No,No,0
CUST-000767,9,82.53,719.54,Month-to-month,Fiber optic,No,No,No,No,No,Yes,Yes,Electronic check,Yes,No,Yes,Yes,1
CUST-000768,3,102.82,520.85,Two year,Fiber optic,No,No,No,No,No,Yes,Yes,Bank transfer,No,No,No,No,1
CUST-000769,13,116.39,1926.91,Month-to-month,Fiber optic,Yes,No,Yes,No,Yes,Yes,Yes,Credit card,Yes,No,Yes,No,1
CUST-000770,31,104.29,3178.28,Two year,Fiber optic,Yes,No,No,Yes,Yes,No,No,Mailed check,Yes,No,Yes,No,0
CUST-000771,32,123.75,3913.81,Two year,Fiber optic,Yes,No,Yes,No,Yes,Yes,Yes,Electronic check,Yes,No,No,No,1
CUST-000772,22,70.32,1637.72,Two year,DSL,No,No,Yes,No,Yes,Yes,No,Credit card,Yes,No,No,No,0
CUST-000773,45,79.98,3812.24,Month-to-month,DSL,Yes,No,Yes,No,No,Yes,Yes,Electronic check,No,No,Yes,No,0
CUST-000774,18,46.07,946.0,Month-to-month,No,No,No,Yes,Yes,No,Yes,No,Credit card,Yes,No,No,Yes,1
CUST-000775,18,39.92,516.34,One year,No,No,No,Yes,No,Yes,Yes,Yes,Mailed check,No,No,Yes,No,0
CUST-000776,67,123.82,8261.91,Month-to-month,Fiber optic,Yes,No,Yes,No,Yes,Yes,Yes,Electronic check,Yes,No,Yes,Yes,1
CUST-000777,38,80.32,3332.78,One year,Fiber optic,No,Yes,Yes,No,No,Yes,Yes,Bank transfer,Yes,No,No,No,0
CUST-000778,43,89.49,3984.32,Month-to-month,DSL,Yes,No,Yes,Yes,Yes,Yes,Yes,Mailed check,No,No,No,No,1
CUST-000779,41,44.76,1995.58,Month-to-month,No,No,No,Yes,No,Yes,Yes,Yes,Bank transfer,Yes,No,No,Yes,0
CUST-000780,11,56.48,460.61,Month-to-month,No,Yes,No,Yes,No,Yes,Yes,Yes,Bank transfer,Yes,No,No,No,1
CUST-000781,42,94.04,4055.57,Month-to-month,Fiber optic,Yes,No,Yes,No,No,Yes,Yes,Credit card,Yes,No,No,Yes,1
CUST-000782,55,43.37,2400.87,Month-to-month,No,No,No,No,No,Yes,Yes,No,Mailed check,No,No,Yes,No,1
CUST-000783,3,99.94,157.6,Month-to-month,Fiber optic,No,No,Yes,No,Yes,Yes,Yes,Electronic check,No,Yes,Yes,Yes,1
CUST-000784,26,56.4,1391.24,Month-to-month,DSL,Yes,No,No,No,Yes,Yes,No,Credit card,Yes,No,Yes,No,1
CUST-000785,20,41.97,989.73,Month-to-month,No,No,Yes,Yes,No,No,No,Yes,Electronic check,No,No,Yes,Yes,1
CUST-000786,43,52.63,2229.55,One year,DSL,No,No,No,No,Yes,Yes,Yes,Mailed check,Yes,Yes,No,Yes,0
CUST-000787,66,51.31,3299.49,One year,No,Yes,No,No,Yes,Yes,No,No,Mailed check,Yes,No,No,Yes,0
CUST-000788,27,100.06,2597.2,Month-to-month,DSL,Yes,No,Yes,Yes,Yes,Yes,Yes,Electronic check,Yes,No,Yes,No,1
CUST-000789,4,78.41,396.02,One year,DSL,Yes,No,Yes,No,Yes,Yes,Yes,Mailed check,Yes,No,Yes,No,0
CUST-000790,46,94.63,4103.95,One year,DSL,Yes,Yes,Yes,Yes,Yes,Yes,Yes,Credit card,Yes,No,No,No,0
CUST-000791,22,100.23,2074.56,Two year,DSL,Yes,Yes,Yes,Yes,Yes,Yes,Yes,Mailed check,No,No,No,No,0
CUST-000792,49,96.7,4718.91,Two year,Fiber optic,Yes,No,No,Yes,No,Yes,Yes,Electronic check,No,No,Yes,No,0
CUST-000793,10,64.02,572.23,Month-to-month,No,No,Yes,Yes,No,Yes,No,Yes,Electronic check,Yes,No,No,No,1
CUST-000794,20,80.69,1689.26,Two year,DSL,No,No,No,Yes,Yes,Yes,Yes,Electronic check,Yes,Yes,No,Yes,0
CUST-000795,28,51.95,1464.32,One year,DSL,No,No,Yes,No,No,Yes,Yes,Electronic check,Yes,Yes,No,Yes,0
CUST-000796,60,96.4,6031.85,Month-to-month,DSL,Yes,Yes,Yes,No,Yes,Yes,Yes,Bank transfer,Yes,No,Yes,Yes,1
CUST-000797,40,48.59,2092.08,One year,No,Yes,Yes,No,No,Yes,Yes,No,Electronic check,Yes,No,Yes,No,0
CUST-000798,45,60.9,2699.57,One year,DSL,No,No,No,No,Yes,Yes,Yes,Mailed check,Yes,No,No,Yes,1
CUST-000799,51,105.08,5156.99,Two year,Fiber optic,No,Yes,No,No,Yes,Yes,No,Mailed check,Yes,No,Yes,No,1
CUST-000800,44,72.0,3111.77,Month-to-month,DSL,Yes,No,Yes,No,No,Yes,No,Credit card,Yes,No,Yes,No,0
CUST-000801,64,89.88,5836.37,Month-to-month,DSL,Yes,Yes,No,Yes,No,Yes,Yes,Mailed check,Yes,No,No,Yes,0
CUST-000802,15,109.95,1533.04,Month-to-month,Fiber optic,Yes,No,No,No,Yes,Yes,Yes,Electronic check,Yes,No,Yes,Yes,1
CUST-000803,46,114.85,5151.54,Month-to-month,Fiber optic,No,No,Yes,Yes,No,Yes,No,Electronic check,Yes,No,No,No,1
CUST-000804,18,67.4,1009.6,Month-to-month,DSL,Yes,No,No,No,No,No,Yes,Bank transfer,No,No,Yes,No,0
CUST-000805,40,96.41,3901.89,One year,Fiber optic,No,No,No,No,No,Yes,Yes,Bank transfer,Yes,Yes,No,Yes,0
CUST-000806,28,97.24,2992.58,Two year,Fiber optic,Yes,Yes,No,No,Yes,Yes,No,Bank transfer,Yes,No,Yes,No,0
CUST-000807,66,104.62,6931.59,Two year,Fiber optic,No,Yes,No,Yes,No,Yes,Yes,Credit card,Yes,Yes,No,No,0
CUST-000808,2,53.19,187.83,Month-to-month,DSL,No,No,No,No,No,Yes,Yes,Credit card,Yes,No,Yes,No,1
CUST-000809,40,68.42,2447.51,One year,DSL,No,No,No,Yes,Yes,No,No,Credit card,No,No,Yes,No,0
CUST-000810,3,65.22,135.72,One year,DSL,No,No,No,No,No,Yes,No,Mailed check,No,No,No,Yes,0
CUST-000811,26,88.25,2535.83,Month-to-month,DSL,Yes,No,No,Yes,Yes,Yes,Yes,Electronic check,Yes,No,Yes,Yes,0
CUST-000812,48,77.35,3661.24,Month-to-month,DSL,No,No,No,Yes,No,Yes,Yes,Electronic check,No,No,Yes,Yes,0
CUST-000813,17,118.57,1724.51,One year,Fiber optic,Yes,Yes,No,Yes,Yes,Yes,No,Electronic check,No,No,Yes,No,1
CUST-000814,23,65.91,1318.89,Month-to-month,DSL,No,Yes,Yes,No,No,Yes,Yes,Electronic check,Yes,Yes,No,No,1
CUST-000815,49,92.55,4358.26,Month-to-month,DSL,Yes,Yes,Yes,Yes,No,Yes,No,Credit card,No,Yes,No,No,0
CUST-000816,52,115.31,5908.79,Two year,Fiber optic,No,Yes,No,Yes,Yes,Yes,No,Credit card,No,No,Yes,Yes,0
CUST-000817,47,65.69,3014.93,Month-to-month,DSL,Yes,No,No,Yes,No,Yes,No,Bank transfer,No,No,Yes,No,1
CUST-000818,5,87.87,704.14,Two year,Fiber optic,Yes,No,Yes,No,Yes,No,No,Bank transfer,Yes,No,Yes,No,0
CUST-000819,24,105.92,2342.02,One year,Fiber optic,No,Yes,Yes,Yes,No,Yes,No,Bank transfer,No,No,Yes,No,0
CUST-000820,54,62.26,3218.63,Two year,DSL,No,No,No,Yes,No,Yes,No,Credit card,Yes,No,No,Yes,0
CUST-000821,63,86.37,5561.76,Month-to-month,Fiber optic,No,No,No,Yes,Yes,Yes,No,Bank transfer,No,Yes,Yes,No,0
CUST-000822,15,91.47,977.07,One year,Fiber optic,No,No,Yes,No,Yes,Yes,No,Electronic check,Yes,No,No,No,0
CUST-000823,28,121.04,3398.53,Two year,Fiber optic,No,No,Yes,Yes,Yes,Yes,Yes,Bank transfer,Yes,No,No,No,0
CUST-000824,63,100.23,6276.03,Month-to-month,Fiber optic,Yes,Yes,Yes,No,No,Yes,Yes,Bank transfer,No,No,No,No,1
CUST-000825,9,117.23,950.19,Two year,DSL,Yes,No,Yes,Yes,Yes,Yes,Yes,Credit card,Yes,Yes,Yes,No,1
CUST-000826,66,58.88,3522.49,Month-to-month,DSL,No,No,Yes,Yes,Yes,No,No,Electronic check,Yes,Yes,No,No,1
CUST-000827,27,60.53,1707.61,One year,No,No,No,No,Yes,No,Yes,Yes,Mailed check,No,No,No,No,0
CUST-000828,50,62.4,3120.75,Month-to-month,DSL,No,Yes,Yes,No,Yes,Yes,No,Credit card,No,No,Yes,Yes,0
CUST-000829,32,105.77,3349.2,Two year,Fiber optic,No,No,Yes,No,No,Yes,Yes,Credit card,No,No,No,No,0
CUST-000830,28,100.14,2716.07,Month-to-month,Fiber optic,Yes,No,No,Yes,No,Yes,Yes,Bank transfer,Yes,No,No,No,0
CUST-000831,27,88.69,2269.74,One year,DSL,No,Yes,No,Yes,No,Yes,Yes,Electronic check,No,No,No,No,0
CUST-000832,1,87.38,71.04,Month-to-month,Fiber optic,No,Yes,No,No,No,Yes,No,Electronic check,No,No,No,No,1
CUST-000833,66,115.51,7653.96,Month-to-month,Fiber optic,Yes,Yes,Yes,No,Yes,Yes,No,Credit card,No,Yes,No,No,1
CUST-000834,55,18.0,811.09,One year,No,No,No,No,Yes,No,No,No,Electronic check,No,No,Yes,Yes,0
CUST-000835,67,56.13,3512.45,Month-to-month,DSL,No,Yes,No,No,No,Yes,Yes,Credit card,No,No,No,No,0
CUST-000836,41,103.94,4154.26,Month-to-month,DSL,Yes,No,Yes,Yes,Yes,Yes,Yes,Bank transfer,No,No,Yes,No,0
CUST-000837,70,68.19,4758.82,Month-to-month,DSL,No,Yes,No,Yes,Yes,Yes,No,Mailed check,No,No,No,Yes,0
CUST-000838,6,89.15,647.59,One year,DSL,No,Yes,Yes,Yes,No,Yes,Yes,Bank transfer,No,No,No,No,0
CUST-000839,26,102.4,2479.02,One year,Fiber optic,Yes,No,Yes,Yes,No,Yes,Yes,Electronic check,Yes,Yes,No,No,1
CUST-000840,41,74.82,3241.09,Month-to-month,DSL,Yes,No,No,Yes,No,Yes,No,Electronic check,No,No,Yes,No,0
CUST-000841,35,83.7,3112.6,Two year,DSL,No,No,Yes,No,No,Yes,Yes,Credit card,No,No,Yes,Yes,0
CUST-000842,0,112.26,0.0,Month-to-month,Fiber optic,No,Yes,Yes,Yes,No,Yes,Yes,Electronic check,Yes,Yes,No,No,1
CUST-000843,7,90.47,611.98,Month-to-month,DSL,Yes,Yes,Yes,Yes,Yes,Yes,No,Credit card,No,No,Yes,Yes,1
CUST-000844,32,67.8,2234.86,One year,DSL,No,No,No,Yes,Yes,Yes,Yes,Bank transfer,Yes,No,Yes,No,0
CUST-000845,60,112.95,7028.56,One year,Fiber optic,Yes,No,Yes,No,No,Yes,Yes,Mailed check,Yes,No,Yes,Yes,0
CUST-000846,44,108.62,4723.97,Month-to-month,Fiber optic,No,No,Yes,Yes,Yes,Yes,No,Bank transfer,Yes,Yes,No,No,1
CUST-000847,20,63.02,1136.86,One year,DSL,No,No,Yes,No,No,Yes,No,Bank transfer,Yes,No,Yes,No,1
CUST-000848,58,98.37,5872.36,Month-to-month,Fiber optic,No,No,No,No,Yes,Yes,Yes,Electronic check,Yes,No,Yes,No,1
CUST-000849,64,77.28,5180.89,Month-to-month,Fiber optic,No,No,No,No,No,Yes,No,Bank transfer,Yes,No,Yes,No,1
CUST-000850,21,104.51,2297.02,One year,Fiber optic,No,Yes,Yes,No,Yes,Yes,No,Credit card,No,No,Yes,Yes,0
CUST-000851,67,80.53,5351.13,Month-to-month,DSL,No,Yes,No,No,Yes,No,Yes,Bank transfer,Yes,No,No,No,1
CUST-000852,16,59.75,1199.87,One year,DSL,No,No,No,No,Yes,Yes,Yes,Credit card,No,No,No,No,0
CUST-000853,42,64.79,2805.78,Two year,DSL,Yes,No,No,No,No,Yes,No,Bank transfer,Yes,No,No,Yes,0
CUST-000854,24,71.8,1626.86,Month-to-month,DSL,No,Yes,No,Yes,No,Yes,Yes,Bank transfer,Yes,No,No,No,1
CUST-000855,52,131.63,6755.93,Month-to-month,Fiber optic,Yes,No,No,Yes,Yes,Yes,Yes,Mailed check,Yes,No,No,Yes,0
CUST-000856,4,122.53,396.13,One year,Fiber optic,Yes,No,Yes,Yes,Yes,No,Yes,Electronic check,Yes,Yes,No,No,0
CUST-000857,3,109.13,238.12,One year,Fiber optic,No,No,No,Yes,Yes,Yes,Yes,Credit card,Yes,No,Yes,No,0
CUST-000858,67,77.53,5193.95,Month-to-month,DSL,No,No,No,Yes,No,No,Yes,Mailed check,Yes,No,No,Yes,0
CUST-000859,12,117.02,1561.04,Month-to-month,Fiber optic,Yes,Yes,No,No,Yes,Yes,No,Electronic check,Yes,No,No,No,1
CUST-000860,64,106.1,6807.58,One year,Fiber optic,Yes,Yes,No,No,No,Yes,Yes,Electronic check,Yes,No,Yes,Yes,0
CUST-000861,48,104.66,5102.67,Two year,Fiber optic,Yes,No,Yes,No,No,No,No,Electronic check,No,No,No,No,0
CUST-000862,43,101.89,4255.74,One year,DSL,Yes,No,No,No,Yes,Yes,Yes,Electronic check,No,No,No,No,0
CUST-000863,53,79.14,4491.59,Two year,DSL,Yes,No,Yes,No,No,Yes,Yes,Electronic check,Yes,Yes,No,No,0
CUST-000864,5,102.82,367.48,Month-to-month,Fiber optic,No,No,No,No,Yes,Yes,Yes,Credit card,Yes,No,Yes,No,1
CUST-000865,3,64.74,212.7,One year,DSL,No,Yes,Yes,Yes,No,Yes,Yes,Electronic check,Yes,No,Yes,Yes,0
CUST-000866,6,68.48,508.3,Two year,DSL,No,No,No,Yes,Yes,Yes,No,Electronic check,No,No,Yes,No,0
CUST-000867,1,72.71,0.0,Month-to-month,DSL,No,No,Yes,Yes,No,Yes,Yes,Bank transfer,Yes,No,No,No,0
CUST-000868,68,108.54,7186.8,Two year,Fiber optic,No,No,Yes,Yes,No,Yes,No,Electronic check,No,No,No,Yes,0
CUST-000869,32,85.91,2625.89,Month-to-month,DSL,No,Yes,Yes,Yes,No,Yes,Yes,Electronic check,Yes,No,Yes,Yes,0
CUST-000870,9,125.56,1133.08,Month-to-month,Fiber optic,No,Yes,Yes,Yes,Yes,Yes,Yes,Credit card,No,No,Yes,No,1
CUST-000871,23,67.11,1544.52,Month-to-month,DSL,No,Yes,No,No,No,Yes,No,Bank transfer,No,No,No,No,0
CUST-000872,10,78.29,1052.44,Month-to-month,DSL,Yes,Yes,Yes,Yes,No,Yes,No,Electronic check,Yes,No,Yes,No,0
CUST-000873,66,42.95,3013.23,One year,No,Yes,No,No,No,Yes,Yes,No,Credit card,No,Yes,No,No,0
CUST-000874,57,124.2,7133.04,Two year,Fiber optic,Yes,No,Yes,Yes,Yes,Yes,Yes,Bank transfer,Yes,No,No,No,0
CUST-000875,0,60.8,241.9,Two year,DSL,No,Yes,Yes,No,No,Yes,No,Bank transfer,Yes,No,Yes,No,0
CUST-000876,22,97.95,2028.61,Two year,Fiber optic,Yes,Yes,No,No,No,Yes,No,Bank transfer,No,No,No,No,1
CUST-000877,47,125.54,6023.96,Month-to-month,Fiber optic,Yes,Yes,Yes,Yes,Yes,Yes,No,Credit card,Yes,No,No,No,1
CUST-000878,30,110.07,2678.95,Two year,Fiber optic,No,No,Yes,Yes,No,Yes,Yes,Electronic check,No,No,No,Yes,1
CUST-000879,16,57.55,1060.45,One year,DSL,No,Yes,No,No,Yes,Yes,Yes,Electronic check,Yes,No,Yes,No,0
CUST-000880,29,107.05,3141.11,Two year,Fiber optic,No,Yes,Yes,No,Yes,Yes,No,Credit card,Yes,No,Yes,Yes,0
CUST-000881,31,96.29,3063.5,Month-to-month,Fiber optic,No,No,No,No,No,Yes,No,Electronic check,Yes,No,No,Yes,1
CUST-000882,51,105.44,5540.36,Month-to-month,DSL,Yes,Yes,Yes,No,Yes,Yes,No,Bank transfer,Yes,No,No,No,0
CUST-000883,40,74.19,2661.63,Month-to-month,DSL,No,No,No,Yes,Yes,Yes,Yes,Mailed check,No,No,Yes,No,0
CUST-000884,34,92.67,3321.83,Month-to-month,DSL,Yes,Yes,Yes,No,Yes,Yes,Yes,Electronic check,Yes,No,Yes,No,1
CUST-000885,44,108.34,4572.68,One year,Fiber optic,No,No,No,No,Yes,Yes,No,Electronic check,Yes,No,No,No,1
CUST-000886,59,96.47,5609.75,One year,Fiber optic,No,No,Yes,No,No,Yes,No,Bank transfer,No,Yes,Yes,No,0
CUST-000887,6,44.7,268.26,Two year,No,No,No,No,Yes,No,Yes,Yes,Mailed check,Yes,Yes,Yes,Yes,0
CUST-000888,36,88.4,2963.51,Two year,Fiber optic,No,No,Yes,Yes,No,Yes,No,Mailed check,No,No,No,No,0
CUST-000889,55,64.97,3536.36,Month-to-month,DSL,Yes,Yes,Yes,No,Yes,No,No,Credit card,Yes,No,No,Yes,0
CUST-000890,21,63.11,1115.71,Month-to-month,DSL,No,Yes,Yes,No,No,Yes,Yes,Bank transfer,No,No,Yes,No,0
CUST-000891,63,135.92,8549.15,Month-to-month,Fiber optic,Yes,Yes,No,Yes,Yes,Yes,Yes,Bank transfer,No,Yes,Yes,No,0
CUST-000892,14,80.45,1049.3,Two year,DSL,Yes,No,Yes,Yes,No,Yes,No,Bank transfer,No,No,No,No,0
CUST-000893,2,65.76,394.24,Two year,DSL,Yes,Yes,No,No,Yes,Yes,No,Electronic check,No,No,No,No,0
CUST-000894,55,82.04,4563.24,Month-to-month,DSL,Yes,Yes,No,No,Yes,Yes,Yes,Mailed check,Yes,No,No,Yes,0
CUST-000895,55,82.97,4472.3,Month-to-month,DSL,No,No,No,Yes,No,Yes,No,Mailed check,No,No,Yes,Yes,1
CUST-000896,16,115.88,1973.37,Month-to-month,Fiber optic,No,No,No,Yes,Yes,Yes,Yes,Electronic check,No,No,No,No,1
CUST-000897,72,72.02,5397.62,Two year,DSL,Yes,Yes,Yes,No,Yes,Yes,No,Electronic check,Yes,No,Yes,No,0
CUST-000898,44,86.15,3677.95,One year,Fiber optic,Yes,No,No,No,Yes,Yes,No,Electronic check,Yes,No,No,No,0
CUST-000899,2,79.51,0.0,Month-to-month,DSL,No,No,No,Yes,Yes,Yes,No,Mailed check,No,No,No,Yes,1
CUST-000900,43,64.01,2686.83,Month-to-month,No,No,Yes,No,Yes,No,Yes,Yes,Bank transfer,Yes,No,No,No,1
CUST-000901,25,120.6,2948.72,Month-to-month,Fiber optic,No,No,No,Yes,Yes,Yes,No,Bank transfer,No,No,No,No,1
CUST-000902,70,105.58,7075.91,Two year,DSL,Yes,Yes,No,Yes,Yes,Yes,Yes,Electronic check,Yes,No,Yes,No,0
CUST-000903,20,71.59,1208.65,Month-to-month,DSL,No,Yes,Yes,Yes,Yes,Yes,Yes,Mailed check,No,No,No,No,0
CUST-000904,6,120.18,583.32,Month-to-month,Fiber optic,No,Yes,Yes,No,No,Yes,Yes,Credit card,Yes,No,Yes,No,1
CUST-000905,63,90.46,5958.33,Two year,Fiber optic,No,No,No,Yes,Yes,Yes,No,Electronic check,No,No,No,Yes,1
CUST-000906,15,82.77,1352.96,One year,DSL,No,Yes,Yes,No,Yes,Yes,Yes,Electronic check,No,No,Yes,No,0
CUST-000907,23,112.18,2457.65,Month-to-month,Fiber optic,Yes,Yes,Yes,No,No,Yes,Yes,Bank transfer,Yes,No,Yes,No,1
CUST-000908,48,75.1,3525.39,Month-to-month,DSL,No,No,Yes,No,No,Yes,Yes,Mailed check,Yes,No,Yes,No,0
CUST-000909,23,86.28,1654.08,Two year,Fiber optic,Yes,No,Yes,No,No,No,No,Bank transfer,No,No,No,No,0
CUST-000910,24,118.66,2782.5,One year,Fiber optic,No,Yes,No,No,Yes,Yes,Yes,Bank transfer,Yes,No,No,Yes,1
CUST-000911,36,122.0,4322.81,Two year,Fiber optic,No,No,Yes,No,No,Yes,Yes,Electronic check,No,No,No,Yes,0
CUST-000912,9,101.55,918.51,Two year,Fiber optic,Yes,No,No,No,No,Yes,Yes,Bank transfer,No,No,No,No,0
CUST-000913,39,90.54,3617.28,Month-to-month,Fiber optic,No,No,No,No,No,Yes,Yes,Bank transfer,Yes,No,No,No,1
CUST-000914,65,39.22,2746.1,Month-to-month,No,No,No,Yes,No,No,Yes,No,Electronic check,No,No,Yes,Yes,0
CUST-000915,72,23.14,1868.02,One year,No,No,No,No,Yes,No,Yes,No,Bank transfer,Yes,Yes,No,No,0
CUST-000916,53,69.67,3819.87,Month-to-month,DSL,Yes,No,Yes,Yes,Yes,Yes,Yes,Credit card,Yes,No,Yes,No,0
CUST-000917,43,110.36,4721.48,Month-to-month,Fiber optic,No,No,Yes,Yes,Yes,Yes,No,Bank transfer,Yes,No,No,No,1
CUST-000918,16,116.74,1897.48,Two year,Fiber optic,No,Yes,Yes,Yes,Yes,Yes,Yes,Credit card,Yes,No,Yes,No,1
CUST-000919,63,95.87,6356.59,One year,Fiber optic,Yes,No,Yes,No,Yes,Yes,No,Bank transfer,No,No,Yes,Yes,0
CUST-000920,6,76.11,588.7,Two year,DSL,Yes,No,No,Yes,Yes,Yes,No,Mailed check,No,No,Yes,Yes,0
CUST-000921,51,99.11,5185.46,Month-to-month,Fiber optic,No,No,No,No,Yes,No,No,Credit card,Yes,No,Yes,No,0
CUST-000922,61,59.46,3358.77,Two year,DSL,No,No,Yes,No,No,Yes,No,Bank transfer,No,No,Yes,No,0
CUST-000923,33,96.9,3059.0,Month-to-month,Fiber optic,No,No,No,No,Yes,Yes,Yes,Bank transfer,Yes,No,No,No,1
CUST-000924,41,73.76,2986.02,One year,No,Yes,Yes,No,Yes,Yes,Yes,No,Electronic check,No,No,Yes,Yes,0
CUST-000925,59,110.06,6516.14,One year,Fiber optic,No,No,No,No,Yes,Yes,No,Bank transfer,No,Yes,Yes,No,0
CUST-000926,67,64.95,4331.12,Month-to-month,DSL,No,No,Yes,Yes,Yes,Yes,No,Bank transfer,No,No,No,No,0
CUST-000927,2,71.3,0.0,Month-to-month,No,No,Yes,Yes,Yes,Yes,Yes,Yes,Electronic check,No,No,Yes,Yes,1
CUST-000928,37,90.74,3328.99,Two year,Fiber optic,No,No,Yes,No,No,Yes,Yes,Bank transfer,Yes,No,Yes,No,0
CUST-000929,29,111.72,3256.88,One year,Fiber optic,No,Yes,Yes,No,No,Yes,Yes,Mailed check,No,No,No,No,0
CUST-000930,16,103.22,1828.91,Month-to-month,Fiber optic,Yes,No,No,No,No,Yes,Yes,Bank transfer,Yes,No,Yes,No,1
CUST-000931,63,115.88,7295.85,Month-to-month,Fiber optic,No,No,Yes,No,No,Yes,Yes,Electronic check,No,No,Yes,Yes,0
CUST-000932,9,25.96,285.54,Month-to-month,No,No,No,No,Yes,No,Yes,No,Bank transfer,No,No,No,No,0
CUST-000933,24,56.03,1416.9,Two year,DSL,Yes,No,No,No,No,Yes,Yes,Mailed check,Yes,Yes,No,No,0
CUST-000934,30,96.83,2866.25,Month-to-month,DSL,Yes,Yes,No,Yes,No,Yes,No,Credit card,No,No,Yes,No,1
CUST-000935,16,52.46,768.36,Month-to-month,No,No,Yes,Yes,Yes,Yes,Yes,No,Mailed check,Yes,No,Yes,Yes,0
CUST-000936,49,82.95,4024.13,Month-to-month,Fiber optic,No,No,No,Yes,No,Yes,No,Electronic check,No,No,No,No,1
CUST-000937,46,107.3,4909.77,Month-to-month,Fiber optic,No,No,Yes,Yes,Yes,Yes,No,Electronic check,Yes,No,No,No,1
CUST-000938,0,92.69,0.0,Month-to-month,Fiber optic,No,No,No,Yes,No,Yes,Yes,Credit card,No,No,No,Yes,1
CUST-000939,11,92.84,1173.26,Month-to-month,DSL,Yes,Yes,Yes,No,No,Yes,Yes,Electronic check,No,No,Yes,Yes,0
CUST-000940,28,102.95,2950.71,Month-to-month,Fiber optic,No,No,Yes,No,Yes,Yes,Yes,Electronic check,No,No,No,Yes,1
CUST-000941,64,123.33,7817.71,One year,Fiber optic,No,No,Yes,Yes,Yes,Yes,Yes,Electronic check,Yes,No,Yes,Yes,0
CUST-000942,29,86.64,2049.67,One year,DSL,Yes,No,Yes,Yes,Yes,Yes,No,Mailed check,No,No,No,Yes,0
CUST-000943,31,85.86,2983.65,One year,DSL,Yes,Yes,No,Yes,Yes,Yes,Yes,Electronic check,Yes,No,No,Yes,1
CUST-000944,48,77.87,3957.37,Month-to-month,DSL,Yes,Yes,Yes,No,Yes,Yes,No,Electronic check,Yes,Yes,Yes,No,1
CUST-000945,57,104.97,6042.69,Two year,Fiber optic,Yes,Yes,No,No,Yes,Yes,Yes,Bank transfer,Yes,No,Yes,No,0
CUST-000946,14,73.95,775.64,One year,DSL,No,No,No,Yes,Yes,Yes,Yes,Bank transfer,No,No,Yes,No,1
CUST-000947,48,103.07,4838.9,Month-to-month,Fiber optic,No,Yes,No,No,Yes,Yes,Yes,Bank transfer,Yes,No,No,Yes,1
CUST-000948,63,98.15,6087.96,One year,Fiber optic,No,Yes,Yes,No,No,Yes,No,Electronic check,No,No,Yes,No,0
CUST-000949,64,87.42,5672.54,Two year,Fiber optic,No,No,Yes,Yes,Yes,Yes,No,Mailed check,Yes,No,No,No,0
CUST-000950,23,85.4,2178.08,Two year,Fiber optic,No,No,Yes,No,No,Yes,No,Electronic check,Yes,No,Yes,No,0
CUST-000951,56,100.87,5727.26,Month-to-month,Fiber optic,No,No,Yes,Yes,No,Yes,No,Electronic check,Yes,No,No,No,1
CUST-000952,60,121.13,7407.14,Month-to-month,Fiber optic,No,Yes,Yes,No,Yes,Yes,No,Credit card,Yes,No,Yes,No,0
CUST-000953,11,83.84,1066.2,Two year,Fiber optic,No,No,No,No,Yes,Yes,Yes,Bank transfer,No,Yes,No,No,1
CUST-000954,60,78.79,4939.99,Month-to-month,DSL,Yes,Yes,Yes,No,No,Yes,No,Mailed check,No,No,Yes,No,1
CUST-000955,67,120.6,8032.93,Two year,Fiber optic,Yes,No,No,Yes,No,Yes,Yes,Electronic check,Yes,No,No,No,0
CUST-000956,64,74.28,4925.0,One year,DSL,Yes,No,Yes,No,No,Yes,Yes,Mailed check,No,No,No,No,0
CUST-000957,63,91.79,5892.24,One year,DSL,No,Yes,No,No,No,Yes,Yes,Electronic check,No,No,No,Yes,0
CUST-000958,18,69.64,906.91,Two year,DSL,No,No,No,No,Yes,No,No,Credit card,Yes,No,Yes,Yes,0
CUST-000959,36,80.45,2603.74,Two year,DSL,No,Yes,No,Yes,Yes,Yes,No,Electronic check,No,No,Yes,No,0
CUST-000960,61,62.39,3789.59,Two year,DSL,No,No,No,No,No,Yes,No,Electronic check,Yes,No,No,Yes,0
CUST-000961,6,61.58,362.04,Month-to-month,DSL,Yes,No,No,No,No,Yes,No,Electronic check,No,No,Yes,Yes,1
CUST-000962,16,66.59,1176.44,Two year,DSL,No,No,Yes,No,No,Yes,Yes,Electronic check,Yes,Yes,Yes,Yes,0
CUST-000963,15,53.55,863.38,Month-to-month,No,No,Yes,Yes,Yes,Yes,Yes,Yes,Credit card,No,Yes,No,No,0
CUST-000964,29,20.88,365.22,Two year,No,Yes,No,Yes,No,No,Yes,No,Electronic check,Yes,No,No,No,0
CUST-000965,8,48.89,388.99,One year,No,Yes,No,Yes,No,Yes,Yes,Yes,Bank transfer,Yes,No,Yes,No,0
CUST-000966,12,117.61,1947.03,One year,Fiber optic,Yes,No,No,Yes,Yes,Yes,No,Mailed check,No,No,No,No,0
CUST-000967,71,85.56,6040.64,Month-to-month,DSL,Yes,No,Yes,Yes,No,Yes,Yes,Bank transfer,No,No,Yes,Yes,0
CUST-000968,35,101.67,3754.87,Month-to-month,Fiber optic,Yes,Yes,Yes,No,No,Yes,No,Credit card,Yes,No,Yes,Yes,1
CUST-000969,59,68.57,4132.09,Month-to-month,DSL,No,No,No,No,Yes,No,No,Electronic check,Yes,No,Yes,Yes,1
CUST-000970,5,83.16,286.34,Two year,DSL,No,No,Yes,Yes,Yes,Yes,No,Bank transfer,Yes,No,No,No,0
CUST-000971,3,97.63,302.88,One year,Fiber optic,Yes,No,No,No,No,Yes,No,Credit card,No,No,Yes,No,0
CUST-000972,69,119.27,8163.64,Month-to-month,Fiber optic,No,Yes,Yes,Yes,No,Yes,Yes,Mailed check,Yes,No,Yes,No,0
CUST-000973,70,81.27,5691.45,Month-to-month,DSL,Yes,No,No,Yes,No,Yes,No,Electronic check,No,No,No,Yes,0
CUST-000974,0,89.16,0.0,Month-to-month,Fiber optic,No,No,No,Yes,No,Yes,No,Bank transfer,Yes,No,Yes,Yes,1
CUST-000975,17,55.85,1130.25,One year,No,Yes,No,Yes,No,No,No,Yes,Mailed check,No,Yes,Yes,Yes,0
CUST-000976,36,92.6,3170.69,One year,Fiber optic,Yes,Yes,No,No,Yes,No,Yes,Credit card,Yes,No,Yes,Yes,0
CUST-000977,46,99.36,4457.94,Month-to-month,Fiber optic,No,Yes,No,No,No,Yes,No,Credit card,Yes,No,Yes,No,1
CUST-000978,61,111.03,6702.78,Month-to-month,Fiber optic,No,Yes,Yes,No,Yes,Yes,No,Electronic check,No,Yes,Yes,No,0
CUST-000979,0,111.83,133.62,Month-to-month,Fiber optic,No,No,Yes,No,Yes,Yes,No,Bank transfer,No,No,Yes,No,1
CUST-000980,9,90.44,688.82,One year,Fiber optic,Yes,No,No,No,No,Yes,Yes,Mailed check,Yes,No,Yes,No,1
CUST-000981,1,105.01,224.49,Month-to-month,Fiber optic,No,Yes,Yes,Yes,No,Yes,Yes,Credit card,Yes,Yes,No,No,1
CUST-000982,43,95.46,3990.35,Month-to-month,Fiber optic,Yes,No,No,No,No,Yes,Yes,Mailed check,Yes,No,Yes,No,0
CUST-000983,39,76.36,2642.43,Month-to-month,DSL,Yes,No,No,Yes,No,Yes,Yes,Bank transfer,No,Yes,Yes,Yes,0
CUST-000984,38,114.5,4472.49,One year,Fiber optic,No,Yes,Yes,Yes,No,Yes,Yes,Credit card,No,No,Yes,No,1
CUST-000985,14,72.34,1122.97,Two year,DSL,No,Yes,No,No,No,Yes,Yes,Mailed check,Yes,No,No,No,1
CUST-000986,55,95.93,5144.21,Month-to-month,Fiber optic,No,Yes,No,No,Yes,Yes,No,Mailed check,Yes,No,No,No,1
CUST-000987,66,45.65,3041.13,Two year,DSL,No,No,Yes,No,Yes,No,No,Credit card,Yes,No,No,No,0
CUST-000988,50,59.6,3240.64,Month-to-month,No,Yes,Yes,Yes,Yes,No,Yes,No,Electronic check,Yes,Yes,No,No,0
CUST-000989,71,95.86,6827.66,One year,Fiber optic,No,No,No,No,No,Yes,No,Bank transfer,Yes,No,No,No,1
CUST-000990,60,81.37,5186.11,Two year,DSL,No,No,Yes,Yes,No,Yes,No,Electronic check,No,No,Yes,No,0
CUST-000991,6,75.32,372.46,Month-to-month,DSL,Yes,No,Yes,No,No,Yes,Yes,Mailed check,No,Yes,Yes,Yes,0
CUST-000992,57,34.04,2306.61,Month-to-month,No,No,No,No,Yes,Yes,Yes,No,Credit card,No,No,Yes,Yes,0
CUST-000993,45,81.06,3794.83,Month-to-month,DSL,Yes,Yes,Yes,Yes,Yes,Yes,No,Electronic check,Yes,No,No,Yes,1
CUST-000994,42,134.13,5684.72,One year,Fiber optic,Yes,No,No,Yes,Yes,Yes,No,Credit card,Yes,No,Yes,Yes,1
CUST-000995,14,119.93,1718.01,Month-to-month,Fiber optic,No,No,Yes,Yes,Yes,Yes,Yes,Bank transfer,Yes,No,Yes,Yes,0
CUST-000996,25,72.66,1929.17,One year,DSL,Yes,No,No,Yes,No,Yes,No,Credit card,Yes,No,No,Yes,0
CUST-000997,26,75.43,1868.53,One year,DSL,No,No,Yes,Yes,No,Yes,Yes,Credit card,Yes,No,Yes,No,1
CUST-000998,7,95.28,606.86,One year,Fiber optic,Yes,Yes,No,No,No,Yes,No,Mailed check,Yes,No,No,No,0
CUST-000999,24,65.97,1568.39,Month-to-month,No,No,No,Yes,Yes,Yes,Yes,Yes,Credit card,Yes,No,Yes,Yes,0
CUST-001000,11,72.31,539.89,One year,DSL,No,No,No,No,Yes,Yes,Yes,Electronic check,Yes,No,No,Yes,1
CUST-001001,33,68.67,2377.83,One year,No,Yes,Yes,Yes,Yes,Yes,Yes,Yes,Bank transfer,Yes,No,Yes,No,0
CUST-001002,63,107.55,7079.93,One year,Fiber optic,No,Yes,No,No,Yes,Yes,Yes,Credit card,No,No,Yes,Yes,0
CUST-001003,54,94.27,5272.19,Month-to-month,Fiber optic,No,No,No,Yes,Yes,Yes,No,Mailed check,No,No,No,No,1
CUST-001004,19,101.7,1837.86,One year,Fiber optic,No,Yes,No,Yes,No,Yes,No,Mailed check,No,No,No,No,0
CUST-001005,42,85.73,3388.03,Month-to-month,DSL,Yes,No,Yes,Yes,No,No,No,Credit card,Yes,No,No,Yes,0
CUST-001006,65,58.66,4039.61,Month-to-month,DSL,No,Yes,No,No,No,Yes,Yes,Mailed check,Yes,No,Yes,No,0
CUST-001007,69,77.48,5163.21,Month-to-month,DSL,Yes,No,Yes,No,No,No,Yes,Credit card,No,Yes,No,Yes,0
CUST-001008,22,35.44,777.58,Two year,No,No,No,No,No,No,Yes,Yes,Bank transfer,No,No,No,No,0
CUST-001009,22,99.64,2001.12,One year,Fiber optic,No,No,Yes,No,No,Yes,No,Credit card,Yes,Yes,No,No,1
CUST-001010,4,53.09,483.29,Two year,DSL,No,No,No,Yes,Yes,Yes,No,Credit card,No,No,No,No,0
CUST-001011,55,138.45,7365.38,Month-to-month,Fiber optic,Yes,Yes,No,Yes,No,Yes,Yes,Bank transfer,Yes,No,No,No,1
CUST-001012,21,40.83,909.76,Month-to-month,No,No,Yes,No,No,No,Yes,No,Mailed check,Yes,No,No,No,0
CUST-001013,26,110.97,2830.85,One year,Fiber optic,Yes,Yes,No,Yes,No,Yes,Yes,Credit card,Yes,No,Yes,No,0
CUST-001014,28,53.37,1561.63,One year,DSL,No,No,Yes,Yes,No,Yes,No,Mailed check,Yes,No,Yes,No,0
CUST-001015,7,59.75,480.48,Month-to-month,No,No,Yes,No,No,Yes,Yes,No,Electronic check,Yes,No,Yes,Yes,0
CUST-001016,7,74.83,237.72,Month-to-month,DSL,No,Yes,Yes,No,No,Yes,Yes,Mailed check,Yes,No,Yes,Yes,0
CUST-001017,42,67.61,2777.45,Month-to-month,DSL,No,No,No,Yes,No,Yes,Yes,Electronic check,Yes,No,Yes,No,1
CUST-001018,31,63.1,1918.34,Two year,DSL,No,Yes,No,No,No,Yes,No,Electronic check,Yes,No,No,No,0
CUST-001019,24,63.81,1454.64,Month-to-month,No,No,Yes,Yes,No,Yes,Yes,Yes,Bank transfer,Yes,No,No,No,0
CUST-001020,58,88.59,5012.71,Two year,DSL,No,Yes,Yes,Yes,No,Yes,Yes,Electronic check,No,Yes,No,No,0
CUST-001021,15,99.61,1449.81,Month-to-month,Fiber optic,No,Yes,No,Yes,No,Yes,No,Mailed check,Yes,No,No,No,1
CUST-001022,30,86.85,2813.85,One year,Fiber optic,No,No,No,No,Yes,Yes,No,Credit card,Yes,No,Yes,Yes,0
CUST-001023,23,121.17,2701.99,One year,Fiber optic,No,Yes,No,No,Yes,Yes,Yes,Mailed check,No,No,Yes,No,0
CUST-001024,36,31.75,888.35,Month-to-month,No,No,No,Yes,No,No,Yes,No,Electronic check,Yes,Yes,No,Yes,0
CUST-001025,9,47.02,632.67,One year,No,Yes,No,Yes,Yes,No,Yes,Yes,Credit card,Yes,No,Yes,Yes,0
CUST-001026,72,107.17,7644.81,One year,Fiber optic,Yes,Yes,No,Yes,No,Yes,Yes,Mailed check,No,No,No,No,0
CUST-001027,21,60.84,1386.49,Month-to-month,DSL,No,No,Yes,No,Yes,Yes,Yes,Electronic check,No,No,Yes,Yes,0
CUST-001028,15,21.19,255.75,One year,No,No,No,Yes,No,No,Yes,Yes,Electronic check,Yes,No,Yes,No,0
CUST-001029,51,100.98,4944.34,Two year,Fiber optic,No,Yes,No,No,Yes,Yes,Yes,Electronic check,Yes,No,Yes,Yes,0
CUST-001030,39,96.32,3673.14,Month-to-month,Fiber optic,No,No,No,Yes,No,Yes,Yes,Credit card,No,No,Yes,Yes,1
CUST-001031,54,74.47,3970.3,One year,DSL,No,Yes,No,Yes,Yes,Yes,Yes,Credit card,No,No,No,Yes,0
CUST-001032,72,89.03,6655.88,Month-to-month,Fiber optic,No,No,No,Yes,No,Yes,No,Electronic check,Yes,No,No,Yes,1
CUST-001033,50,106.72,5503.05,Month-to-month,Fiber optic,Yes,No,Yes,Yes,No,Yes,No,Credit card,Yes,Yes,Yes,No,1
CUST-001034,36,50.92,1757.79,Two year,DSL,No,No,No,Yes,No,Yes,Yes,Credit card,No,No,No,Yes,0
CUST-001035,23,106.72,2163.9,Month-to-month,Fiber optic,No,Yes,No,No,No,Yes,Yes,Mailed check,Yes,No,No,No,0
CUST-001036,43,69.17,2983.58,One year,DSL,No,No,Yes,No,No,Yes,Yes,Electronic check,Yes,No,Yes,No,0
CUST-001037,66,74.6,4882.31,Month-to-month,DSL,Yes,No,No,Yes,No,No,Yes,Electronic check,No,No,No,No,1
CUST-001038,39,101.42,3857.26,Two year,DSL,No,No,Yes,Yes,Yes,Yes,No,Bank transfer,No,Yes,No,No,0
CUST-001039,40,73.16,3135.74,One year,DSL,Yes,Yes,No,Yes,No,No,No,Electronic check,Yes,No,No,No,0
CUST-001040,8,60.54,676.47,Month-to-month,DSL,No,No,Yes,Yes,No,Yes,No,Electronic check,Yes,Yes,Yes,No,1
CUST-001041,32,78.0,2628.27,One year,DSL,No,No,Yes,Yes,Yes,Yes,Yes,Mailed check,Yes,No,Yes,Yes,0
CUST-001042,52,46.41,2521.08,Two year,No,Yes,No,Yes,No,No,Yes,No,Electronic check,Yes,Yes,Yes,No,0
CUST-001043,59,83.15,5006.42,Month-to-month,DSL,Yes,Yes,Yes,Yes,Yes,Yes,No,Electronic check,Yes,No,Yes,Yes,0
CUST-001044,66,100.56,6557.84,Month-to-month,Fiber optic,Yes,No,No,Yes,No,Yes,No,Credit card,No,No,No,Yes,1
CUST-001045,47,111.81,5347.59,Month-to-month,Fiber optic,Yes,Yes,Yes,Yes,No,Yes,Yes,Credit card,No,No,Yes,No,0
CUST-001046,67,72.58,4799.61,Month-to-month,DSL,Yes,No,Yes,No,Yes,Yes,Yes,Bank transfer,No,No,Yes,No,0
CUST-001047,4,25.84,65.66,One year,No,No,No,No,No,No,Yes,No,Electronic check,Yes,Yes,No,No,1
CUST-001048,42,69.21,3076.21,One year,DSL,No,No,Yes,No,No,Yes,Yes,Credit card,Yes,No,Yes,No,0
CUST-001049,18,90.43,1765.43,Month-to-month,DSL,Yes,Yes,Yes,Yes,Yes,No,Yes,Bank transfer,No,No,Yes,No,1
CUST-001050,25,113.59,2509.46,Two year,Fiber optic,Yes,No,Yes,Yes,Yes,Yes,No,Credit card,No,No,Yes,No,0
CUST-001051,69,69.25,4948.96,Month-to-month,DSL,No,Yes,Yes,No,No,Yes,Yes,Credit card,No,No,Yes,Yes,0
CUST-001052,49,70.28,3382.6,Two year,DSL,No,No,No,Yes,No,Yes,No,Bank transfer,Yes,No,Yes,Yes,0
CUST-001053,32,68.68,2266.02,Two year,Fiber optic,No,Yes,No,No,No,Yes,No,Bank transfer,Yes,No,No,No,0
CUST-001054,68,107.88,7264.68,Month-to-month,Fiber optic,No,Yes,No,Yes,No,Yes,Yes,Bank transfer,Yes,No,No,Yes,1
CUST-001055,28,127.5,3409.2,One year,Fiber optic,Yes,Yes,No,Yes,Yes,Yes,No,Credit card,Yes,No,No,No,0
CUST-001056,71,101.52,7049.25,Month-to-month,Fiber optic,Yes,Yes,Yes,No,No,Yes,Yes,Mailed check,No,No,No,Yes,0
CUST-001057,21,83.38,1672.27,Two year,Fiber optic,No,No,Yes,No,No,No,No,Bank transfer,No,No,Yes,Yes,0
CUST-001058,20,66.58,1335.72,Two year,DSL,No,No,Yes,Yes,No,Yes,Yes,Credit card,Yes,No,No,Yes,0
CUST-001059,46,83.83,3723.93,Month-to-month,DSL,Yes,No,No,Yes,Yes,Yes,No,Mailed check,No,No,No,No,1
CUST-001060,68,65.54,4496.09,Two year,DSL,No,No,No,No,No,Yes,Yes,Bank transfer,Yes,Yes,No,No,0
CUST-001061,5,118.59,449.17,Month-to-month,Fiber optic,No,Yes,Yes,No,Yes,Yes,No,Electronic check,Yes,No,No,Yes,1
CUST-001062,53,94.0,4838.21,One year,Fiber optic,Yes,No,No,No,No,Yes,Yes,Mailed check,Yes,Yes,No,Yes,0
CUST-001063,30,106.64,3122.24,One year,Fiber optic,Yes,No,Yes,No,Yes,Yes,No,Credit card,Yes,No,Yes,No,0
CUST-001064,63,91.69,5920.44,Month-to-month,DSL,No,Yes,Yes,Yes,Yes,Yes,Yes,Electronic check,Yes,No,Yes,Yes,0
CUST-001065,56,123.32,6945.9,One year,Fiber optic,Yes,No,Yes,Yes,No,Yes,No,Bank transfer,No,No,No,No,0
CUST-001066,12,84.93,944.47,Two year,DSL,Yes,No,Yes,Yes,No,Yes,Yes,Credit card,No,No,Yes,Yes,0
CUST-001067,48,81.11,3883.63,Two year,DSL,Yes,No,No,No,Yes,Yes,No,Bank transfer,Yes,No,Yes,No,0
CUST-001068,71,80.59,5837.65,Two year,DSL,Yes,Yes,No,Yes,No,No,Yes,Mailed check,Yes,No,Yes,No,0
CUST-001069,10,108.71,1175.09,Two year,Fiber optic,No,No,Yes,No,Yes,No,Yes,Electronic check,No,Yes,No,No,0
CUST-001070,55,97.7,5351.29,Month-to-month,Fiber optic,No,Yes,Yes,Yes,Yes,Yes,No,Bank transfer,Yes,Yes,Yes,No,0
CUST-001071,7,114.2,907.08,Month-to-month,Fiber optic,Yes,Yes,No,No,Yes,Yes,Yes,Bank transfer,No,No,Yes,No,1
CUST-001072,12,68.72,937.88,One year,DSL,No,No,Yes,No,No,No,Yes,Electronic check,Yes,No,Yes,Yes,0
CUST-001073,19,68.93,1760.71,Two year,DSL,No,Yes,Yes,No,Yes,Yes,No,Credit card,Yes,No,No,No,0
CUST-001074,39,108.27,4224.25,Month-to-month,Fiber optic,Yes,Yes,No,Yes,No,Yes,Yes,Electronic check,Yes,No,Yes,Yes,1
CUST-001075,57,86.06,5170.41,Month-to-month,DSL,No,Yes,Yes,Yes,No,Yes,Yes,Electronic check,Yes,No,Yes,No,1
CUST-001076,8,43.54,296.9,Month-to-month,No,No,No,No,Yes,No,Yes,Yes,Credit card,Yes,Yes,No,No,1
CUST-001077,2,99.85,410.33,One year,Fiber optic,Yes,No,No,Yes,Yes,Yes,Yes,Bank transfer,Yes,No,No,No,1
CUST-001078,52,74.65,3999.52,Month-to-month,DSL,No,No,No,Yes,Yes,Yes,No,Mailed check,No,Yes,Yes,No,1
CUST-001079,23,99.38,2338.23,One year,Fiber optic,No,No,No,Yes,Yes,Yes,Yes,Electronic check,Yes,No,Yes,No,1
CUST-001080,43,94.1,3933.22,One year,DSL,Yes,No,Yes,No,Yes,Yes,No,Credit card,No,No,No,No,0
CUST-001081,30,91.09,2849.97,Month-to-month,DSL,Yes,Yes,Yes,Yes,No,Yes,No,Credit card,No,Yes,No,No,1
CUST-001082,42,61.04,2568.39,Month-to-month,DSL,Yes,Yes,No,No,No,Yes,No,Electronic check,No,No,No,No,0
CUST-001083,24,91.44,2275.0,Month-to-month,DSL,No,No,Yes,Yes,Yes,Yes,No,Credit card,No,No,No,Yes,1
CUST-001084,61,85.22,5101.43,Two year,Fiber optic,Yes,No,No,No,No,Yes,Yes,Electronic check,Yes,No,No,Yes,0
CUST-001085,8,93.35,578.6,One year,Fiber optic,Yes,No,No,No,Yes,Yes,No,Electronic check,No,No,No,Yes,1
CUST-001086,56,100.14,5946.47,Month-to-month,DSL,Yes,No,Yes,Yes,Yes,Yes,No,Electronic check,Yes,Yes,Yes,No,0
CUST-001087,31,89.65,2828.58,Month-to-month,DSL,No,Yes,Yes,No,Yes,Yes,No,Bank transfer,Yes,No,No,No,1
CUST-001088,6,93.17,882.67,One year,DSL,Yes,No,Yes,No,No,Yes,Yes,Credit card,Yes,No,No,No,0
CUST-001089,65,83.95,5912.47,Month-to-month,DSL,Yes,No,Yes,Yes,Yes,Yes,Yes,Credit card,No,No,No,No,0
CUST-001090,55,66.28,3441.93,Month-to-month,DSL,No,Yes,Yes,No,No,Yes,No,Bank transfer,Yes,Yes,Yes,No,0
CUST-001091,11,65.01,659.25,Month-to-month,No,No,No,No,Yes,Yes,Yes,Yes,Electronic check,No,No,No,Yes,1
CUST-001092,39,121.62,4936.09,Two year,Fiber optic,Yes,No,Yes,No,Yes,Yes,No,Electronic check,No,No,No,No,0
CUST-001093,11,127.35,1122.5,Two year,Fiber optic,Yes,Yes,Yes,Yes,Yes,Yes,No,Bank transfer,Yes,No,No,Yes,1
CUST-001094,13,65.33,966.51,Month-to-month,DSL,No,No,Yes,Yes,Yes,No,Yes,Credit card,No,No,No,No,0
CUST-001095,21,50.45,778.48,Month-to-month,DSL,No,No,Yes,Yes,No,Yes,No,Mailed check,Yes,Yes,Yes,Yes,1
CUST-001096,25,81.53,2085.11,Two year,DSL,Yes,No,No,Yes,No,Yes,Yes,Credit card,No,Yes,Yes,No,0
CUST-001097,71,102.45,7255.61,One year,Fiber optic,No,No,No,Yes,No,Yes,Yes,Electronic check,Yes,No,No,No,1
CUST-001098,37,110.02,4162.29,One year,Fiber optic,No,Yes,Yes,No,Yes,Yes,No,Electronic check,Yes,No,No,No,0
CUST-001099,30,79.84,2642.23,One year,DSL,Yes,No,No,No,No,Yes,No,Mailed check,Yes,No,Yes,Yes,0
CUST-001100,62,25.2,1562.08,One year,No,Yes,Yes,No,No,No,Yes,Yes,Mailed check,No,No,Yes,No,0
CUST-001101,2,109.68,415.66,Month-to-month,Fiber optic,Yes,No,No,Yes,Yes,Yes,Yes,Bank transfer,Yes,No,No,No,1
CUST-001102,64,38.7,2360.19,Month-to-month,No,No,Yes,No,No,Yes,Yes,No,Electronic check,No,No,No,No,1
CUST-001103,2,95.47,211.92,Month-to-month,Fiber optic,Yes,No,No,Yes,No,Yes,No,Electronic check,No,No,Yes,No,1
CUST-001104,7,40.18,297.56,Two year,No,No,Yes,No,Yes,No,Yes,No,Mailed check,No,No,No,No,0
CUST-001105,2,32.34,124.65,Month-to-month,No,No,No,Yes,No,Yes,Yes,No,Credit card,Yes,No,Yes,No,1
CUST-001106,32,83.46,2524.64,One year,DSL,Yes,Yes,Yes,Yes,No,Yes,Yes,Mailed check,Yes,Yes,No,No,0
CUST-001107,71,72.33,5130.21,Month-to-month,No,Yes,No,Yes,No,No,Yes,No,Electronic check,Yes,No,Yes,No,0
CUST-001108,61,87.11,5147.91,Month-to-month,Fiber optic,No,No,Yes,No,No,Yes,Yes,Credit card,No,Yes,Yes,No,0
CUST-001109,5,120.99,849.73,Month-to-month,Fiber optic,Yes,No,Yes,No,Yes,Yes,Yes,Credit card,Yes,No,No,No,1
CUST-001110,43,113.73,4942.89,Month-to-month,Fiber optic,Yes,Yes,Yes,No,Yes,Yes,No,Electronic check,No,No,Yes,No,0
CUST-001111,68,100.86,6705.68,Two year,Fiber optic,No,Yes,No,Yes,No,Yes,Yes,Bank transfer,No,No,Yes,No,0
CUST-001112,62,101.11,6086.97,Month-to-month,Fiber optic,No,Yes,Yes,No,Yes,No,No,Credit card,No,No,Yes,No,0
CUST-001113,20,50.5,943.49,One year,No,No,No,No,Yes,Yes,Yes,No,Mailed check,Yes,No,No,No,0
CUST-001114,43,95.56,3948.24,Two year,DSL,Yes,No,Yes,Yes,Yes,Yes,No,Bank transfer,Yes,No,Yes,No,0
CUST-001115,25,110.64,2710.93,One year,Fiber optic,No,No,Yes,Yes,Yes,Yes,Yes,Electronic check,Yes,Yes,Yes,No,1
CUST-001116,16,83.02,1305.26,Month-to-month,DSL,No,No,Yes,Yes,No,Yes,No,Electronic check,Yes,No,No,Yes,0
CUST-001117,64,73.21,4667.18,One year,DSL,No,Yes,Yes,No,Yes,Yes,No,Credit card,No,No,Yes,No,0
CUST-001118,36,33.85,1354.87,One year,No,No,No,Yes,Yes,Yes,Yes,No,Bank transfer,Yes,No,Yes,Yes,0
CUST-001119,34,48.43,1671.97,Month-to-month,No,No,No,No,No,No,Yes,Yes,Bank transfer,Yes,Yes,No,Yes,1
CUST-001120,37,100.76,3405.47,Month-to-month,Fiber optic,Yes,No,No,No,Yes,Yes,No,Electronic check,Yes,No,Yes,No,1
CUST-001121,15,75.48,1256.31,One year,DSL,Yes,Yes,Yes,No,No,Yes,No,Electronic check,No,Yes,Yes,No,0
CUST-001122,65,101.68,6446.95,One year,Fiber optic,Yes,No,Yes,Yes,No,No,Yes,Mailed check,No,Yes,No,Yes,0
CUST-001123,43,92.46,4098.77,Month-to-month,Fiber optic,Yes,Yes,No,Yes,No,Yes,No,Mailed check,Yes,Yes,Yes,Yes,0
CUST-001124,25,103.43,2423.63,Two year,Fiber optic,No,No,No,No,Yes,Yes,Yes,Bank transfer,Yes,No,Yes,No,0
CUST-001125,43,80.19,3493.19,One year,Fiber optic,No,No,Yes,No,Yes,Yes,No,Electronic check,Yes,No,No,Yes,0
CUST-001126,17,87.85,1243.94,Month-to-month,DSL,No,Yes,Yes,Yes,Yes,Yes,No,Credit card,Yes,No,No,No,0
CUST-001127,35,60.7,2099.41,One year,DSL,Yes,No,No,Yes,Yes,Yes,No,Mailed check,Yes,No,No,Yes,0
CUST-001128,54,96.86,5705.71,Month-to-month,DSL,Yes,Yes,Yes,Yes,Yes,Yes,Yes,Credit card,Yes,No,Yes,No,0
CUST-001129,60,121.84,7210.51,Month-to-month,Fiber optic,No,Yes,Yes,No,Yes,No,Yes,Electronic check,No,No,No,Yes,1
CUST-001130,30,125.55,3860.46,Two year,Fiber optic,No,No,No,Yes,Yes,Yes,Yes,Bank transfer,Yes,Yes,No,Yes,0
CUST-001131,52,47.76,2638.87,Month-to-month,No,No,No,Yes,No,Yes,No,Yes,Electronic check,Yes,No,No,No,1
CUST-001132,35,122.74,4344.76,One year,Fiber optic,Yes,No,No,Yes,Yes,Yes,Yes,Electronic check,No,No,No,No,0
CUST-001133,5,69.19,437.84,Two year,DSL,No,No,No,No,No,Yes,Yes,Electronic check,Yes,No,No,No,1
CUST-001134,71,92.99,6705.62,Month-to-month,DSL,No,Yes,No,Yes,Yes,Yes,Yes,Electronic check,No,Yes,Yes,Yes,0
CUST-001135,63,47.88,3153.59,Month-to-month,No,No,Yes,Yes,Yes,No,Yes,Yes,Electronic check,Yes,No,No,Yes,0
CUST-001136,49,45.14,2318.83,Two year,No,Yes,No,Yes,No,No,Yes,No,Bank transfer,Yes,No,Yes,No,0
CUST-001137,3,57.9,0.0,Month-to-month,DSL,No,No,Yes,No,Yes,Yes,No,Bank transfer,Yes,No,No,No,0
CUST-001138,49,70.77,3515.83,Month-to-month,DSL,No,Yes,Yes,No,Yes,Yes,No,Credit card,Yes,Yes,No,No,0
CUST-001139,17,109.66,1991.51,Two year,Fiber optic,No,No,No,No,Yes,Yes,Yes,Electronic check,No,No,Yes,No,0
CUST-001140,68,96.59,6343.77,Month-to-month,Fiber optic,No,No,Yes,No,No,Yes,Yes,Bank transfer,No,No,Yes,Yes,0
CUST-001141,6,103.03,566.04,Month-to-month,Fiber optic,Yes,Yes,No,No,No,Yes,No,Electronic check,Yes,No,Yes,No,1
CUST-001142,52,105.71,5621.73,Month-to-month,Fiber optic,Yes,Yes,No,Yes,Yes,Yes,Yes,Electronic check,Yes,No,Yes,No,1
CUST-001143,28,97.43,2612.51,Month-to-month,DSL,Yes,No,No,Yes,Yes,Yes,Yes,Credit card,Yes,No,No,No,0
CUST-001144,69,63.18,4251.14,Month-to-month,DSL,Yes,Yes,Yes,No,Yes,Yes,Yes,Mailed check,No,No,Yes,No,0
CUST-001145,57,113.79,6180.54,Month-to-month,Fiber optic,Yes,No,Yes,No,Yes,Yes,No,Mailed check,No,No,Yes,No,0
CUST-001146,46,72.39,3615.31,Month-to-month,DSL,Yes,Yes,No,No,Yes,Yes,No,Mailed check,Yes,No,No,Yes,1
CUST-001147,37,67.77,2645.55,Two year,DSL,Yes,Yes,No,Yes,Yes,Yes,No,Electronic check,Yes,No,Yes,No,0
CUST-001148,42,78.82,3329.78,Two year,DSL,Yes,No,No,No,No,Yes,Yes,Credit card,Yes,No,No,Yes,0
CUST-001149,44,85.84,3882.58,Month-to-month,Fiber optic,No,No,No,Yes,Yes,Yes,No,Bank transfer,Yes,No,No,No,1
CUST-001150,20,45.69,942.43,Month-to-month,No,No,Yes,No,No,No,Yes,Yes,Credit card,Yes,No,No,Yes,1
CUST-001151,39,117.89,4556.23,Month-to-month,Fiber optic,Yes,No,Yes,Yes,No,Yes,Yes,Mailed check,Yes,Yes,No,No,0
CUST-001152,16,83.32,1090.38,Month-to-month,DSL,Yes,No,Yes,No,No,Yes,Yes,Credit card,No,No,No,No,0
CUST-001153,20,81.52,1677.23,Month-to-month,Fiber optic,No,No,No,No,No,Yes,No,Electronic check,Yes,Yes,No,No,1
CUST-001154,38,115.97,4278.87,Month-to-month,Fiber optic,Yes,No,Yes,Yes,No,Yes,Yes,Electronic check,No,Yes,No,No,1
CUST-001155,46,81.37,3745.67,Month-to-month,No,Yes,No,Yes,Yes,Yes,Yes,Yes,Bank transfer,Yes,No,No,No,0
CUST-001156,4,79.73,114.13,Two year,DSL,Yes,No,Yes,No,Yes,Yes,Yes,Electronic check,Yes,No,No,Yes,1
CUST-001157,71,110.31,7651.75,Month-to-month,Fiber optic,Yes,Yes,Yes,Yes,No,Yes,No,Mailed check,Yes,No,No,Yes,1
CUST-001158,12,90.15,1036.29,Month-to-month,DSL,No,Yes,No,Yes,Yes,Yes,No,Mailed check,No,No,Yes,Yes,1
CUST-001159,40,104.42,4358.43,Month-to-month,Fiber optic,Yes,No,Yes,Yes,Yes,Yes,No,Mailed check,Yes,No,No,No,1
CUST-001160,51,118.76,6279.81,Two year,Fiber optic,No,No,No,Yes,Yes,Yes,Yes,Credit card,Yes,No,Yes,No,0
CUST-001161,19,74.47,1616.17,Month-to-month,No,No,Yes,No,Yes,Yes,Yes,Yes,Electronic check,Yes,No,Yes,Yes,1
CUST-001162,49,99.94,4923.2,Month-to-month,Fiber optic,No,No,No,No,Yes,No,Yes,Bank transfer,Yes,No,Yes,No,1
CUST-001163,37,97.87,3785.57,Two year,DSL,Yes,No,Yes,Yes,Yes,Yes,Yes,Electronic check,Yes,No,No,No,0
CUST-001164,2,62.08,150.52,Month-to-month,DSL,No,No,Yes,No,Yes,Yes,Yes,Electronic check,Yes,No,No,Yes,0
CUST-001165,63,98.32,6328.77,Two year,DSL,No,No,Yes,Yes,Yes,Yes,No,Credit card,No,No,No,No,0
CUST-001166,11,104.5,1103.49,Two year,Fiber optic,No,Yes,Yes,Yes,No,Yes,No,Mailed check,Yes,No,No,No,0
CUST-001167,8,112.06,890.71,Month-to-month,Fiber optic,Yes,No,Yes,No,Yes,Yes,No,Mailed check,Yes,No,No,No,1
CUST-001168,45,38.09,1349.84,Month-to-month,No,Yes,Yes,No,No,No,Yes,No,Bank transfer,Yes,No,No,No,1
CUST-001169,13,58.86,760.88,One year,DSL,No,No,No,Yes,No,Yes,No,Electronic check,Yes,No,No,No,0
CUST-001170,29,89.29,2640.81,Two year,DSL,Yes,Yes,No,No,Yes,Yes,Yes,Bank transfer,No,No,No,No,0
CUST-001171,2,95.58,107.53,Month-to-month,Fiber optic,No,No,Yes,No,Yes,Yes,No,Bank transfer,Yes,No,No,Yes,1
CUST-001172,42,93.4,3850.86,Month-to-month,DSL,Yes,No,No,Yes,No,Yes,Yes,Mailed check,Yes,No,Yes,No,0
CUST-001173,63,106.31,6850.99,Two year,Fiber optic,No,No,No,Yes,No,Yes,Yes,Electronic check,No,No,Yes,Yes,0
CUST-001174,9,53.63,560.73,Two year,No,No,Yes,No,No,Yes,Yes,Yes,Bank transfer,No,No,Yes,No,1
CUST-001175,41,102.54,3854.68,One year,Fiber optic,No,Yes,No,Yes,No,No,Yes,Credit card,No,No,No,Yes,0
CUST-001176,62,107.8,6820.9,Month-to-month,Fiber optic,No,Yes,No,Yes,Yes,Yes,No,Electronic check,No,No,Yes,No,0
CUST-001177,15,84.14,1448.82,Month-to-month,DSL,Yes,Yes,Yes,Yes,Yes,Yes,No,Credit card,Yes,No,Yes,No,0
CUST-001178,18,94.89,1731.28,Two year,Fiber optic,No,No,Yes,Yes,No,Yes,No,Electronic check,Yes,No,Yes,No,1
CUST-001179,33,35.86,1310.25,Month-to-month,No,No,No,No,Yes,No,Yes,No,Electronic check,No,No,Yes,No,1
CUST-001180,27,123.0,3339.11,Two year,Fiber optic,No,Yes,Yes,Yes,No,Yes,Yes,Credit card,Yes,No,No,Yes,0
CUST-001181,6,52.9,396.89,Two year,DSL,No,No,No,No,Yes,Yes,Yes,Bank transfer,No,No,No,No,0
CUST-001182,32,64.06,1780.6,Month-to-month,DSL,No,No,No,Yes,No,No,Yes,Bank transfer,Yes,No,Yes,Yes,0
CUST-001183,66,107.51,6962.42,Month-to-month,Fiber optic,Yes,Yes,Yes,No,Yes,Yes,No,Electronic check,No,Yes,Yes,No,0
CUST-001184,43,83.78,3746.92,Month-to-month,DSL,No,Yes,Yes,Yes,Yes,Yes,No,Electronic check,Yes,No,Yes,No,1
CUST-001185,23,81.99,1797.2,One year,DSL,No,Yes,No,Yes,Yes,Yes,No,Electronic check,Yes,No,Yes,Yes,0
CUST-001186,71,60.67,4278.95,Two year,DSL,No,No,Yes,Yes,No,Yes,No,Mailed check,Yes,No,No,No,0
CUST-001187,6,72.86,702.8,Month-to-month,DSL,Yes,No,No,Yes,No,Yes,Yes,Mailed check,Yes,No,Yes,Yes,0
CUST-001188,15,105.09,1388.71,Two year,Fiber optic,No,Yes,No,Yes,Yes,Yes,No,Electronic check,Yes,No,No,No,1
CUST-001189,72,24.23,1907.5,Month-to-month,No,No,No,Yes,No,No,Yes,No,Credit card,Yes,No,Yes,No,0
CUST-001190,11,65.43,534.4,Two year,DSL,No,Yes,Yes,Yes,No,Yes,No,Credit card,Yes,No,No,Yes,0
CUST-001191,59,99.23,5928.65,Month-to-month,Fiber optic,No,No,Yes,No,Yes,Yes,No,Bank transfer,No,No,No,No,1
CUST-001192,10,97.0,1060.32,Month-to-month,Fiber optic,No,Yes,Yes,Yes,No,Yes,Yes,Bank transfer,Yes,No,Yes,No,1
CUST-001193,16,106.16,1715.12,One year,Fiber optic,No,No,Yes,Yes,No,Yes,Yes,Electronic check,Yes,No,No,No,1
CUST-001194,56,52.03,2996.55,Two year,DSL,Yes,No,No,Yes,No,Yes,Yes,Electronic check,Yes,No,No,Yes,0
CUST-001195,47,106.79,5077.59,Month-to-month,Fiber optic,No,No,No,No,No,Yes,Yes,Credit card,Yes,No,No,No,1
CUST-001196,27,84.21,2349.84,Month-to-month,Fiber optic,No,No,Yes,Yes,No,Yes,Yes,Electronic check,No,No,No,No,1
CUST-001197,19,64.48,1181.71,Month-to-month,DSL,Yes,No,No,No,Yes,Yes,No,Credit card,No,No,Yes,No,0
CUST-001198,67,73.12,4770.39,Two year,DSL,No,Yes,No,No,No,Yes,No,Bank transfer,Yes,No,No,No,0
CUST-001199,33,40.7,1278.04,One year,No,No,No,No,No,No,Yes,No,Electronic check,Yes,No,No,Yes,1
CUST-001200,4,55.09,62.94,Month-to-month,No,No,No,Yes,No,Yes,Yes,Yes,Electronic check,No,No,No,Yes,0
CUST-001201,57,108.04,6036.12,Month-to-month,Fiber optic,Yes,No,No,Yes,Yes,Yes,No,Mailed check,Yes,No,Yes,No,1
CUST-001202,38,87.82,3374.36,Month-to-month,Fiber optic,No,No,Yes,No,No,No,No,Credit card,Yes,No,No,No,1
CUST-001203,12,89.39,1070.5,Month-to-month,Fiber optic,No,No,No,No,No,Yes,No,Mailed check,Yes,No,Yes,Yes,1
CUST-001204,55,59.15,3201.36,Two year,No,No,Yes,Yes,No,No,Yes,No,Electronic check,Yes,No,No,No,0
CUST-001205,37,83.32,3123.72,Month-to-month,DSL,Yes,No,No,Yes,Yes,Yes,Yes,Mailed check,No,No,Yes,Yes,0
CUST-001206,37,103.8,3905.93,Month-to-month,Fiber optic,Yes,No,No,Yes,Yes,No,No,Bank transfer,Yes,Yes,No,No,1
CUST-001207,61,87.42,5511.66,Month-to-month,DSL,Yes,No,Yes,Yes,No,Yes,Yes,Bank transfer,Yes,No,Yes,No,0
CUST-001208,29,50.45,1873.39,Two year,No,Yes,Yes,No,No,No,Yes,No,Electronic check,Yes,No,Yes,No,0
CUST-001209,3,39.12,276.46,One year,No,No,Yes,No,Yes,No,Yes,Yes,Credit card,Yes,No,Yes,Yes,0
CUST-001210,59,38.74,2293.31,Month-to-month,No,No,No,No,Yes,No,Yes,No,Bank transfer,Yes,Yes,Yes,No,0
CUST-001211,15,104.56,1272.76,Two year,Fiber optic,No,No,No,Yes,No,Yes,Yes,Mailed check,Yes,No,No,No,0
CUST-001212,37,94.57,3611.05,Month-to-month,Fiber optic,No,No,No,No,No,Yes,Yes,Mailed check,Yes,No,Yes,No,1
CUST-001213,31,39.9,1334.66,Month-to-month,No,No,Yes,Yes,Yes,No,Yes,No,Electronic check,Yes,No,Yes,Yes,0
CUST-001214,66,75.74,5183.91,Month-to-month,Fiber optic,Yes,Yes,No,No,No,No,No,Credit card,Yes,No,Yes,No,0
CUST-001215,1,102.59,259.42,One year,Fiber optic,No,No,Yes,No,No,Yes,No,Electronic check,No,No,Yes,No,1
CUST-001216,17,105.58,1840.54,Month-to-month,Fiber optic,No,Yes,Yes,No,Yes,No,Yes,Credit card,Yes,No,No,No,0
CUST-001217,27,82.91,2122.66,One year,DSL,No,No,No,Yes,No,Yes,Yes,Mailed check,Yes,No,No,No,1
CUST-001218,43,101.38,4155.32,One year,Fiber optic,No,No,Yes,Yes,Yes,Yes,Yes,Credit card,Yes,No,No,No,0
CUST-001219,15,111.79,1561.46,Month-to-month,Fiber optic,Yes,Yes,No,Yes,Yes,No,Yes,Electronic check,No,No,Yes,Yes,1
CUST-001220,46,80.86,3719.19,Two year,DSL,No,Yes,No,Yes,Yes,Yes,Yes,Mailed check,No,No,No,No,1
CUST-001221,12,49.29,616.01,One year,No,No,Yes,No,Yes,Yes,Yes,Yes,Credit card,Yes,No,Yes,Yes,1
CUST-001222,66,97.34,6339.93,Month-to-month,Fiber optic,Yes,No,Yes,No,No,Yes,No,Credit card,Yes,No,Yes,Yes,0
CUST-001223,68,96.28,6657.38,One year,Fiber optic,No,Yes,No,Yes,No,Yes,No,Credit card,No,Yes,Yes,No,0
CUST-001224,6,114.76,671.93,Month-to-month,Fiber optic,No,No,Yes,No,No,Yes,Yes,Bank transfer,Yes,No,Yes,No,1
CUST-001225,44,124.71,5368.71,Month-to-month,Fiber optic,Yes,Yes,No,Yes,No,Yes,Yes,Electronic check,Yes,No,Yes,No,1
CUST-001226,58,72.77,4328.42,Month-to-month,DSL,No,No,No,No,Yes,Yes,Yes,Bank transfer,No,No,Yes,No,0
CUST-001227,25,115.52,2804.98,Month-to-month,Fiber optic,No,No,Yes,Yes,Yes,Yes,No,Electronic check,Yes,Yes,Yes,Yes,1
CUST-001228,49,71.15,3401.44,Month-to-month,DSL,No,No,No,No,Yes,Yes,No,Electronic check,Yes,No,Yes,No,1
CUST-001229,58,79.68,4189.66,Two year,DSL,Yes,No,No,No,No,Yes,Yes,Electronic check,Yes,No,No,No,0
CUST-001230,62,51.13,3080.59,Month-to-month,DSL,No,No,Yes,No,No,Yes,No,Electronic check,Yes,Yes,Yes,Yes,0
CUST-001231,42,100.3,4163.21,Month-to-month,Fiber optic,No,No,No,Yes,Yes,Yes,No,Bank transfer,No,No,No,No,1
CUST-001232,44,106.97,4255.71,One year,Fiber optic,No,No,Yes,No,No,Yes,No,Bank transfer,Yes,No,No,No,0
CUST-001233,10,108.78,913.04,Two year,Fiber optic,No,Yes,No,No,Yes,Yes,Yes,Bank transfer,Yes,No,No,No,1
CUST-001234,33,131.55,4566.81,One year,Fiber optic,Yes,Yes,Yes,Yes,No,Yes,Yes,Electronic check,Yes,No,Yes,No,0
CUST-001235,52,54.14,3052.34,Month-to-month,DSL,Yes,Yes,No,Yes,No,Yes,No,Bank transfer,Yes,No,No,No,0
CUST-001236,58,112.89,6258.43,Month-to-month,Fiber optic,Yes,No,Yes,Yes,No,Yes,Yes,Credit card,Yes,No,Yes,Yes,0
CUST-001237,25,79.03,2029.28,Two year,DSL,No,Yes,Yes,No,Yes,Yes,Yes,Bank transfer,Yes,No,Yes,No,0
CUST-001238,20,60.51,1308.9,Two year,No,No,No,Yes,Yes,Yes,Yes,Yes,Mailed check,No,No,No,Yes,0
CUST-001239,52,78.8,4229.04,Month-to-month,DSL,No,No,No,No,Yes,Yes,No,Credit card,Yes,No,Yes,No,1
CUST-001240,4,60.45,203.27,Two year,DSL,No,Yes,Yes,No,No,Yes,Yes,Mailed check,Yes,No,Yes,No,0
CUST-001241,15,82.4,975.79,Month-to-month,DSL,Yes,Yes,Yes,Yes,No,Yes,Yes,Credit card,No,No,Yes,Yes,1
CUST-001242,54,61.61,3418.18,Month-to-month,No,Yes,No,Yes,Yes,No,Yes,Yes,Mailed check,No,Yes,Yes,Yes,0
CUST-001243,49,57.36,2772.64,Two year,No,Yes,No,No,No,Yes,Yes,No,Electronic check,Yes,No,No,Yes,0
CUST-001244,59,82.33,4679.31,Two year,DSL,Yes,No,No,Yes,Yes,Yes,No,Electronic check,No,No,No,Yes,0
CUST-001245,56,103.71,5854.4,One year,Fiber optic,No,Yes,No,Yes,No,Yes,Yes,Bank transfer,No,No,Yes,Yes,0
CUST-001246,60,80.47,4980.91,Month-to-month,DSL,No,No,Yes,No,No,Yes,Yes,Credit card,No,No,No,No,1
CUST-001247,23,131.82,2734.12,One year,Fiber optic,No,Yes,Yes,Yes,Yes,Yes,Yes,Bank transfer,Yes,No,Yes,No,1
CUST-001248,32,65.25,2266.61,One year,DSL,No,No,No,Yes,No,Yes,No,Electronic check,No,No,Yes,No,0
CUST-001249,44,51.19,2358.82,Month-to-month,DSL,No,No,Yes,Yes,No,No,No,Credit card,No,No,Yes,No,0
CUST-001250,53,98.36,5332.55,Month-to-month,Fiber optic,No,Yes,Yes,No,No,No,Yes,Electronic check,No,Yes,Yes,Yes,1
CUST-001251,27,116.79,3114.88,Month-to-month,Fiber optic,Yes,Yes,Yes,Yes,Yes,Yes,Yes,Bank transfer,Yes,Yes,No,No,1
CUST-001252,52,90.94,4529.29,Two year,Fiber optic,No,No,No,No,No,Yes,No,Bank transfer,No,No,Yes,Yes,0
CUST-001253,13,88.93,1021.85,Month-to-month,Fiber optic,No,Yes,No,No,No,Yes,No,Credit card,Yes,No,Yes,Yes,0
CUST-001254,21,115.82,2361.08,Month-to-month,Fiber optic,Yes,No,Yes,No,No,Yes,Yes,Electronic check,Yes,No,Yes,No,1
CUST-001255,48,95.69,4610.77,Month-to-month,Fiber optic,Yes,No,Yes,No,No,Yes,No,Credit card,Yes,No,No,No,1
CUST-001256,55,62.0,3476.28,Month-to-month,DSL,Yes,No,No,No,Yes,Yes,No,Bank transfer,No,No,Yes,No,1
CUST-001257,5,89.27,548.74,Month-to-month,Fiber optic,No,No,No,No,No,Yes,No,Electronic check,Yes,No,Yes,No,1
CUST-001258,70,56.28,4009.34,Month-to-month,No,Yes,Yes,No,Yes,No,Yes,No,Credit card,No,No,Yes,No,0
CUST-001259,57,80.28,4848.28,One year,DSL,No,Yes,Yes,Yes,Yes,Yes,Yes,Electronic check,Yes,No,Yes,Yes,0
CUST-001260,25,66.48,1700.0,Month-to-month,DSL,No,No,Yes,No,Yes,No,Yes,Bank transfer,Yes,Yes,Yes,No,1
CUST-001261,47,94.74,4279.21,One year,Fiber optic,No,No,Yes,No,Yes,Yes,No,Electronic check,Yes,No,Yes,No,0
CUST-001262,19,107.19,2091.02,Month-to-month,Fiber optic,No,No,No,No,Yes,Yes,Yes,Bank transfer,No,No,Yes,No,1
CUST-001263,8,89.42,470.28,Month-to-month,DSL,Yes,No,No,Yes,Yes,No,Yes,Bank transfer,Yes,No,Yes,No,1
CUST-001264,42,71.45,3062.61,Month-to-month,DSL,No,Yes,No,Yes,No,Yes,No,Electronic check,Yes,No,Yes,Yes,1
CUST-001265,65,76.73,4975.09,Month-to-month,DSL,No,No,No,Yes,No,Yes,No,Mailed check,Yes,No,Yes,Yes,1
CUST-001266,64,101.82,6411.36,Month-to-month,Fiber optic,Yes,No,No,Yes,Yes,Yes,No,Electronic check,Yes,Yes,Yes,No,1
CUST-001267,5,66.79,383.43,Two year,No,No,Yes,No,Yes,Yes,Yes,No,Credit card,Yes,No,Yes,No,1
CUST-001268,44,76.92,3456.24,Two year,DSL,No,No,Yes,Yes,No,Yes,Yes,Electronic check,Yes,No,No,No,0
CUST-001269,5,113.0,257.92,Month-to-month,Fiber optic,No,No,Yes,Yes,No,Yes,Yes,Mailed check,Yes,No,No,No,1
CUST-001270,70,110.38,7562.73,Two year,Fiber optic,No,Yes,Yes,No,No,Yes,No,Bank transfer,No,No,No,No,0
CUST-001271,30,95.03,3021.41,Month-to-month,Fiber optic,Yes,No,Yes,No,No,Yes,Yes,Electronic check,Yes,No,No,No,0
CUST-001272,67,95.32,6495.26,Month-to-month,Fiber optic,Yes,Yes,Yes,No,No,No,Yes,Mailed check,Yes,Yes,No,No,0
CUST-001273,37,130.04,4591.46,Month-to-month,Fiber optic,No,Yes,Yes,Yes,Yes,Yes,No,Credit card,No,No,Yes,No,1
CUST-001274,51,83.61,4302.28,Month-to-month,DSL,Yes,No,Yes,No,No,Yes,Yes,Electronic check,Yes,No,Yes,No,0
CUST-001275,1,52.96,6.39,Month-to-month,DSL,Yes,No,No,No,No,Yes,No,Bank transfer,Yes,No,No,Yes,0
CUST-001276,51,31.22,1652.38,Month-to-month,No,No,No,No,No,Yes,Yes,No,Credit card,No,No,Yes,Yes,0
CUST-001277,43,53.71,2329.44,Two year,No,Yes,Yes,No,Yes,Yes,Yes,Yes,Mailed check,No,No,No,No,0
CUST-001278,12,37.41,259.98,Two year,No,No,No,No,No,No,Yes,Yes,Bank transfer,No,No,Yes,No,0
CUST-001279,32,31.11,664.14,One year,No,No,No,Yes,Yes,Yes,Yes,No,Electronic check,Yes,No,No,Yes,0
CUST-001280,24,94.57,2376.73,One year,Fiber optic,Yes,Yes,No,No,No,Yes,No,Credit card,No,No,Yes,Yes,0
CUST-001281,2,48.38,0.0,Month-to-month,No,Yes,No,Yes,Yes,Yes,Yes,Yes,Bank transfer,Yes,No,Yes,No,0
CUST-001282,59,67.83,4212.86,Month-to-month,No,Yes,No,No,Yes,Yes,Yes,Yes,Bank transfer,No,No,Yes,No,0
CUST-001283,49,49.03,2144.59,Month-to-month,No,Yes,Yes,No,No,Yes,Yes,No,Mailed check,Yes,No,No,Yes,1
CUST-001284,29,58.5,1693.44,One year,No,No,Yes,Yes,No,Yes,Yes,No,Electronic check,Yes,No,No,No,0
CUST-001285,22,109.33,2310.74,Month-to-month,Fiber optic,Yes,No,Yes,No,Yes,Yes,Yes,Bank transfer,Yes,Yes,Yes,No,1
CUST-001286,16,115.3,2006.77,Month-to-month,Fiber optic,No,Yes,No,Yes,No,Yes,No,Electronic check,Yes,No,No,No,1
CUST-001287,55,99.36,5475.9,Month-to-month,Fiber optic,No,Yes,Yes,No,No,Yes,No,Bank transfer,Yes,No,Yes,No,1
CUST-001288,4,127.19,266.04,Month-to-month,Fiber optic,Yes,No,Yes,Yes,Yes,Yes,Yes,Electronic check,Yes,No,Yes,No,1
CUST-001289,37,103.96,3937.56,One year,Fiber optic,Yes,No,Yes,No,Yes,Yes,No,Electronic check,No,No,No,Yes,0
CUST-001290,16,39.9,545.01,One year,No,No,Yes,No,No,Yes,Yes,No,Electronic check,Yes,No,Yes,No,0
CUST-001291,5,81.18,251.7,Two year,DSL,No,No,No,Yes,No,Yes,Yes,Bank transfer,Yes,No,No,No,0
CUST-001292,42,131.19,5890.96,Two year,Fiber optic,No,Yes,Yes,Yes,No,Yes,No,Electronic check,Yes,Yes,Yes,No,1
CUST-001293,20,91.05,1933.12,One year,Fiber optic,No,No,Yes,No,Yes,Yes,Yes,Electronic check,Yes,No,No,No,1
CUST-001294,67,58.96,3915.23,Month-to-month,No,No,Yes,Yes,Yes,No,Yes,Yes,Bank transfer,Yes,No,No,No,0
CUST-001295,51,117.66,6053.69,Month-to-month,Fiber optic,No,No,No,Yes,Yes,Yes,No,Credit card,Yes,No,Yes,No,1
CUST-001296,28,44.29,1082.54,One year,No,No,No,Yes,Yes,No,Yes,No,Bank transfer,No,No,No,No,0
CUST-001297,71,89.8,6381.49,Month-to-month,DSL,No,Yes,Yes,Yes,Yes,Yes,Yes,Electronic check,Yes,Yes,No,Yes,1
CUST-001298,57,68.98,3974.52,Month-to-month,DSL,Yes,No,No,No,No,No,Yes,Bank transfer,Yes,No,No,Yes,1
CUST-001299,36,128.38,4632.61,Month-to-month,Fiber optic,Yes,Yes,No,Yes,Yes,Yes,Yes,Bank transfer,No,No,Yes,No,1
CUST-001300,9,86.02,982.42,Two year,DSL,Yes,Yes,No,No,Yes,Yes,Yes,Mailed check,No,No,No,No,0
CUST-001301,5,67.63,186.09,One year,DSL,No,Yes,No,No,Yes,No,Yes,Bank transfer,Yes,No,Yes,No,0
CUST-001302,60,113.48,6839.01,Month-to-month,Fiber optic,Yes,No,No,Yes,Yes,Yes,Yes,Electronic check,No,No,No,No,0
CUST-001303,34,36.88,1285.01,Two year,No,No,Yes,No,No,No,No,Yes,Mailed check,Yes,No,No,No,0
CUST-001304,67,64.09,4168.2,Month-to-month,No,Yes,No,Yes,Yes,Yes,Yes,No,Mailed check,Yes,No,No,No,0
CUST-001305,35,62.85,2180.33,Month-to-month,DSL,No,Yes,No,No,No,Yes,Yes,Electronic check,Yes,No,No,No,1
CUST-001306,36,85.58,2877.73,One year,DSL,No,Yes,Yes,No,Yes,Yes,No,Bank transfer,Yes,No,No,Yes,0
CUST-001307,60,99.87,6146.53,Month-to-month,Fiber optic,No,No,No,No,Yes,Yes,Yes,Bank transfer,No,No,No,No,1
CUST-001308,33,60.26,2154.54,Month-to-month,DSL,No,No,No,No,Yes,Yes,No,Electronic check,Yes,No,No,Yes,0
CUST-001309,37,94.91,3409.27,Month-to-month,Fiber optic,No,Yes,No,No,No,Yes,Yes,Electronic check,Yes,No,Yes,No,0
CUST-001310,66,91.8,5927.92,Two year,DSL,No,No,No,Yes,Yes,No,Yes,Bank transfer,Yes,No,Yes,Yes,0
CUST-001311,17,105.73,2090.03,Month-to-month,Fiber optic,No,Yes,Yes,Yes,No,Yes,Yes,Credit card,No,No,No,No,1
CUST-001312,16,110.64,1728.64,Month-to-month,Fiber optic,No,No,Yes,No,No,Yes,Yes,Electronic check,Yes,No,Yes,No,1
CUST-001313,67,93.5,6337.77,Month-to-month,DSL,No,Yes,Yes,Yes,No,Yes,Yes,Bank transfer,No,No,Yes,No,0
CUST-001314,67,78.85,5543.96,Two year,DSL,Yes,No,Yes,Yes,No,Yes,Yes,Electronic check,Yes,No,Yes,No,0
CUST-001315,71,56.13,4015.79,Month-to-month,DSL,Yes,No,No,Yes,No,Yes,No,Credit card,Yes,No,No,No,0
CUST-001316,66,59.32,4072.03,One year,DSL,No,Yes,No,No,Yes,Yes,Yes,Mailed check,No,No,Yes,Yes,0
CUST-001317,1,76.64,309.79,Month-to-month,DSL,No,No,No,Yes,Yes,Yes,No,Mailed check,Yes,No,No,No,1
CUST-001318,69,55.57,3594.16,Month-to-month,DSL,No,No,Yes,Yes,No,No,Yes,Bank transfer,Yes,No,No,No,1
CUST-001319,11,90.09,1144.78,Two year,DSL,No,No,Yes,No,Yes,Yes,Yes,Credit card,Yes,No,Yes,No,0
CUST-001320,65,73.4,4739.97,Month-to-month,DSL,No,No,Yes,No,No,Yes,Yes,Electronic check,Yes,No,Yes,No,1
CUST-001321,50,72.06,3476.31,Month-to-month,DSL,No,No,Yes,Yes,No,Yes,Yes,Electronic check,Yes,No,No,No,0
CUST-001322,38,121.82,4544.73,Month-to-month,Fiber optic,No,No,Yes,Yes,Yes,Yes,No,Credit card,Yes,No,Yes,No,1
CUST-001323,33,98.78,3420.92,Month-to-month,Fiber optic,No,No,Yes,Yes,No,Yes,No,Electronic check,No,No,No,No,1
CUST-001324,49,111.02,5610.75,One year,Fiber optic,No,No,No,Yes,Yes,Yes,No,Mailed check,Yes,No,No,Yes,1
CUST-001325,47,85.2,3931.21,Two year,DSL,No,Yes,No,Yes,No,Yes,No,Mailed check,No,No,No,No,0
CUST-001326,38,129.9,5018.95,Month-to-month,Fiber optic,No,No,No,Yes,Yes,Yes,Yes,Electronic check,Yes,No,No,No,1
CUST-001327,5,81.55,455.83,One year,Fiber optic,Yes,Yes,No,Yes,No,Yes,No,Electronic check,No,No,No,No,0
CUST-001328,22,122.95,2714.92,Month-to-month,Fiber optic,No,Yes,Yes,No,No,Yes,Yes,Credit card,No,Yes,Yes,No,1
CUST-001329,12,93.28,1089.87,Month-to-month,Fiber optic,Yes,Yes,No,No,No,Yes,No,Credit card,Yes,Yes,No,No,1
CUST-001330,72,126.2,9039.49,Month-to-month,Fiber optic,Yes,No,No,Yes,No,Yes,Yes,Credit card,Yes,No,No,No,0
CUST-001331,61,81.52,5180.35,One year,DSL,No,Yes,Yes,Yes,No,Yes,Yes,Electronic check,No,No,No,Yes,0
CUST-001332,1,42.71,255.73,Month-to-month,No,No,No,No,No,No,No,No,Electronic check,No,No,No,No,1
CUST-001333,45,62.85,2673.12,Month-to-month,DSL,No,Yes,No,No,No,Yes,Yes,Mailed check,Yes,No,No,No,1
CUST-001334,18,59.15,722.56,One year,DSL,No,Yes,No,No,No,Yes,Yes,Bank transfer,Yes,No,No,No,0
CUST-001335,36,83.48,3134.08,Two year,DSL,No,No,Yes,Yes,Yes,Yes,Yes,Electronic check,No,No,No,Yes,0
CUST-001336,67,105.63,7121.77,Month-to-month,Fiber optic,No,No,No,Yes,No,Yes,Yes,Electronic check,Yes,No,Yes,Yes,0
CUST-001337,42,105.37,4424.37,Month-to-month,Fiber optic,No,No,No,No,Yes,Yes,Yes,Electronic check,No,No,No,No,1
CUST-001338,69,103.96,7376.94,One year,Fiber optic,Yes,No,No,No,No,No,Yes,Electronic check,No,No,Yes,Yes,0
CUST-001339,23,116.51,2587.34,Two year,Fiber optic,Yes,Yes,Yes,Yes,No,Yes,Yes,Electronic check,No,No,No,No,1
CUST-001340,20,90.02,1793.19,Two year,Fiber optic,No,No,No,Yes,Yes,Yes,No,Credit card,Yes,No,No,No,0
CUST-001341,61,74.82,4526.84,Two year,DSL,No,Yes,Yes,No,No,Yes,No,Mailed check,Yes,Yes,Yes,No,0
CUST-001342,72,113.81,8193.32,Month-to-month,Fiber optic,No,No,Yes,Yes,Yes,Yes,Yes,Bank transfer,Yes,No,No,No,0
CUST-001343,47,104.13,4956.23,Month-to-month,Fiber optic,Yes,Yes,No,Yes,Yes,Yes,No,Bank transfer,No,No,Yes,No,1
CUST-001344,59,57.52,3350.06,Month-to-month,DSL,No,Yes,Yes,No,No,Yes,No,Bank transfer,Yes,No,Yes,Yes,0
CUST-001345,29,56.55,1875.56,Month-to-month,No,Yes,Yes,Yes,Yes,No,Yes,Yes,Electronic check,Yes,No,No,No,1
CUST-001346,56,40.53,2211.86,Month-to-month,No,No,Yes,Yes,Yes,No,Yes,No,Mailed check,No,Yes,No,Yes,1
CUST-001347,12,93.32,1212.81,One year,DSL,No,Yes,Yes,Yes,No,Yes,Yes,Bank transfer,Yes,No,No,Yes,0
CUST-001348,41,73.63,2891.07,Month-to-month,DSL,No,No,No,No,No,Yes,Yes,Mailed check,Yes,Yes,No,Yes,0
CUST-001349,54,95.97,5057.74,Two year,Fiber optic,No,No,No,No,No,Yes,No,Electronic check,Yes,Yes,Yes,Yes,0
CUST-001350,28,41.08,944.23,Month-to-month,No,Yes,No,No,Yes,No,Yes,Yes,Bank transfer,Yes,No,Yes,Yes,0
CUST-001351,20,90.64,1792.26,Month-to-month,DSL,No,Yes,No,Yes,Yes,Yes,Yes,Electronic check,Yes,No,Yes,No,1
CUST-001352,0,62.24,0.0,Month-to-month,DSL,Yes,No,No,Yes,No,Yes,No,Electronic check,Yes,No,No,No,1
CUST-001353,33,108.36,3461.88,One year,Fiber optic,No,Yes,Yes,Yes,No,Yes,No,Electronic check,No,No,No,No,0
CUST-001354,26,69.78,1987.43,Month-to-month,DSL,No,Yes,No,No,Yes,Yes,Yes,Credit card,No,No,Yes,No,0
CUST-001355,48,77.83,3767.1,Month-to-month,No,Yes,Yes,No,No,Yes,Yes,Yes,Electronic check,No,No,No,No,1
CUST-001356,27,89.23,2131.2,Month-to-month,DSL,No,No,Yes,Yes,Yes,Yes,No,Mailed check,Yes,No,Yes,No,1
CUST-001357,52,96.26,4867.14,Month-to-month,Fiber optic,Yes,Yes,Yes,No,Yes,No,Yes,Credit card,No,No,Yes,Yes,0
CUST-001358,5,120.47,733.02,Month-to-month,Fiber optic,No,No,No,Yes,No,Yes,Yes,Bank transfer,Yes,No,Yes,No,1
CUST-001359,72,91.27,6482.46,Two year,Fiber optic,No,Yes,Yes,No,Yes,Yes,No,Bank transfer,Yes,No,No,Yes,0
CUST-001360,6,113.59,646.64,One year,Fiber optic,Yes,No,Yes,No,Yes,Yes,No,Credit card,Yes,No,Yes,No,0
CUST-001361,25,121.51,2919.34,Two year,Fiber optic,No,No,No,No,Yes,Yes,Yes,Credit card,Yes,No,Yes,No,0
CUST-001362,19,88.9,1836.32,One year,DSL,No,Yes,No,Yes,Yes,Yes,No,Electronic check,Yes,No,No,No,0
CUST-001363,58,78.13,4724.49,Month-to-month,DSL,No,Yes,Yes,No,No,Yes,No,Mailed check,Yes,No,No,No,1
CUST-001364,36,75.43,2889.2,One year,No,Yes,No,No,Yes,No,Yes,Yes,Credit card,Yes,No,No,No,0
CUST-001365,54,79.6,4358.59,Month-to-month,DSL,No,No,Yes,Yes,Yes,Yes,No,Mailed check,Yes,Yes,No,Yes,0
CUST-001366,56,88.94,4820.39,Month-to-month,DSL,No,Yes,No,Yes,Yes,Yes,Yes,Credit card,No,No,Yes,No,0
CUST-001367,47,35.34,1672.08,Month-to-month,No,No,No,No,No,Yes,Yes,Yes,Bank transfer,Yes,No,Yes,No,0
CUST-001368,42,77.32,3091.21,Month-to-month,DSL,No,Yes,No,Yes,Yes,Yes,Yes,Electronic check,No,No,Yes,No,1
CUST-001369,37,94.63,3274.36,Two year,Fiber optic,No,No,No,No,Yes,Yes,Yes,Credit card,Yes,No,No,No,0
CUST-001370,39,57.92,2234.82,Two year,DSL,Yes,No,No,No,No,Yes,No,Electronic check,No,Yes,Yes,Yes,1
CUST-001371,56,102.19,5610.3,Month-to-month,Fiber optic,Yes,No,Yes,No,No,Yes,No,Credit card,Yes,No,No,No,0
CUST-001372,58,78.98,4464.87,Month-to-month,DSL,No,No,No,Yes,Yes,Yes,No,Mailed check,No,No,Yes,No,0
CUST-001373,33,126.4,4140.75,One year,Fiber optic,Yes,Yes,Yes,Yes,Yes,Yes,No,Bank transfer,No,No,Yes,Yes,1
CUST-001374,61,72.59,4726.89,Month-to-month,DSL,No,Yes,Yes,No,Yes,Yes,Yes,Bank transfer,Yes,No,No,Yes,0
CUST-001375,1,100.62,0.0,Two year,Fiber optic,No,Yes,No,Yes,No,Yes,No,Mailed check,Yes,No,No,Yes,1
CUST-001376,32,48.5,1456.68,Two year,DSL,Yes,No,Yes,No,No,No,No,Electronic check,No,No,No,No,0
CUST-001377,50,117.93,6097.19,Month-to-month,Fiber optic,No,No,No,No,Yes,Yes,Yes,Electronic check,No,No,No,No,1
CUST-001378,44,79.77,3392.06,Month-to-month,Fiber optic,No,No,No,No,No,Yes,No,Electronic check,No,Yes,Yes,No,1
CUST-001379,29,45.7,1352.83,One year,No,No,No,No,No,No,Yes,Yes,Electronic check,No,Yes,Yes,No,0
CUST-001380,67,94.0,6624.79,Two year,Fiber optic,Yes,Yes,Yes,No,No,Yes,Yes,Electronic check,Yes,No,No,No,1
CUST-001381,4,100.99,397.43,One year,Fiber optic,No,No,Yes,No,No,Yes,No,Bank transfer,No,Yes,No,No,1
CUST-001382,5,102.08,757.01,One year,Fiber optic,No,Yes,Yes,No,Yes,Yes,Yes,Mailed check,No,No,No,No,0
CUST-001383,34,58.66,2177.14,One year,DSL,Yes,No,Yes,No,No,Yes,No,Electronic check,No,No,No,Yes,0
CUST-001384,44,103.07,4414.54,Month-to-month,Fiber optic,No,Yes,No,No,No,Yes,Yes,Bank transfer,Yes,No,Yes,No,1
CUST-001385,29,79.26,2181.25,One year,DSL,No,No,Yes,Yes,Yes,Yes,No,Mailed check,Yes,No,Yes,No,0
CUST-001386,56,62.2,3546.39,Month-to-month,DSL,Yes,No,No,Yes,No,Yes,No,Credit card,Yes,No,No,No,0
CUST-001387,47,99.53,4493.23,Two year,Fiber optic,Yes,Yes,No,No,Yes,Yes,No,Credit card,Yes,No,No,No,0
CUST-001388,31,122.63,3590.82,One year,Fiber optic,Yes,No,Yes,Yes,No,Yes,Yes,Bank transfer,Yes,No,Yes,No,1
CUST-001389,20,124.7,2853.03,Month-to-month,Fiber optic,Yes,Yes,Yes,Yes,Yes,Yes,Yes,Credit card,Yes,No,No,No,1
CUST-001390,54,26.14,1091.23,Month-to-month,No,No,No,No,No,Yes,Yes,No,Mailed check,Yes,No,No,No,0
CUST-001391,35,82.48,2921.63,Month-to-month,DSL,Yes,No,No,Yes,No,No,No,Bank transfer,Yes,No,Yes,No,0
CUST-001392,61,87.45,5060.88,Two year,DSL,Yes,Yes,No,No,No,Yes,Yes,Bank transfer,Yes,Yes,No,No,0
CUST-001393,14,89.64,1513.74,One year,DSL,No,Yes,No,Yes,Yes,No,No,Credit card,Yes,No,No,No,0
CUST-001394,55,93.78,5224.82,Two year,DSL,Yes,Yes,No,No,Yes,Yes,Yes,Electronic check,No,No,Yes,No,0
CUST-001395,51,82.2,4159.68,Month-to-month,DSL,Yes,No,Yes,Yes,Yes,Yes,Yes,Electronic check,Yes,No,No,No,0
CUST-001396,39,84.97,3432.63,One year,DSL,Yes,Yes,Yes,No,Yes,Yes,No,Bank transfer,No,No,Yes,No,0
CUST-001397,69,112.55,7742.37,One year,Fiber optic,No,Yes,Yes,Yes,Yes,Yes,Yes,Electronic check,No,No,No,Yes,0
CUST-001398,52,84.04,4305.07,Month-to-month,Fiber optic,Yes,No,No,No,No,Yes,Yes,Electronic check,No,No,Yes,Yes,1
CUST-001399,67,132.43,8779.2,Two year,Fiber optic,No,No,Yes,Yes,Yes,Yes,Yes,Electronic check,Yes,No,No,No,0
CUST-001400,51,70.35,3597.5,Month-to-month,DSL,Yes,No,Yes,Yes,No,Yes,Yes,Electronic check,Yes,No,No,Yes,0
CUST-001401,21,115.89,2385.44,Two year,Fiber optic,Yes,Yes,Yes,Yes,No,Yes,Yes,Bank transfer,No,No,Yes,No,0
CUST-001402,27,28.51,659.15,One year,No,No,No,No,No,No,Yes,No,Credit card,No,No,Yes,Yes,0
CUST-001403,64,73.05,4805.26,Two year,DSL,No,Yes,No,Yes,Yes,Yes,No,Mailed check,Yes,No,Yes,No,0
CUST-001404,1,121.1,0.0,Two year,Fiber optic,Yes,No,Yes,No,Yes,Yes,Yes,Credit card,Yes,No,Yes,No,0
CUST-001405,66,44.28,2632.34,One year,No,No,Yes,No,Yes,No,Yes,No,Credit card,Yes,No,Yes,Yes,0
CUST-001406,69,114.53,7965.86,One year,Fiber optic,No,Yes,Yes,No,Yes,Yes,No,Electronic check,Yes,No,No,No,0
CUST-001407,61,62.0,3879.69,Month-to-month,No,Yes,Yes,Yes,No,Yes,Yes,No,Credit card,Yes,No,Yes,No,0
CUST-001408,34,46.98,1373.54,Month-to-month,No,No,No,No,Yes,No,Yes,No,Bank transfer,Yes,No,Yes,Yes,0
CUST-001409,50,72.54,3567.25,Month-to-month,DSL,No,No,Yes,Yes,No,Yes,No,Electronic check,Yes,No,No,No,1
CUST-001410,21,41.12,1109.69,Month-to-month,No,No,No,Yes,No,No,Yes,No,Credit card,Yes,No,Yes,Yes,1
CUST-001411,13,85.15,1191.96,Month-to-month,Fiber optic,Yes,No,No,No,No,No,Yes,Credit card,No,No,No,No,1
CUST-001412,18,110.94,2115.04,Month-to-month,Fiber optic,Yes,Yes,No,Yes,No,Yes,Yes,Bank transfer,Yes,No,Yes,Yes,0
CUST-001413,65,80.3,5218.62,Month-to-month,DSL,Yes,No,No,Yes,Yes,Yes,No,Bank transfer,No,Yes,No,No,0
CUST-001414,29,77.49,1982.5,Month-to-month,DSL,Yes,Yes,No,Yes,No,Yes,No,Electronic check,No,No,Yes,Yes,0
CUST-001415,52,84.56,4111.08,One year,DSL,No,Yes,Yes,Yes,Yes,Yes,Yes,Credit card,Yes,No,No,No,0
CUST-001416,42,86.49,3757.68,Month-to-month,Fiber optic,No,No,No,No,Yes,Yes,No,Electronic check,Yes,No,No,Yes,1
CUST-001417,72,102.26,7361.22,Month-to-month,Fiber optic,No,Yes,No,No,Yes,Yes,Yes,Mailed check,Yes,No,Yes,Yes,0
CUST-001418,37,90.69,3342.52,Two year,Fiber optic,No,No,Yes,Yes,No,Yes,No,Bank transfer,Yes,No,Yes,No,0
CUST-001419,32,61.45,1699.23,Month-to-month,No,Yes,No,Yes,Yes,Yes,Yes,Yes,Credit card,No,No,No,No,1
CUST-001420,27,47.18,1524.18,Two year,No,No,Yes,No,Yes,No,Yes,Yes,Mailed check,No,No,No,No,0
CUST-001421,49,90.71,4356.05,Two year,Fiber optic,Yes,No,Yes,No,No,Yes,No,Credit card,No,No,Yes,No,0
CUST-001422,5,66.44,365.33,One year,No,Yes,Yes,Yes,No,Yes,Yes,No,Bank transfer,Yes,No,Yes,Yes,1
CUST-001423,70,63.09,4494.33,Month-to-month,DSL,No,No,Yes,No,Yes,Yes,No,Bank transfer,No,No,Yes,No,0
CUST-001424,71,61.63,4603.96,Month-to-month,DSL,No,No,No,No,Yes,Yes,No,Bank transfer,No,No,No,No,1
CUST-001425,7,96.92,518.23,Month-to-month,Fiber optic,No,No,No,Yes,No,Yes,No,Bank transfer,Yes,No,No,No,0
CUST-001426,1,118.59,171.49,One year,Fiber optic,Yes,No,No,No,Yes,Yes,No,Electronic check,No,No,No,No,1
CUST-001427,64,40.56,2904.91,Month-to-month,No,No,No,No,Yes,No,Yes,No,Electronic check,No,No,No,Yes,0
CUST-001428,67,122.93,8301.57,Two year,Fiber optic,Yes,Yes,Yes,Yes,Yes,Yes,No,Electronic check,Yes,No,No,No,0
CUST-001429,33,105.03,3317.55,Month-to-month,Fiber optic,Yes,Yes,No,No,No,Yes,No,Credit card,Yes,Yes,Yes,Yes,0
CUST-001430,2,100.16,337.47,One year,Fiber optic,Yes,No,No,No,No,Yes,Yes,Mailed check,Yes,No,No,No,1
CUST-001431,7,25.28,0.0,Month-to-month,No,No,No,Yes,No,No,Yes,No,Mailed check,No,No,No,Yes,0
CUST-001432,36,85.92,3100.93,Two year,DSL,Yes,No,No,Yes,No,Yes,No,Mailed check,Yes,No,No,Yes,0
CUST-001433,69,108.41,7552.58,Month-to-month,Fiber optic,Yes,No,Yes,Yes,No,Yes,Yes,Credit card,Yes,No,Yes,Yes,0
CUST-001434,57,100.94,5910.59,Month-to-month,Fiber optic,Yes,Yes,No,No,No,Yes,No,Electronic check,Yes,No,Yes,No,0
CUST-001435,2,74.61,161.38,Month-to-month,DSL,Yes,No,Yes,No,Yes,Yes,No,Mailed check,Yes,Yes,No,No,1
CUST-001436,48,62.91,2868.05,Month-to-month,DSL,Yes,No,No,No,No,Yes,No,Bank transfer,Yes,No,No,No,0
CUST-001437,59,98.33,5772.25,One year,Fiber optic,Yes,Yes,Yes,Yes,No,Yes,Yes,Electronic check,Yes,No,No,No,0
CUST-001438,51,109.2,5405.9,Month-to-month,Fiber optic,Yes,No,Yes,Yes,Yes,Yes,Yes,Mailed check,Yes,No,No,No,0
CUST-001439,31,98.56,3397.94,Month-to-month,Fiber optic,Yes,No,No,No,No,Yes,Yes,Credit card,No,No,Yes,Yes,1
CUST-001440,7,48.67,456.03,Month-to-month,DSL,No,No,No,No,No,Yes,No,Electronic check,No,No,Yes,No,1
CUST-001441,53,93.46,4913.8,One year,Fiber optic,No,Yes,Yes,Yes,No,Yes,No,Mailed check,Yes,No,Yes,No,0
CUST-001442,63,92.2,5694.68,One year,Fiber optic,Yes,No,No,Yes,No,No,No,Electronic check,Yes,No,Yes,No,1
CUST-001443,39,117.91,4741.86,One year,Fiber optic,Yes,Yes,No,Yes,Yes,Yes,Yes,Mailed check,Yes,No,No,No,0
CUST-001444,47,77.55,3623.66,One year,DSL,Yes,Yes,Yes,No,No,No,No,Bank transfer,Yes,No,No,No,0
CUST-001445,7,126.5,1003.79,Two year,Fiber optic,Yes,No,Yes,Yes,Yes,Yes,Yes,Electronic check,Yes,No,Yes,No,1
CUST-001446,68,68.22,4612.31,Month-to-month,No,Yes,No,Yes,Yes,No,Yes,No,Bank transfer,Yes,No,Yes,No,0
CUST-001447,26,73.65,1727.39,Month-to-month,DSL,No,No,No,Yes,Yes,Yes,Yes,Credit card,Yes,No,No,No,1
CUST-001448,72,99.56,7432.0,One year,Fiber optic,Yes,Yes,No,No,Yes,No,No,Bank transfer,No,No,No,No,0
CUST-001449,11,71.53,782.25,One year,DSL,No,No,Yes,Yes,Yes,Yes,Yes,Electronic check,Yes,No,Yes,No,0
CUST-001450,55,110.19,6333.04,Month-to-month,Fiber optic,Yes,Yes,No,Yes,Yes,Yes,No,Mailed check,No,No,Yes,Yes,0
CUST-001451,54,83.03,4643.63,Month-to-month,DSL,Yes,Yes,Yes,Yes,No,Yes,No,Mailed check,No,Yes,No,No,1
CUST-001452,58,103.52,5868.05,Month-to-month,Fiber optic,No,Yes,Yes,No,No,Yes,No,Credit card,Yes,No,No,No,1
CUST-001453,19,66.71,1398.79,Two year,DSL,No,No,Yes,Yes,No,Yes,No,Electronic check,Yes,No,Yes,No,0
CUST-001454,70,123.97,8605.75,Month-to-month,Fiber optic,No,No,No,Yes,Yes,Yes,Yes,Electronic check,No,No,Yes,No,0
CUST-001455,29,74.65,2187.79,Month-to-month,DSL,No,No,No,Yes,No,Yes,Yes,Electronic check,Yes,Yes,No,Yes,1
CUST-001456,52,18.0,1054.21,Two year,No,No,No,No,No,No,Yes,No,Electronic check,Yes,No,Yes,Yes,0
CUST-001457,5,79.52,305.37,One year,DSL,Yes,No,Yes,Yes,No,Yes,No,Electronic check,No,No,Yes,Yes,0
CUST-001458,44,46.18,2170.68,Two year,No,No,Yes,Yes,No,No,Yes,No,Electronic check,No,No,Yes,No,0
CUST-001459,18,109.79,1882.04,Month-to-month,Fiber optic,No,Yes,No,Yes,Yes,Yes,No,Mailed check,Yes,Yes,No,No,1
CUST-001460,38,74.89,3262.52,Month-to-month,DSL,No,No,No,Yes,Yes,Yes,Yes,Credit card,No,No,No,No,1
CUST-001461,53,95.78,4826.84,Month-to-month,Fiber optic,Yes,No,No,No,No,Yes,Yes,Electronic check,Yes,Yes,No,No,1
CUST-001462,38,76.58,2931.23,Month-to-month,DSL,No,No,Yes,No,Yes,No,No,Electronic check,No,Yes,No,No,1
CUST-001463,5,81.26,239.81,Month-to-month,DSL,Yes,No,No,No,No,Yes,Yes,Electronic check,No,No,Yes,No,1
CUST-001464,46,91.09,4047.97,Month-to-month,Fiber optic,No,Yes,No,No,No,Yes,No,Bank transfer,Yes,No,Yes,No,1
CUST-001465,26,106.69,2529.0,One year,Fiber optic,Yes,No,Yes,No,No,Yes,Yes,Bank transfer,No,No,No,No,0
CUST-001466,45,111.68,4916.06,Month-to-month,Fiber optic,Yes,No,No,No,Yes,Yes,Yes,Electronic check,No,No,Yes,No,1
CUST-001467,50,66.69,3320.92,Month-to-month,DSL,Yes,No,No,No,Yes,No,No,Electronic check,No,Yes,No,No,0
CUST-001468,0,81.98,260.74,Month-to-month,Fiber optic,No,No,Yes,No,Yes,Yes,No,Electronic check,Yes,No,No,No,1
CUST-001469,20,44.38,1047.01,Two year,No,No,Yes,No,No,Yes,Yes,Yes,Credit card,Yes,No,No,Yes,0
CUST-001470,10,61.05,749.67,One year,DSL,No,No,No,Yes,Yes,Yes,No,Bank transfer,No,No,No,No,1
CUST-001471,50,37.5,1859.95,Month-to-month,No,No,No,Yes,No,No,Yes,No,Electronic check,Yes,No,Yes,Yes,0
CUST-001472,30,71.48,2226.84,Month-to-month,DSL,No,No,No,Yes,No,Yes,No,Electronic check,No,No,No,No,0
CUST-001473,7,35.28,387.59,Two year,No,Yes,No,No,Yes,No,Yes,Yes,Electronic check,No,No,No,No,0
CUST-001474,20,64.15,1410.56,One year,DSL,No,No,Yes,No,No,Yes,No,Credit card,No,Yes,Yes,No,0
CUST-001475,69,98.24,6879.36,Month-to-month,Fiber optic,No,No,No,No,Yes,Yes,Yes,Bank transfer,Yes,No,No,Yes,1
CUST-001476,49,129.65,6114.16,One year,Fiber optic,Yes,Yes,Yes,No,Yes,Yes,Yes,Mailed check,Yes,No,No,No,0
CUST-001477,28,126.45,3734.75,Month-to-month,Fiber optic,Yes,Yes,No,Yes,Yes,Yes,Yes,Credit card,Yes,No,No,No,1
CUST-001478,72,72.82,5455.38,Two year,DSL,No,No,Yes,No,Yes,Yes,No,Electronic check,No,Yes,No,No,0
CUST-001479,49,77.62,3636.49,Two year,DSL,No,No,No,Yes,No,Yes,No,Credit card,Yes,No,No,Yes,0
CUST-001480,19,113.46,1992.91,Two year,Fiber optic,No,Yes,Yes,Yes,Yes,Yes,Yes,Electronic check,No,No,No,No,0
CUST-001481,11,60.11,471.26,One year,DSL,No,No,Yes,No,No,Yes,No,Credit card,No,No,Yes,No,0
CUST-001482,59,107.32,6387.11,Month-to-month,Fiber optic,Yes,No,Yes,No,Yes,Yes,No,Electronic check,No,Yes,No,Yes,1
CUST-001483,22,79.51,1827.54,One year,DSL,Yes,Yes,No,Yes,No,Yes,Yes,Bank transfer,No,No,No,No,0
CUST-001484,27,95.78,2779.84,One year,Fiber optic,No,No,Yes,No,No,Yes,No,Electronic check,No,No,No,Yes,1
CUST-001485,18,90.34,1636.1,Month-to-month,DSL,Yes,Yes,No,Yes,No,Yes,Yes,Bank transfer,Yes,Yes,Yes,No,0
CUST-001486,52,56.83,3181.89,One year,No,Yes,Yes,Yes,Yes,Yes,Yes,No,Electronic check,Yes,No,No,Yes,0
CUST-001487,10,38.54,508.87,Month-to-month,No,No,Yes,No,No,Yes,Yes,No,Credit card,Yes,No,No,No,1
CUST-001488,6,93.18,505.33,Month-to-month,DSL,Yes,No,No,Yes,Yes,Yes,No,Bank transfer,Yes,Yes,Yes,Yes,1
CUST-001489,42,22.83,1108.91,Month-to-month,No,No,No,Yes,No,No,Yes,Yes,Electronic check,Yes,No,Yes,No,1
CUST-001490,45,23.86,1061.34,Month-to-month,No,No,No,No,Yes,No,Yes,No,Electronic check,No,No,No,No,1
CUST-001491,46,116.33,5499.89,Month-to-month,Fiber optic,No,Yes,Yes,No,No,Yes,Yes,Mailed check,Yes,No,No,Yes,0
CUST-001492,38,74.85,2733.61,Month-to-month,DSL,No,Yes,Yes,No,No,Yes,No,Mailed check,Yes,No,No,No,0
CUST-001493,18,105.0,1844.83,One year,Fiber optic,No,No,Yes,No,Yes,Yes,No,Bank transfer,Yes,No,Yes,No,1
CUST-001494,60,90.42,5363.77,Two year,Fiber optic,No,No,No,Yes,Yes,No,No,Bank transfer,No,No,No,No,0
CUST-001495,71,69.93,4904.14,Two year,DSL,No,No,Yes,No,Yes,Yes,No,Electronic check,No,No,Yes,Yes,0
CUST-001496,8,100.86,653.73,One year,DSL,Yes,No,No,Yes,Yes,Yes,Yes,Bank transfer,Yes,No,Yes,Yes,0
CUST-001497,22,96.14,2046.4,Month-to-month,Fiber optic,No,No,No,No,Yes,Yes,No,Credit card,Yes,No,No,Yes,1
CUST-001498,38,114.97,4585.14,Month-to-month,Fiber optic,Yes,No,No,Yes,No,Yes,Yes,Credit card,Yes,No,No,No,1
CUST-001499,30,55.38,1206.46,Month-to-month,No,No,No,Yes,Yes,No,Yes,Yes,Credit card,Yes,No,No,Yes,1
CUST-001500,63,68.89,4356.22,Two year,No,No,No,Yes,Yes,Yes,Yes,Yes,Bank transfer,Yes,No,No,Yes,0
CUST-001501,70,75.88,5524.95,Month-to-month,DSL,No,Yes,No,Yes,No,Yes,Yes,Credit card,Yes,Yes,Yes,No,1
CUST-001502,50,50.7,2575.06,One year,No,No,No,No,Yes,No,Yes,No,Electronic check,No,No,Yes,Yes,0
CUST-001503,29,134.63,3969.31,One year,Fiber optic,No,Yes,No,Yes,No,Yes,Yes,Electronic check,No,No,Yes,No,1
CUST-001504,11,94.24,1121.76,Two year,DSL,Yes,No,No,Yes,No,Yes,Yes,Mailed check,Yes,No,Yes,Yes,1
CUST-001505,54,96.44,5319.67,One year,DSL,No,Yes,Yes,Yes,Yes,Yes,Yes,Mailed check,No,No,Yes,Yes,0
CUST-001506,62,122.99,7356.14,One year,Fiber optic,No,No,No,Yes,Yes,Yes,Yes,Electronic check,No,No,No,Yes,0
CUST-001507,70,95.7,6362.58,Month-to-month,Fiber optic,No,Yes,No,No,Yes,No,Yes,Bank transfer,No,Yes,No,No,0
CUST-001508,16,115.48,1626.2,Month-to-month,Fiber optic,No,Yes,No,No,No,Yes,Yes,Mailed check,No,No,Yes,Yes,0
CUST-001509,45,92.83,4102.68,One year,Fiber optic,Yes,No,No,No,No,No,No,Bank transfer,Yes,Yes,Yes,No,0
CUST-001510,5,20.81,137.84,One year,No,No,No,Yes,Yes,No,No,No,Credit card,No,No,Yes,No,0
CUST-001511,69,84.58,5910.2,Two year,DSL,No,No,Yes,Yes,Yes,Yes,Yes,Mailed check,No,Yes,No,Yes,0
CUST-001512,6,106.5,693.13,One year,Fiber optic,No,Yes,Yes,Yes,No,Yes,No,Credit card,No,Yes,Yes,No,0
CUST-001513,57,96.4,5509.34,Month-to-month,DSL,Yes,No,Yes,Yes,Yes,Yes,No,Electronic check,Yes,No,Yes,Yes,1
CUST-001514,57,49.27,2826.35,One year,No,Yes,Yes,Yes,Yes,No,Yes,Yes,Mailed check,No,No,Yes,Yes,0
CUST-001515,33,98.99,3367.56,Month-to-month,Fiber optic,Yes,No,No,No,No,Yes,No,Bank transfer,No,Yes,Yes,No,1
CUST-001516,61,109.39,6505.33,One year,Fiber optic,Yes,Yes,Yes,No,No,Yes,No,Electronic check,Yes,No,Yes,No,0
CUST-001517,4,49.43,319.06,One year,No,No,Yes,No,No,Yes,Yes,No,Electronic check,Yes,No,No,No,0
CUST-001518,64,89.93,5711.53,One year,Fiber optic,Yes,Yes,Yes,No,No,Yes,No,Bank transfer,No,No,No,Yes,0
CUST-001519,26,80.27,1983.24,Month-to-month,DSL,Yes,Yes,No,No,Yes,Yes,No,Bank transfer,Yes,Yes,Yes,No,1
CUST-001520,55,58.59,3204.01,One year,DSL,Yes,Yes,No,No,No,Yes,No,Mailed check,Yes,No,No,No,0
CUST-001521,9,91.54,655.84,Month-to-month,Fiber optic,Yes,Yes,No,No,No,Yes,Yes,Credit card,Yes,No,No,Yes,0
CUST-001522,65,116.9,7739.33,Month-to-month,Fiber optic,Yes,Yes,Yes,No,Yes,Yes,No,Electronic check,Yes,No,No,Yes,0
CUST-001523,11,96.66,744.93,Month-to-month,Fiber optic,No,No,Yes,No,Yes,No,Yes,Mailed check,No,No,No,No,1
CUST-001524,67,90.65,6017.3,Month-to-month,Fiber optic,No,Yes,Yes,No,No,No,No,Electronic check,Yes,No,No,Yes,0
CUST-001525,21,102.16,2244.07,Month-to-month,Fiber optic,Yes,Yes,No,No,Yes,Yes,No,Electronic check,Yes,No,No,No,1
CUST-001526,39,62.13,2556.21,Two year,DSL,Yes,Yes,No,No,No,Yes,No,Mailed check,Yes,No,No,No,0
CUST-001527,50,99.49,5099.81,One year,Fiber optic,Yes,Yes,No,No,No,Yes,No,Electronic check,Yes,Yes,Yes,No,1
CUST-001528,46,109.99,5092.56,Month-to-month,Fiber optic,No,No,Yes,Yes,No,Yes,Yes,Bank transfer,Yes,No,Yes,No,1
CUST-001529,40,96.17,3821.06,Month-to-month,DSL,Yes,Yes,Yes,No,Yes,Yes,No,Bank transfer,Yes,Yes,Yes,Yes,0
CUST-001530,69,84.7,6163.98,Month-to-month,DSL,No,No,No,Yes,Yes,Yes,Yes,Credit card,Yes,No,No,No,0
CUST-001531,43,121.82,5410.47,Month-to-month,Fiber optic,Yes,Yes,No,Yes,No,Yes,No,Mailed check,Yes,No,Yes,No,1
CUST-001532,37,57.51,2064.57,Two year,DSL,No,Yes,No,No,No,Yes,No,Bank transfer,Yes,Yes,No,No,0
CUST-001533,5,58.57,277.51,Month-to-month,No,Yes,Yes,No,Yes,No,Yes,Yes,Electronic check,Yes,Yes,No,No,1
CUST-001534,17,79.17,1384.92,Month-to-month,DSL,No,No,No,Yes,Yes,Yes,Yes,Bank transfer,No,No,No,No,1
CUST-001535,33,75.98,2311.78,One year,Fiber optic,No,No,No,No,No,Yes,Yes,Credit card,Yes,No,Yes,No,0
CUST-001536,68,85.98,5620.3,Two year,Fiber optic,No,No,No,No,Yes,Yes,No,Credit card,Yes,No,No,No,0
CUST-001537,38,116.88,4205.05,Two year,Fiber optic,Yes,Yes,Yes,Yes,No,Yes,No,Bank transfer,No,Yes,No,No,0
CUST-001538,3,63.47,276.43,Two year,DSL,No,Yes,Yes,No,Yes,Yes,No,Mailed check,Yes,No,Yes,Yes,0
CUST-001539,15,94.67,1427.56,One year,Fiber optic,No,Yes,Yes,No,Yes,Yes,No,Credit card,Yes,No,Yes,No,0
CUST-001540,42,62.94,2334.26,One year,No,Yes,Yes,Yes,Yes,No,Yes,No,Mailed check,No,No,Yes,No,0
CUST-001541,10,97.77,1112.55,Two year,Fiber optic,No,Yes,Yes,No,No,Yes,No,Credit card,Yes,No,No,Yes,1
CUST-001542,67,98.77,6687.08,Two year,Fiber optic,No,No,No,Yes,Yes,Yes,Yes,Electronic check,No,No,No,No,0
CUST-001543,14,30.58,561.42,Month-to-month,No,No,No,Yes,No,Yes,Yes,No,Electronic check,Yes,Yes,No,No,1
CUST-001544,54,77.3,4021.68,One year,DSL,No,Yes,No,No,No,Yes,No,Credit card,Yes,No,No,Yes,0
CUST-001545,55,72.45,3637.72,One year,DSL,No,Yes,Yes,No,No,Yes,No,Mailed check,Yes,No,Yes,Yes,0
CUST-001546,44,72.24,3240.25,Two year,DSL,Yes,Yes,Yes,No,No,Yes,No,Credit card,Yes,No,Yes,No,0
CUST-001547,42,60.2,2410.12,Month-to-month,DSL,No,No,No,No,Yes,Yes,Yes,Credit card,Yes,No,Yes,No,0
CUST-001548,35,105.61,3585.86,One year,Fiber optic,Yes,No,No,Yes,No,Yes,Yes,Credit card,Yes,No,No,No,1
CUST-001549,14,62.27,909.45,Two year,DSL,Yes,No,No,Yes,Yes,Yes,No,Electronic check,No,No,No,No,0
CUST-001550,19,27.01,584.03,Month-to-month,No,No,Yes,Yes,Yes,No,Yes,No,Bank transfer,No,No,Yes,Yes,0
CUST-001551,32,66.57,2141.35,Month-to-month,DSL,No,No,No,No,Yes,Yes,Yes,Electronic check,No,No,Yes,Yes,1
CUST-001552,41,108.36,4581.81,Month-to-month,Fiber optic,Yes,Yes,Yes,No,Yes,Yes,No,Electronic check,No,No,No,No,1
CUST-001553,62,62.09,3935.8,Two year,No,Yes,No,No,No,Yes,Yes,Yes,Bank transfer,No,No,No,No,0
CUST-001554,53,67.76,3763.99,Two year,DSL,No,Yes,Yes,No,Yes,Yes,Yes,Bank transfer,Yes,No,No,No,0
CUST-001555,71,31.57,2161.38,Month-to-month,No,No,No,Yes,Yes,No,Yes,No,Mailed check,No,No,Yes,No,0
CUST-001556,40,122.26,4823.92,Two year,Fiber optic,Yes,Yes,No,Yes,Yes,Yes,Yes,Mailed check,No,No,No,No,0
CUST-001557,32,96.61,3134.75,Two year,Fiber optic,Yes,Yes,No,No,No,Yes,Yes,Bank transfer,Yes,No,No,No,0
CUST-001558,55,90.05,5305.42,Month-to-month,Fiber optic,No,No,Yes,No,No,No,No,Mailed check,No,No,Yes,No,0
CUST-001559,35,79.68,2657.0,Two year,DSL,No,No,Yes,Yes,Yes,Yes,No,Electronic check,No,No,Yes,Yes,0
CUST-001560,70,106.22,7526.7,Month-to-month,Fiber optic,No,No,Yes,Yes,No,Yes,Yes,Credit card,Yes,No,Yes,No,1
CUST-001561,39,109.81,4222.98,Month-to-month,Fiber optic,Yes,Yes,No,Yes,No,No,Yes,Credit card,Yes,No,No,No,0
CUST-001562,46,113.43,5001.86,One year,Fiber optic,Yes,Yes,No,Yes,No,Yes,No,Credit card,Yes,No,Yes,No,0
CUST-001563,68,135.65,9205.96,Month-to-month,Fiber optic,Yes,Yes,Yes,Yes,Yes,Yes,Yes,Bank transfer,Yes,No,Yes,No,1
CUST-001564,51,102.87,5190.7,Month-to-month,DSL,Yes,No,No,No,Yes,Yes,Yes,Electronic check,Yes,No,No,No,0
CUST-001565,27,113.13,2869.67,One year,Fiber optic,No,Yes,Yes,Yes,Yes,Yes,No,Electronic check,Yes,No,No,No,1
CUST-001566,61,75.81,4855.27,Month-to-month,Fiber optic,No,No,No,No,No,Yes,No,Credit card,Yes,No,Yes,Yes,0
CUST-001567,67,138.26,9359.05,One year,Fiber optic,Yes,Yes,No,No,Yes,Yes,Yes,Bank transfer,Yes,No,Yes,No,0
CUST-001568,40,104.77,4004.45,Two year,Fiber optic,No,Yes,No,No,Yes,Yes,Yes,Bank transfer,Yes,No,No,No,0
CUST-001569,61,98.1,6157.39,Two year,Fiber optic,No,Yes,Yes,No,No,Yes,No,Electronic check,No,No,Yes,No,0
CUST-001570,21,72.91,1402.55,One year,DSL,Yes,No,No,No,Yes,Yes,No,Electronic check,Yes,No,Yes,Yes,0
CUST-001571,35,95.65,3465.0,One year,Fiber optic,Yes,No,No,No,No,Yes,Yes,Bank transfer,Yes,No,No,Yes,0
CUST-001572,57,97.24,5129.5,One year,Fiber optic,Yes,No,No,No,Yes,Yes,Yes,Mailed check,Yes,No,Yes,No,0
CUST-001573,13,41.55,620.39,Month-to-month,No,No,No,Yes,Yes,No,Yes,No,Bank transfer,Yes,No,No,No,0
CUST-001574,60,56.93,2889.14,One year,No,Yes,No,Yes,Yes,Yes,Yes,No,Mailed check,Yes,No,Yes,No,0
CUST-001575,67,108.59,7381.7,Two year,Fiber optic,Yes,Yes,No,Yes,No,No,No,Electronic check,Yes,Yes,Yes,No,0
CUST-001576,71,50.71,3563.82,Two year,No,Yes,Yes,No,Yes,No,Yes,No,Bank transfer,Yes,Yes,Yes,No,0
CUST-001577,10,117.32,1153.11,One year,Fiber optic,Yes,Yes,No,Yes,Yes,Yes,No,Bank transfer,No,No,No,Yes,1
CUST-001578,1,92.68,0.0,One year,DSL,No,Yes,Yes,Yes,No,Yes,No,Bank transfer,Yes,No,No,Yes,0
CUST-001579,26,106.83,2768.48,One year,Fiber optic,No,No,No,No,Yes,No,Yes,Mailed check,Yes,No,No,No,0
CUST-001580,37,116.36,4388.37,Month-to-month,Fiber optic,Yes,Yes,Yes,No,Yes,Yes,No,Electronic check,No,Yes,No,No,0
CUST-001581,37,40.36,1314.76,Month-to-month,No,No,No,Yes,No,Yes,Yes,Yes,Bank transfer,No,No,Yes,No,0
CUST-001582,4,59.77,184.69,Month-to-month,DSL,Yes,No,No,Yes,No,Yes,No,Credit card,Yes,Yes,No,Yes,0
CUST-001583,48,110.34,5166.51,Month-to-month,Fiber optic,No,Yes,Yes,Yes,Yes,Yes,No,Credit card,Yes,No,No,No,1
CUST-001584,36,86.16,2835.2,Month-to-month,Fiber optic,No,No,Yes,No,No,Yes,No,Bank transfer,Yes,No,Yes,Yes,0
CUST-001585,25,104.38,2533.84,Month-to-month,Fiber optic,No,Yes,Yes,No,Yes,No,No,Electronic check,No,No,No,No,1
CUST-001586,34,30.54,805.65,Month-to-month,No,No,No,No,No,Yes,No,No,Mailed check,Yes,No,No,No,1
CUST-001587,41,108.07,4231.55,Month-to-month,Fiber optic,No,Yes,No,Yes,No,Yes,No,Electronic check,No,No,Yes,No,1
CUST-001588,16,113.95,1783.63,One year,Fiber optic,Yes,No,Yes,Yes,No,Yes,No,Mailed check,Yes,Yes,No,Yes,1
CUST-001589,55,74.37,4156.58,Month-to-month,DSL,No,No,No,Yes,Yes,Yes,No,Electronic check,No,No,No,Yes,0
CUST-001590,72,36.62,2472.81,Month-to-month,No,No,No,Yes,No,No,Yes,No,Electronic check,Yes,No,Yes,No,0
CUST-001591,26,74.54,2372.43,Two year,DSL,Yes,Yes,No,Yes,Yes,Yes,Yes,Bank transfer,Yes,No,Yes,No,0
CUST-001592,54,101.58,5605.97,One year,Fiber optic,No,No,Yes,No,Yes,No,No,Credit card,Yes,No,Yes,No,0
CUST-001593,4,37.22,133.84,One year,No,No,No,No,Yes,Yes,Yes,Yes,Credit card,Yes,Yes,Yes,No,0
CUST-001594,28,93.11,2661.96,Month-to-month,DSL,No,Yes,No,Yes,No,Yes,Yes,Credit card,Yes,No,Yes,No,1
CUST-001595,40,48.89,2186.46,One year,No,No,Yes,No,No,No,Yes,Yes,Credit card,Yes,No,No,No,0
CUST-001596,58,59.07,3484.54,One year,No,No,No,Yes,No,Yes,Yes,No,Credit card,No,No,Yes,No,0
CUST-001597,22,59.71,1149.44,Month-to-month,DSL,No,Yes,No,No,No,Yes,No,Bank transfer,No,Yes,Yes,No,0
CUST-001598,18,105.37,1784.49,One year,Fiber optic,No,No,No,Yes,Yes,No,Yes,Credit card,No,No,No,No,1
CUST-001599,63,121.2,7539.47,Month-to-month,Fiber optic,No,Yes,No,No,Yes,Yes,Yes,Electronic check,Yes,Yes,No,No,0
CUST-001600,20,102.25,1701.94,One year,Fiber optic,No,No,No,No,Yes,Yes,No,Electronic check,No,No,No,No,1
CUST-001601,15,70.63,1171.22,Month-to-month,DSL,Yes,No,No,Yes,No,Yes,Yes,Electronic check,Yes,Yes,No,No,1
CUST-001602,56,108.19,5766.44,Month-to-month,Fiber optic,Yes,No,No,No,Yes,Yes,Yes,Bank transfer,No,No,No,No,1
CUST-001603,6,115.73,895.46,Month-to-month,Fiber optic,No,No,Yes,No,No,Yes,No,Credit card,Yes,No,No,No,0
CUST-001604,50,74.16,3990.01,Month-to-month,DSL,No,Yes,No,No,Yes,No,No,Credit card,Yes,No,Yes,No,0
CUST-001605,34,52.03,1630.6,Month-to-month,No,No,No,No,Yes,Yes,Yes,Yes,Electronic check,Yes,No,No,Yes,0
CUST-001606,57,52.87,3077.58,Month-to-month,No,Yes,Yes,No,Yes,Yes,Yes,No,Credit card,No,No,No,No,0
CUST-001607,62,94.14,5945.0,One year,DSL,No,Yes,No,Yes,Yes,Yes,No,Bank transfer,No,No,Yes,No,1
CUST-001608,28,53.96,1556.89,One year,DSL,No,Yes,No,No,No,Yes,Yes,Credit card,No,No,No,No,0
CUST-001609,18,104.18,1567.57,One year,Fiber optic,Yes,Yes,No,Yes,No,Yes,Yes,Electronic check,No,No,Yes,No,0
CUST-001610,13,74.71,928.42,Month-to-month,DSL,No,No,No,Yes,Yes,No,No,Bank transfer,No,No,No,Yes,0
CUST-001611,52,35.74,2159.27,Two year,No,No,Yes,Yes,No,No,Yes,Yes,Credit card,Yes,No,Yes,Yes,0
CUST-001612,31,95.35,3212.18,Month-to-month,Fiber optic,No,Yes,No,Yes,No,Yes,No,Mailed check,Yes,Yes,No,No,1
CUST-001613,58,127.3,7330.85,One year,Fiber optic,No,No,No,Yes,Yes,Yes,Yes,Electronic check,Yes,No,Yes,No,1
CUST-001614,54,95.43,5026.15,Month-to-month,Fiber optic,No,Yes,No,Yes,No,Yes,No,Bank transfer,Yes,No,No,No,0
CUST-001615,72,68.52,4933.35,Month-to-month,DSL,Yes,No,No,Yes,No,Yes,Yes,Mailed check,Yes,No,Yes,Yes,0
CUST-001616,61,76.6,4686.71,Month-to-month,No,Yes,No,No,Yes,Yes,Yes,Yes,Electronic check,No,No,No,Yes,0
CUST-001617,66,113.11,7329.88,One year,Fiber optic,No,No,Yes,No,Yes,Yes,Yes,Bank transfer,No,No,Yes,No,0
CUST-001618,65,81.27,5299.23,Two year,DSL,No,No,No,Yes,Yes,Yes,Yes,Bank transfer,Yes,No,No,Yes,0
CUST-001619,66,90.84,6166.8,Two year,Fiber optic,No,No,No,No,No,Yes,No,Credit card,Yes,No,No,No,0
CUST-001620,72,69.96,5176.96,One year,DSL,Yes,Yes,Yes,No,Yes,Yes,No,Electronic check,No,No,No,No,0
CUST-001621,27,74.02,2102.0,Two year,DSL,Yes,No,No,Yes,Yes,Yes,Yes,Electronic check,Yes,No,No,Yes,1
CUST-001622,22,78.55,1755.48,One year,DSL,No,No,No,Yes,Yes,Yes,Yes,Electronic check,No,No,No,No,0
CUST-001623,43,102.3,4369.25,Month-to-month,Fiber optic,No,Yes,No,No,No,Yes,Yes,Bank transfer,Yes,No,Yes,Yes,1
CUST-001624,61,101.56,5932.38,Month-to-month,Fiber optic,No,No,No,Yes,Yes,Yes,No,Electronic check,Yes,No,Yes,Yes,1
CUST-001625,13,97.88,1429.71,Two year,Fiber optic,No,Yes,No,No,No,Yes,Yes,Bank transfer,Yes,No,Yes,No,0
CUST-001626,72,112.35,7909.75,Month-to-month,Fiber optic,Yes,No,No,Yes,No,Yes,Yes,Electronic check,Yes,No,No,No,1
CUST-001627,22,96.12,1814.39,One year,Fiber optic,No,No,No,Yes,Yes,No,No,Credit card,Yes,No,No,No,1
CUST-001628,20,100.17,1811.34,Month-to-month,Fiber optic,No,No,Yes,Yes,No,No,Yes,Mailed check,Yes,Yes,No,No,1
CUST-001629,28,90.92,2853.72,Month-to-month,Fiber optic,No,No,No,Yes,Yes,Yes,No,Electronic check,Yes,No,No,No,1
CUST-001630,0,74.3,17.59,Month-to-month,DSL,No,No,Yes,No,Yes,Yes,No,Bank transfer,Yes,No,Yes,No,1
CUST-001631,28,90.49,2785.78,Month-to-month,Fiber optic,No,Yes,No,No,No,Yes,No,Electronic check,No,No,Yes,No,1
CUST-001632,10,67.98,514.13,Month-to-month,DSL,No,No,No,Yes,Yes,Yes,No,Credit card,No,No,Yes,No,1
CUST-001633,58,77.63,4604.07,Month-to-month,DSL,Yes,Yes,No,No,Yes,Yes,No,Electronic check,Yes,No,Yes,No,0
CUST-001634,56,82.17,4630.73,Two year,DSL,Yes,No,No,No,Yes,Yes,Yes,Mailed check,No,No,Yes,No,0
CUST-001635,46,69.03,3291.62,Two year,DSL,No,No,Yes,No,No,Yes,No,Electronic check,No,Yes,Yes,Yes,0
CUST-001636,58,38.62,2124.12,One year,No,No,Yes,Yes,Yes,No,No,No,Electronic check,No,No,No,No,0
CUST-001637,12,62.26,780.72,One year,No,Yes,No,Yes,Yes,Yes,Yes,Yes,Electronic check,Yes,No,Yes,Yes,0
CUST-001638,18,96.57,1719.58,One year,Fiber optic,Yes,Yes,No,No,No,Yes,Yes,Electronic check,Yes,No,No,Yes,1
CUST-001639,64,96.49,6253.19,One year,Fiber optic,Yes,Yes,No,No,No,Yes,No,Mailed check,No,No,No,No,1
CUST-001640,68,92.49,6068.66,Month-to-month,Fiber optic,No,No,Yes,Yes,No,Yes,Yes,Credit card,Yes,Yes,Yes,No,1
CUST-001641,19,116.09,2170.11,Two year,Fiber optic,No,Yes,No,Yes,Yes,Yes,Yes,Mailed check,Yes,No,No,Yes,0
CUST-001642,17,103.53,1664.42,One year,DSL,Yes,No,No,Yes,Yes,Yes,Yes,Bank transfer,Yes,Yes,Yes,No,0
CUST-001643,8,114.06,904.23,One year,Fiber optic,No,No,No,Yes,Yes,Yes,Yes,Bank transfer,Yes,No,Yes,No,0
CUST-001644,53,72.07,3768.38,Month-to-month,DSL,No,Yes,No,No,Yes,No,Yes,Bank transfer,No,Yes,No,No,0
CUST-001645,48,111.51,5433.68,Month-to-month,Fiber optic,Yes,No,No,Yes,Yes,Yes,Yes,Credit card,Yes,No,No,No,1
CUST-001646,13,110.42,1474.57,Two year,Fiber optic,Yes,Yes,No,Yes,Yes,Yes,No,Electronic check,Yes,No,Yes,No,0
CUST-001647,44,99.88,4335.56,Two year,Fiber optic,No,No,Yes,Yes,Yes,Yes,Yes,Electronic check,No,Yes,Yes,No,1
CUST-001648,55,58.98,3296.15,Two year,DSL,No,Yes,No,Yes,No,Yes,No,Electronic check,No,No,Yes,No,0
CUST-001649,21,121.74,2776.25,Month-to-month,Fiber optic,Yes,Yes,No,Yes,No,Yes,No,Electronic check,No,No,No,Yes,1
CUST-001650,3,106.8,144.44,Month-to-month,Fiber optic,Yes,No,Yes,No,No,Yes,Yes,Bank transfer,Yes,Yes,No,No,1
CUST-001651,16,90.43,1236.82,One year,Fiber optic,Yes,Yes,Yes,No,No,Yes,No,Bank transfer,No,No,No,No,0
CUST-001652,43,66.57,3011.66,Month-to-month,DSL,Yes,Yes,Yes,No,Yes,Yes,No,Mailed check,No,Yes,Yes,No,0
CUST-001653,37,84.17,2987.87,Two year,Fiber optic,No,No,No,Yes,Yes,Yes,No,Electronic check,Yes,No,Yes,No,1
CUST-001654,25,104.07,2638.68,Two year,Fiber optic,Yes,No,Yes,No,Yes,Yes,No,Bank transfer,No,No,Yes,No,0
CUST-001655,40,74.48,2996.49,One year,DSL,Yes,No,No,No,No,Yes,Yes,Electronic check,No,No,Yes,No,0
CUST-001656,48,67.49,3063.88,One year,DSL,Yes,Yes,No,No,Yes,Yes,Yes,Electronic check,Yes,No,Yes,No,0
CUST-001657,69,45.64,3155.02,Month-to-month,No,Yes,Yes,Yes,No,No,Yes,Yes,Electronic check,No,No,No,No,0
CUST-001658,64,92.89,5702.45,Month-to-month,DSL,Yes,No,Yes,Yes,Yes,Yes,No,Bank transfer,No,No,Yes,Yes,0
CUST-001659,49,102.48,4962.89,Two year,Fiber optic,No,No,No,No,No,Yes,Yes,Mailed check,No,No,Yes,No,0
CUST-001660,23,90.91,1839.04,One year,Fiber optic,No,No,No,No,Yes,Yes,Yes,Credit card,Yes,No,Yes,No,0
CUST-001661,29,126.58,3708.06,One year,Fiber optic,No,Yes,Yes,Yes,Yes,Yes,Yes,Credit card,Yes,No,Yes,No,0
CUST-001662,69,90.32,6215.77,Month-to-month,Fiber optic,No,No,Yes,No,Yes,Yes,No,Electronic check,No,No,No,No,1
CUST-001663,24,51.62,1186.49,Month-to-month,No,Yes,No,No,No,Yes,Yes,No,Mailed check,Yes,No,Yes,No,0
CUST-001664,32,75.82,2579.82,One year,DSL,Yes,No,Yes,No,Yes,No,Yes,Electronic check,No,No,No,No,0
CUST-001665,72,50.46,3797.62,One year,No,Yes,Yes,No,No,No,Yes,No,Electronic check,No,No,No,Yes,0
CUST-001666,29,76.28,2285.01,Month-to-month,DSL,No,No,Yes,No,Yes,No,Yes,Bank transfer,No,No,No,No,0
CUST-001667,57,103.95,5738.45,Month-to-month,Fiber optic,No,No,Yes,Yes,Yes,Yes,No,Bank transfer,No,No,Yes,No,1
CUST-001668,14,105.96,1257.71,One year,Fiber optic,Yes,No,No,No,No,Yes,Yes,Electronic check,Yes,No,No,Yes,0
CUST-001669,29,76.77,2249.19,Month-to-month,DSL,No,No,Yes,Yes,Yes,Yes,Yes,Credit card,No,Yes,Yes,Yes,1
CUST-001670,4,97.34,538.4,Month-to-month,Fiber optic,Yes,No,No,No,Yes,No,No,Electronic check,No,No,No,No,1
CUST-001671,61,67.09,4168.98,Month-to-month,DSL,No,Yes,No,No,Yes,No,No,Mailed check,Yes,No,No,Yes,0
CUST-001672,4,107.67,277.55,Month-to-month,Fiber optic,No,No,Yes,Yes,No,Yes,No,Bank transfer,Yes,No,No,No,1
CUST-001673,60,114.19,6666.97,Month-to-month,Fiber optic,Yes,No,Yes,No,Yes,Yes,Yes,Mailed check,Yes,No,Yes,No,1
CUST-001674,62,61.1,3845.65,Month-to-month,No,Yes,Yes,No,No,No,Yes,No,Bank transfer,Yes,No,No,No,1
CUST-001675,11,108.27,905.2,Month-to-month,Fiber optic,No,No,Yes,Yes,No,Yes,No,Electronic check,No,No,Yes,No,1
CUST-001676,0,78.54,247.2,Month-to-month,DSL,No,Yes,No,Yes,No,Yes,Yes,Mailed check,No,Yes,Yes,No,1
CUST-001677,70,74.12,5138.47,Month-to-month,DSL,Yes,No,No,No,Yes,Yes,No,Electronic check,Yes,No,No,No,1
CUST-001678,47,107.35,5137.19,One year,Fiber optic,Yes,No,Yes,Yes,Yes,Yes,No,Credit card,Yes,No,Yes,No,0
CUST-001679,42,53.89,2147.36,Month-to-month,No,Yes,No,No,Yes,Yes,Yes,No,Electronic check,Yes,No,No,No,0
CUST-001680,44,112.4,5063.11,Month-to-month,Fiber optic,Yes,No,Yes,No,Yes,Yes,No,Mailed check,No,Yes,No,Yes,0
CUST-001681,55,45.01,2467.68,Two year,No,Yes,No,Yes,No,No,Yes,No,Electronic check,Yes,No,No,No,0
CUST-001682,42,100.44,4265.89,Month-to-month,Fiber optic,No,No,No,No,No,Yes,No,Bank transfer,No,No,Yes,No,1
CUST-001683,55,72.68,4132.03,Two year,DSL,Yes,No,Yes,No,Yes,Yes,Yes,Electronic check,No,No,Yes,No,0
CUST-001684,33,80.15,2325.25,Month-to-month,DSL,Yes,Yes,No,Yes,Yes,Yes,Yes,Credit card,Yes,No,Yes,No,0
CUST-001685,1,85.95,110.13,One year,DSL,No,Yes,No,Yes,Yes,Yes,No,Bank transfer,No,No,No,Yes,1
CUST-001686,4,109.12,375.16,Two year,Fiber optic,No,No,No,Yes,Yes,Yes,No,Electronic check,No,No,No,No,0
CUST-001687,55,97.29,5294.14,Month-to-month,Fiber optic,No,Yes,No,Yes,No,Yes,No,Electronic check,No,Yes,No,Yes,1
CUST-001688,14,112.53,1490.06,One year,Fiber optic,No,No,Yes,Yes,Yes,No,No,Mailed check,Yes,No,Yes,No,1
CUST-001689,7,34.7,133.57,Month-to-month,No,No,No,No,No,No,Yes,Yes,Electronic check,No,Yes,Yes,Yes,0
CUST-001690,50,79.65,3694.0,Two year,DSL,No,Yes,Yes,No,Yes,Yes,Yes,Electronic check,Yes,No,No,No,0
CUST-001691,11,107.58,1074.64,Month-to-month,DSL,Yes,Yes,Yes,Yes,No,Yes,Yes,Electronic check,No,No,Yes,No,1
CUST-001692,65,68.2,4518.31,Two year,DSL,No,Yes,Yes,No,Yes,No,No,Credit card,Yes,Yes,Yes,Yes,0
CUST-001693,22,87.28,1813.26,Month-to-month,DSL,No,Yes,No,No,No,Yes,Yes,Electronic check,Yes,No,No,No,1
CUST-001694,35,61.78,2360.84,One year,DSL,No,Yes,No,No,No,Yes,Yes,Bank transfer,No,No,Yes,Yes,0
CUST-001695,31,109.87,3113.28,One year,Fiber optic,No,No,No,Yes,Yes,Yes,No,Bank transfer,Yes,No,Yes,No,1
CUST-001696,28,73.43,2238.57,One year,DSL,Yes,No,Yes,No,Yes,Yes,Yes,Mailed check,No,No,No,No,0
CUST-001697,44,101.36,4403.41,One year,Fiber optic,No,No,Yes,Yes,No,Yes,No,Electronic check,Yes,No,No,No,0
CUST-001698,60,44.78,2681.58,Month-to-month,No,No,No,Yes,Yes,No,Yes,No,Mailed check,Yes,No,No,No,0
CUST-001699,17,83.86,1451.82,One year,Fiber optic,No,No,No,Yes,No,Yes,Yes,Electronic check,Yes,No,Yes,Yes,1
CUST-001700,2,103.47,309.29,Month-to-month,Fiber optic,No,No,No,No,Yes,Yes,Yes,Mailed check,Yes,No,Yes,No,1
CUST-001701,53,61.4,3176.64,Month-to-month,DSL,No,No,Yes,No,Yes,Yes,Yes,Bank transfer,Yes,No,Yes,No,0
CUST-001702,43,61.98,2733.84,Month-to-month,No,Yes,Yes,Yes,No,Yes,Yes,Yes,Bank transfer,No,No,Yes,No,0
CUST-001703,32,106.88,3559.2,Month-to-month,Fiber optic,Yes,No,Yes,Yes,No,No,Yes,Mailed check,Yes,No,Yes,No,0
CUST-001704,70,132.34,9052.72,Two year,Fiber optic,Yes,Yes,Yes,No,Yes,Yes,Yes,Bank transfer,Yes,No,No,Yes,0
CUST-001705,24,40.85,488.55,Month-to-month,No,Yes,No,Yes,Yes,No,No,No,Credit card,Yes,No,No,No,1
CUST-001706,31,93.15,2863.68,Month-to-month,Fiber optic,No,No,No,No,No,Yes,No,Electronic check,Yes,No,Yes,No,1
CUST-001707,62,124.21,7344.82,Two year,Fiber optic,No,Yes,Yes,Yes,No,Yes,Yes,Mailed check,Yes,No,No,No,0
CUST-001708,22,128.11,2793.43,Month-to-month,Fiber optic,No,Yes,Yes,Yes,Yes,Yes,Yes,Credit card,No,No,Yes,Yes,1
CUST-001709,72,65.78,4678.73,Month-to-month,DSL,No,No,Yes,No,Yes,Yes,No,Credit card,No,No,Yes,No,0
CUST-001710,27,56.69,1636.65,Month-to-month,DSL,No,No,No,No,Yes,Yes,Yes,Electronic check,Yes,No,No,No,0
CUST-001711,53,109.95,5861.27,Two year,Fiber optic,Yes,Yes,No,Yes,No,Yes,Yes,Mailed check,Yes,No,Yes,No,1
CUST-001712,41,90.27,3622.7,Month-to-month,Fiber optic,No,No,Yes,Yes,No,Yes,Yes,Bank transfer,Yes,No,No,No,1
CUST-001713,56,100.68,5448.66,Month-to-month,Fiber optic,Yes,No,No,No,No,No,Yes,Credit card,Yes,No,No,No,0
CUST-001714,64,103.7,6902.77,Two year,Fiber optic,No,No,No,Yes,No,Yes,No,Electronic check,No,No,Yes,No,0
CUST-001715,11,122.0,1289.32,Two year,Fiber optic,No,No,No,No,Yes,Yes,Yes,Electronic check,Yes,No,Yes,Yes,1
CUST-001716,53,92.99,4859.2,Two year,Fiber optic,Yes,No,Yes,Yes,Yes,No,No,Electronic check,Yes,Yes,No,No,0
CUST-001717,30,106.13,3407.15,Month-to-month,Fiber optic,No,No,Yes,No,No,No,Yes,Electronic check,No,Yes,No,No,1
CUST-001718,24,34.72,776.7,Month-to-month,No,No,Yes,No,No,No,Yes,Yes,Electronic check,Yes,Yes,No,No,0
CUST-001719,55,113.32,6260.19,Two year,Fiber optic,No,Yes,No,Yes,Yes,Yes,No,Credit card,No,No,No,No,0
CUST-001720,27,101.22,2983.42,Two year,Fiber optic,Yes,No,No,Yes,No,Yes,No,Bank transfer,Yes,No,No,No,1
CUST-001721,12,114.19,1022.35,Month-to-month,Fiber optic,Yes,Yes,Yes,No,Yes,Yes,No,Bank transfer,No,No,No,No,1
CUST-001722,46,120.24,5444.34,Month-to-month,Fiber optic,No,Yes,Yes,Yes,Yes,Yes,No,Bank transfer,No,No,Yes,No,1
CUST-001723,69,100.89,6942.81,Month-to-month,DSL,Yes,Yes,Yes,Yes,Yes,Yes,No,Credit card,Yes,No,No,No,1
CUST-001724,45,35.17,1675.95,One year,No,No,No,Yes,No,Yes,Yes,No,Bank transfer,No,No,No,No,0
CUST-001725,22,92.59,1829.39,Month-to-month,DSL,No,No,Yes,Yes,Yes,Yes,No,Credit card,Yes,No,Yes,No,0
CUST-001726,8,68.99,403.88,Two year,DSL,No,No,Yes,No,Yes,Yes,No,Bank transfer,No,No,Yes,No,0
CUST-001727,19,109.98,1943.62,Month-to-month,Fiber optic,No,Yes,Yes,Yes,No,Yes,Yes,Mailed check,Yes,No,No,No,1
CUST-001728,42,88.2,3576.74,Month-to-month,DSL,Yes,No,No,Yes,No,Yes,Yes,Bank transfer,No,Yes,Yes,No,1
CUST-001729,19,67.68,1240.98,Month-to-month,DSL,Yes,No,No,No,Yes,Yes,No,Credit card,No,Yes,Yes,Yes,0
CUST-001730,54,118.06,6504.27,Month-to-month,Fiber optic,No,No,Yes,Yes,Yes,Yes,Yes,Bank transfer,Yes,No,No,No,1
CUST-001731,27,84.45,2351.56,Month-to-month,Fiber optic,No,No,No,Yes,No,Yes,No,Electronic check,Yes,No,No,No,1
CUST-001732,9,65.75,513.5,Month-to-month,Fiber optic,No,No,Yes,Yes,No,No,Yes,Mailed check,Yes,No,No,Yes,1
CUST-001733,47,99.93,4664.44,Two year,Fiber optic,Yes,Yes,No,No,Yes,Yes,No,Mailed check,Yes,No,No,Yes,0
CUST-001734,56,63.95,3958.07,Two year,No,Yes,Yes,No,Yes,Yes,Yes,No,Bank transfer,Yes,No,Yes,No,0
CUST-001735,64,97.27,6531.56,Month-to-month,Fiber optic,No,Yes,Yes,No,No,Yes,No,Electronic check,No,No,Yes,Yes,0
CUST-001736,10,111.5,1057.34,One year,Fiber optic,No,No,Yes,Yes,No,Yes,No,Electronic check,Yes,No,No,No,1
CUST-001737,58,48.96,3030.42,Two year,No,Yes,Yes,No,No,No,No,Yes,Mailed check,No,No,Yes,No,0
CUST-001738,6,79.58,716.15,Month-to-month,DSL,No,No,Yes,Yes,No,Yes,Yes,Bank transfer,No,No,No,No,0
CUST-001739,68,50.7,3153.59,One year,No,No,No,Yes,No,Yes,Yes,Yes,Electronic check,No,No,No,No,0
CUST-001740,40,139.6,5387.96,Two year,Fiber optic,Yes,Yes,Yes,Yes,Yes,Yes,Yes,Credit card,Yes,No,Yes,No,0
CUST-001741,11,97.2,822.31,One year,Fiber optic,No,No,No,Yes,No,Yes,No,Credit card,Yes,Yes,No,No,1
CUST-001742,57,114.58,6356.6,One year,Fiber optic,No,Yes,Yes,No,Yes,Yes,Yes,Electronic check,No,No,No,Yes,0
CUST-001743,59,74.57,4485.47,One year,DSL,No,No,Yes,No,Yes,Yes,No,Electronic check,Yes,Yes,Yes,No,0
CUST-001744,44,118.68,5429.1,Month-to-month,Fiber optic,No,Yes,No,No,Yes,No,No,Mailed check,Yes,No,Yes,No,1
CUST-001745,32,79.72,2490.25,Month-to-month,DSL,Yes,Yes,Yes,No,Yes,Yes,No,Credit card,Yes,Yes,Yes,No,1
CUST-001746,44,45.83,2000.26,One year,No,Yes,No,Yes,Yes,No,Yes,Yes,Electronic check,Yes,No,Yes,No,0
CUST-001747,55,47.44,2683.23,Month-to-month,No,No,Yes,No,No,No,Yes,No,Credit card,Yes,No,Yes,Yes,0
CUST-001748,6,78.92,524.67,One year,DSL,No,Yes,Yes,Yes,No,Yes,Yes,Bank transfer,No,No,Yes,No,0
CUST-001749,0,106.56,0.0,Month-to-month,Fiber optic,Yes,Yes,Yes,No,No,Yes,Yes,Electronic check,Yes,No,Yes,No,1
CUST-001750,42,92.07,3470.71,Two year,Fiber optic,No,No,Yes,No,No,Yes,Yes,Bank transfer,Yes,No,No,Yes,0
CUST-001751,61,58.84,3423.64,Month-to-month,DSL,No,Yes,Yes,No,No,Yes,No,Electronic check,No,No,No,Yes,0
CUST-001752,37,113.65,4043.66,Month-to-month,Fiber optic,No,Yes,Yes,Yes,Yes,Yes,Yes,Electronic check,Yes,No,Yes,No,1
CUST-001753,1,88.16,463.84,One year,DSL,Yes,Yes,No,Yes,Yes,Yes,No,Electronic check,Yes,No,No,No,0
CUST-001754,1,31.39,0.0,One year,No,Yes,Yes,No,No,Yes,Yes,No,Mailed check,Yes,No,No,No,1
CUST-001755,44,108.81,4770.4,Month-to-month,Fiber optic,No,Yes,Yes,Yes,Yes,No,No,Electronic check,No,No,Yes,Yes,1
CUST-001756,55,108.96,5826.67,Month-to-month,Fiber optic,No,No,No,No,Yes,Yes,Yes,Mailed check,Yes,No,Yes,Yes,0
CUST-001757,39,83.24,3161.52,Month-to-month,DSL,No,Yes,No,Yes,Yes,Yes,No,Electronic check,Yes,Yes,No,No,1
CUST-001758,16,81.59,1576.03,Two year,DSL,Yes,Yes,No,No,No,Yes,No,Bank transfer,Yes,No,No,Yes,0
CUST-001759,19,97.99,1747.08,Month-to-month,Fiber optic,No,No,Yes,No,Yes,Yes,No,Electronic check,Yes,No,No,Yes,1
CUST-001760,33,95.52,3208.6,Month-to-month,DSL,No,Yes,No,Yes,Yes,Yes,Yes,Electronic check,No,Yes,No,Yes,0
CUST-001761,10,58.8,571.38,Month-to-month,No,No,No,No,No,Yes,Yes,Yes,Bank transfer,Yes,Yes,Yes,Yes,0
CUST-001762,33,102.58,3346.59,Month-to-month,Fiber optic,Yes,Yes,No,No,No,Yes,Yes,Mailed check,Yes,No,No,No,1
CUST-001763,11,126.81,1290.28,One year,Fiber optic,No,No,Yes,Yes,Yes,Yes,Yes,Credit card,No,No,Yes,Yes,1
CUST-001764,49,72.76,3534.97,Month-to-month,DSL,No,No,Yes,No,No,Yes,Yes,Bank transfer,Yes,No,No,Yes,0
CUST-001765,53,106.35,5508.98,Month-to-month,Fiber optic,Yes,No,No,Yes,No,Yes,No,Credit card,Yes,No,Yes,No,1
CUST-001766,62,75.27,4422.24,Month-to-month,DSL,No,No,Yes,Yes,Yes,Yes,Yes,Bank transfer,No,No,Yes,No,0
CUST-001767,14,90.61,1365.18,Month-to-month,DSL,No,Yes,Yes,Yes,Yes,Yes,No,Credit card,Yes,Yes,No,No,1
CUST-001768,56,115.57,6387.18,One year,Fiber optic,No,No,Yes,Yes,Yes,Yes,No,Credit card,No,No,Yes,No,0
CUST-001769,60,69.48,4654.81,Month-to-month,DSL,Yes,No,Yes,No,No,Yes,Yes,Bank transfer,No,Yes,Yes,No,0
CUST-001770,15,24.94,394.68,One year,No,No,No,Yes,No,No,Yes,Yes,Credit card,Yes,No,No,Yes,0
CUST-001771,64,68.96,4298.09,Two year,DSL,Yes,No,No,No,Yes,Yes,Yes,Credit card,Yes,No,No,No,0
CUST-001772,16,43.87,659.55,Month-to-month,No,No,Yes,No,Yes,Yes,Yes,No,Bank transfer,No,No,No,Yes,0
CUST-001773,20,100.81,2026.64,Month-to-month,Fiber optic,No,No,No,No,Yes,Yes,No,Electronic check,Yes,No,No,No,1
CUST-001774,31,121.68,3977.58,Month-to-month,Fiber optic,No,Yes,No,Yes,Yes,Yes,Yes,Bank transfer,Yes,No,No,No,1
CUST-001775,59,94.22,5418.96,Month-to-month,Fiber optic,No,No,No,Yes,No,Yes,No,Bank transfer,No,No,Yes,No,0
CUST-001776,26,62.52,1691.1,Month-to-month,DSL,Yes,Yes,No,No,Yes,Yes,No,Electronic check,Yes,No,Yes,Yes,0
CUST-001777,58,108.69,6330.88,Month-to-month,Fiber optic,Yes,No,No,No,Yes,Yes,Yes,Mailed check,Yes,No,No,No,1
CUST-001778,52,94.2,4964.21,Month-to-month,Fiber optic,No,Yes,Yes,No,No,No,Yes,Bank transfer,No,Yes,No,No,1
CUST-001779,42,88.8,3657.16,Month-to-month,DSL,Yes,No,No,Yes,No,Yes,Yes,Electronic check,Yes,No,Yes,No,1
CUST-001780,39,101.5,3904.56,One year,Fiber optic,Yes,No,No,Yes,Yes,No,No,Electronic check,No,No,Yes,No,0
CUST-001781,36,51.04,1704.05,Month-to-month,No,No,Yes,No,No,Yes,Yes,No,Bank transfer,No,Yes,No,No,1
CUST-001782,32,35.58,729.71,One year,No,Yes,Yes,No,No,No,Yes,No,Credit card,Yes,Yes,Yes,No,0
CUST-001783,22,71.37,1467.25,Month-to-month,DSL,No,Yes,Yes,No,Yes,Yes,No,Electronic check,No,No,Yes,No,1
CUST-001784,44,99.73,4403.74,Month-to-month,Fiber optic,No,Yes,No,Yes,Yes,Yes,Yes,Electronic check,Yes,No,No,No,1
CUST-001785,4,56.15,393.98,Month-to-month,No,Yes,No,Yes,No,Yes,No,Yes,Credit card,No,No,No,No,0
CUST-001786,27,82.71,2249.0,Month-to-month,DSL,No,No,Yes,Yes,No,Yes,Yes,Electronic check,Yes,No,Yes,No,1
CUST-001787,32,87.36,3015.57,Month-to-month,Fiber optic,No,Yes,No,No,No,Yes,No,Electronic check,Yes,Yes,Yes,Yes,0
CUST-001788,62,53.57,3360.98,Month-to-month,DSL,No,No,No,No,No,Yes,Yes,Electronic check,No,Yes,Yes,No,1
CUST-001789,65,112.34,7448.63,One year,Fiber optic,Yes,No,Yes,Yes,No,Yes,Yes,Bank transfer,No,No,Yes,No,0
CUST-001790,54,95.64,5363.15,Month-to-month,DSL,Yes,Yes,No,No,Yes,Yes,No,Bank transfer,No,No,No,No,1
CUST-001791,13,73.65,772.09,One year,DSL,No,No,Yes,Yes,Yes,Yes,No,Mailed check,No,No,Yes,Yes,1
CUST-001792,58,98.4,5493.26,Month-to-month,Fiber optic,No,No,No,No,No,No,No,Bank transfer,Yes,Yes,Yes,No,1
CUST-001793,57,103.35,5854.01,Month-to-month,Fiber optic,Yes,Yes,No,No,Yes,Yes,No,Mailed check,No,No,Yes,No,0
CUST-001794,72,85.91,6002.08,Month-to-month,DSL,No,No,No,Yes,Yes,Yes,No,Bank transfer,Yes,Yes,No,No,0
CUST-001795,44,105.05,4694.81,Month-to-month,Fiber optic,Yes,No,No,Yes,No,Yes,Yes,Electronic check,No,No,Yes,No,0
CUST-001796,50,96.51,4746.69,Month-to-month,Fiber optic,No,Yes,No,Yes,No,Yes,No,Bank transfer,Yes,Yes,No,Yes,1
CUST-001797,23,54.07,1167.57,One year,No,Yes,Yes,Yes,No,No,Yes,Yes,Mailed check,No,No,No,No,0
CUST-001798,47,64.02,2741.58,Month-to-month,DSL,Yes,No,No,No,No,Yes,No,Electronic check,Yes,No,No,Yes,0
CUST-001799,36,67.05,2373.72,One year,DSL,No,No,Yes,Yes,No,No,No,Mailed check,Yes,No,Yes,Yes,0
CUST-001800,55,115.92,6370.71,Month-to-month,Fiber optic,Yes,No,No,Yes,Yes,Yes,Yes,Bank transfer,No,Yes,Yes,Yes,1
CUST-001801,4,84.22,237.56,Month-to-month,DSL,No,Yes,No,No,Yes,Yes,No,Electronic check,Yes,No,No,No,1
CUST-001802,46,59.37,2867.99,Month-to-month,DSL,No,No,Yes,No,No,Yes,Yes,Bank transfer,Yes,No,Yes,No,1
CUST-001803,43,89.28,3910.61,Month-to-month,Fiber optic,No,Yes,No,No,No,Yes,Yes,Credit card,Yes,No,No,No,1
CUST-001804,69,48.59,3256.04,One year,No,No,No,Yes,No,Yes,Yes,No,Bank transfer,No,No,No,No,0
CUST-001805,72,88.32,6409.14,Month-to-month,DSL,No,No,Yes,Yes,Yes,Yes,No,Credit card,Yes,No,Yes,No,0
CUST-001806,29,116.12,3237.89,Month-to-month,Fiber optic,Yes,Yes,Yes,Yes,No,Yes,No,Mailed check,No,No,No,Yes,1
CUST-001807,38,77.7,2947.27,One year,DSL,Yes,Yes,No,No,Yes,Yes,Yes,Mailed check,Yes,No,Yes,No,0
CUST-001808,26,96.45,2594.88,Month-to-month,Fiber optic,Yes,No,No,Yes,Yes,No,Yes,Bank transfer,Yes,No,No,Yes,1
CUST-001809,3,129.27,445.92,Two year,Fiber optic,No,Yes,Yes,No,Yes,Yes,Yes,Credit card,Yes,No,No,No,0
CUST-001810,6,61.32,426.73,Month-to-month,No,Yes,Yes,Yes,No,Yes,Yes,No,Bank transfer,No,Yes,No,No,0
CUST-001811,6,60.72,589.94,One year,DSL,No,No,No,No,No,Yes,Yes,Electronic check,Yes,No,Yes,Yes,0
CUST-001812,68,31.53,2047.05,One year,No,No,No,Yes,Yes,No,Yes,No,Bank transfer,Yes,No,Yes,No,0
CUST-001813,30,101.44,2883.22,Month-to-month,Fiber optic,No,Yes,Yes,Yes,No,No,Yes,Mailed check,No,No,No,No,1
CUST-001814,5,68.39,561.37,One year,DSL,No,Yes,Yes,No,Yes,Yes,Yes,Bank transfer,Yes,No,No,No,0
CUST-001815,20,86.28,1267.93,Month-to-month,Fiber optic,No,No,No,Yes,Yes,Yes,No,Credit card,No,No,No,Yes,1
CUST-001816,66,46.18,3031.79,Two year,No,Yes,Yes,Yes,Yes,Yes,Yes,No,Mailed check,Yes,No,No,No,0
CUST-001817,54,75.63,3970.58,Month-to-month,DSL,No,No,Yes,No,No,Yes,Yes,Mailed check,Yes,No,No,Yes,0
CUST-001818,25,55.35,1349.71,Month-to-month,DSL,Yes,No,No,No,Yes,Yes,No,Mailed check,Yes,No,Yes,No,0
CUST-001819,25,35.25,607.11,One year,No,No,Yes,No,No,No,Yes,Yes,Credit card,No,No,Yes,No,0
CUST-001820,72,115.39,8310.61,Month-to-month,Fiber optic,Yes,Yes,Yes,No,No,Yes,Yes,Bank transfer,Yes,No,No,Yes,0
CUST-001821,30,92.13,2494.45,Month-to-month,DSL,Yes,No,Yes,Yes,No,Yes,Yes,Credit card,No,No,Yes,No,0
CUST-001822,9,97.4,954.39,Month-to-month,Fiber optic,No,No,No,No,No,Yes,No,Bank transfer,Yes,No,No,No,1
CUST-001823,49,104.18,5221.4,One year,Fiber optic,No,No,Yes,No,Yes,No,No,Bank transfer,No,No,No,No,1
CUST-001824,17,89.52,1551.82,Two year,DSL,Yes,No,Yes,Yes,Yes,Yes,No,Mailed check,Yes,No,Yes,Yes,0
CUST-001825,46,95.19,4464.19,Month-to-month,DSL,No,Yes,No,Yes,Yes,No,Yes,Bank transfer,Yes,No,Yes,Yes,0
CUST-001826,57,50.19,3019.7,One year,DSL,No,No,No,No,Yes,Yes,No,Electronic check,No,No,No,No,0
CUST-001827,41,51.99,2114.43,Month-to-month,No,Yes,No,No,No,No,Yes,No,Bank transfer,Yes,No,No,Yes,0
CUST-001828,28,105.75,3019.44,Month-to-month,Fiber optic,No,No,No,No,Yes,Yes,Yes,Electronic check,Yes,No,Yes,No,1
CUST-001829,44,93.97,4053.17,One year,Fiber optic,No,Yes,No,No,No,Yes,Yes,Credit card,Yes,No,No,No,0
CUST-001830,32,68.22,1997.43,One year,DSL,Yes,Yes,Yes,No,Yes,No,No,Mailed check,Yes,No,No,No,0
CUST-001831,44,96.16,4051.07,Two year,Fiber optic,Yes,Yes,No,No,No,Yes,No,Bank transfer,No,No,No,Yes,0
CUST-001832,14,103.73,1547.34,Month-to-month,Fiber optic,Yes,No,Yes,No,No,Yes,No,Credit card,No,No,No,No,1
CUST-001833,55,107.37,5862.84,Month-to-month,Fiber optic,No,No,Yes,Yes,Yes,Yes,No,Credit card,No,No,Yes,No,0
CUST-001834,11,95.85,983.81,Two year,Fiber optic,No,No,Yes,No,Yes,Yes,No,Electronic check,Yes,No,No,No,0
CUST-001835,20,99.95,1758.47,Month-to-month,DSL,Yes,Yes,No,Yes,Yes,Yes,No,Bank transfer,Yes,No,Yes,Yes,1
CUST-001836,62,87.45,5583.88,Two year,Fiber optic,No,No,Yes,No,No,Yes,Yes,Credit card,Yes,No,No,No,0
CUST-001837,38,106.16,4041.57,Month-to-month,Fiber optic,Yes,No,Yes,Yes,No,Yes,Yes,Credit card,Yes,No,No,No,1
CUST-001838,43,72.54,3292.82,Month-to-month,DSL,Yes,No,Yes,No,Yes,Yes,No,Bank transfer,Yes,No,No,Yes,1
CUST-001839,50,74.75,3929.44,One year,DSL,No,Yes,Yes,No,Yes,Yes,No,Bank transfer,Yes,No,No,No,0
CUST-001840,57,73.61,4411.47,Month-to-month,DSL,No,Yes,No,No,Yes,Yes,Yes,Electronic check,Yes,Yes,No,Yes,0
CUST-001841,5,124.02,584.32,One year,Fiber optic,No,Yes,Yes,No,Yes,Yes,No,Credit card,Yes,No,Yes,Yes,0
CUST-001842,26,113.49,3012.23,Month-to-month,DSL,No,Yes,No,Yes,Yes,Yes,Yes,Mailed check,No,No,Yes,Yes,1
CUST-001843,53,122.44,6597.24,Month-to-month,Fiber optic,Yes,Yes,No,No,Yes,Yes,Yes,Bank transfer,No,Yes,Yes,Yes,0
CUST-001844,35,101.18,3455.38,One year,Fiber optic,No,No,No,Yes,Yes,Yes,No,Electronic check,Yes,No,No,No,0
CUST-001845,33,71.7,2521.66,Month-to-month,DSL,No,No,No,Yes,Yes,Yes,No,Credit card,Yes,No,Yes,No,0
CUST-001846,66,70.54,4627.89,Month-to-month,No,Yes,No,Yes,Yes,Yes,Yes,No,Electronic check,No,No,No,No,1
CUST-001847,70,70.83,4900.85,One year,DSL,No,No,Yes,Yes,No,Yes,Yes,Credit card,Yes,No,Yes,No,0
CUST-001848,66,86.2,5687.78,Two year,DSL,No,Yes,No,No,Yes,Yes,Yes,Bank transfer,Yes,No,Yes,No,0
CUST-001849,3,101.37,239.22,One year,Fiber optic,No,Yes,Yes,Yes,No,Yes,Yes,Electronic check,Yes,Yes,No,Yes,1
CUST-001850,43,84.23,3284.16,Month-to-month,DSL,No,No,Yes,Yes,No,Yes,Yes,Bank transfer,Yes,No,No,No,0
CUST-001851,9,72.97,749.37,Two year,DSL,No,No,No,No,No,Yes,Yes,Credit card,Yes,No,Yes,No,0
CUST-001852,49,75.12,3543.3,Month-to-month,DSL,No,Yes,Yes,Yes,No,Yes,Yes,Electronic check,No,No,Yes,Yes,0
CUST-001853,18,96.7,1576.82,Two year,Fiber optic,No,No,No,No,Yes,Yes,Yes,Bank transfer,Yes,No,No,No,1
CUST-001854,5,66.07,370.55,Month-to-month,DSL,No,Yes,Yes,No,No,Yes,Yes,Mailed check,Yes,No,Yes,No,1
CUST-001855,47,85.09,3983.8,Month-to-month,DSL,Yes,Yes,Yes,Yes,Yes,Yes,No,Mailed check,Yes,Yes,No,Yes,1
CUST-001856,25,86.75,1810.32,One year,DSL,No,Yes,No,No,Yes,Yes,No,Credit card,No,No,No,No,0
CUST-001857,67,118.82,8187.73,One year,Fiber optic,No,Yes,No,No,Yes,Yes,Yes,Mailed check,Yes,No,Yes,No,0
CUST-001858,41,80.47,3131.4,One year,DSL,No,Yes,No,Yes,Yes,Yes,No,Mailed check,No,No,Yes,Yes,0
CUST-001859,7,77.44,572.4,Month-to-month,DSL,No,No,Yes,No,Yes,Yes,Yes,Bank transfer,Yes,No,No,No,1
CUST-001860,32,107.5,3478.82,Month-to-month,Fiber optic,No,No,No,Yes,Yes,Yes,No,Electronic check,Yes,No,Yes,Yes,1
CUST-001861,60,100.37,6058.26,One year,Fiber optic,Yes,No,No,No,Yes,No,No,Electronic check,No,No,Yes,No,0
CUST-001862,22,101.36,2162.39,Month-to-month,DSL,Yes,Yes,Yes,Yes,Yes,Yes,Yes,Mailed check,No,No,No,No,1
CUST-001863,48,82.32,4068.66,Month-to-month,Fiber optic,No,No,Yes,No,Yes,Yes,Yes,Credit card,No,No,No,No,0
CUST-001864,51,70.01,3503.76,Month-to-month,DSL,No,No,Yes,Yes,Yes,Yes,No,Mailed check,Yes,Yes,Yes,No,0
CUST-001865,21,68.97,1095.04,Two year,DSL,No,No,Yes,No,Yes,Yes,No,Credit card,Yes,No,Yes,No,0
CUST-001866,17,64.98,853.28,Month-to-month,DSL,No,No,No,Yes,Yes,Yes,No,Electronic check,Yes,Yes,Yes,No,1
CUST-001867,54,115.56,6215.73,Month-to-month,Fiber optic,Yes,No,Yes,Yes,No,Yes,Yes,Credit card,No,Yes,Yes,No,0
CUST-001868,66,93.46,6104.14,One year,DSL,No,Yes,No,Yes,Yes,Yes,Yes,Credit card,No,No,No,Yes,0
CUST-001869,29,82.0,2158.66,Two year,DSL,No,Yes,Yes,No,No,Yes,No,Electronic check,Yes,No,Yes,Yes,0
CUST-001870,15,116.58,1685.57,Two year,Fiber optic,Yes,Yes,Yes,Yes,Yes,Yes,No,Credit card,Yes,No,Yes,No,0
CUST-001871,37,92.08,3489.91,One year,Fiber optic,Yes,No,Yes,No,Yes,Yes,No,Credit card,Yes,Yes,No,No,1
CUST-001872,52,56.06,2739.6,Two year,No,Yes,No,Yes,No,No,Yes,No,Credit card,Yes,No,Yes,No,0
CUST-001873,43,55.63,2400.9,Month-to-month,DSL,No,Yes,Yes,Yes,No,Yes,No,Electronic check,Yes,No,Yes,Yes,1
CUST-001874,36,81.06,3075.88,Month-to-month,Fiber optic,No,No,Yes,Yes,No,Yes,No,Bank transfer,No,No,Yes,No,1
CUST-001875,14,83.03,1366.66,Month-to-month,DSL,Yes,No,Yes,No,Yes,Yes,Yes,Credit card,Yes,Yes,No,No,1
CUST-001876,53,97.97,5270.23,Month-to-month,Fiber optic,No,No,Yes,No,Yes,Yes,Yes,Mailed check,No,No,No,Yes,1
CUST-001877,41,107.69,4459.36,Month-to-month,Fiber optic,Yes,No,No,Yes,Yes,Yes,No,Bank transfer,Yes,No,No,No,1
CUST-001878,29,71.08,2295.52,Two year,DSL,Yes,No,Yes,Yes,No,Yes,Yes,Electronic check,Yes,No,No,No,0
CUST-001879,48,39.32,1712.7,Month-to-month,No,No,Yes,No,No,No,Yes,No,Electronic check,No,No,No,No,0
CUST-001880,25,77.94,2013.72,Month-to-month,DSL,No,No,No,No,Yes,Yes,Yes,Electronic check,Yes,Yes,No,No,1
CUST-001881,12,106.05,1253.65,One year,Fiber optic,No,No,No,Yes,Yes,No,Yes,Electronic check,Yes,Yes,Yes,No,1
CUST-001882,47,92.91,4479.96,Month-to-month,Fiber optic,No,No,No,Yes,No,Yes,No,Bank transfer,Yes,No,No,Yes,0
CUST-001883,19,56.07,1124.81,Month-to-month,No,Yes,Yes,No,Yes,No,Yes,No,Electronic check,No,No,No,No,1
CUST-001884,70,92.73,6500.98,One year,Fiber optic,Yes,No,No,No,Yes,No,Yes,Mailed check,Yes,No,Yes,No,0
CUST-001885,23,58.76,1173.58,Month-to-month,DSL,No,No,No,No,No,Yes,No,Electronic check,Yes,No,No,Yes,0
CUST-001886,50,83.88,3987.27,Month-to-month,Fiber optic,No,Yes,No,Yes,No,No,No,Credit card,No,No,No,Yes,1
CUST-001887,14,91.74,1156.14,One year,DSL,No,Yes,Yes,Yes,Yes,Yes,Yes,Mailed check,Yes,No,Yes,Yes,0
CUST-001888,1,108.01,158.07,Month-to-month,Fiber optic,Yes,Yes,No,No,Yes,Yes,Yes,Bank transfer,Yes,No,Yes,Yes,1
CUST-001889,71,92.63,6770.05,One year,DSL,Yes,Yes,No,Yes,Yes,Yes,Yes,Electronic check,No,No,No,No,0
CUST-001890,2,109.79,209.95,Two year,Fiber optic,No,Yes,No,Yes,Yes,Yes,No,Credit card,Yes,No,No,No,1
CUST-001891,0,73.75,11.8,Month-to-month,DSL,No,Yes,Yes,Yes,No,Yes,No,Electronic check,No,No,Yes,No,1
CUST-001892,15,29.29,379.98,One year,No,No,No,No,Yes,No,Yes,No,Electronic check,Yes,No,No,No,0
CUST-001893,5,87.8,569.54,One year,DSL,No,Yes,Yes,Yes,Yes,Yes,No,Electronic check,No,No,No,No,0
CUST-001894,25,84.12,2021.58,One year,DSL,No,Yes,Yes,No,Yes,Yes,No,Credit card,No,No,No,No,0
CUST-001895,55,27.35,1548.09,Month-to-month,No,No,No,No,No,Yes,Yes,No,Electronic check,Yes,No,No,Yes,0
CUST-001896,11,101.06,1050.34,Month-to-month,DSL,Yes,Yes,Yes,No,Yes,Yes,Yes,Bank transfer,Yes,No,No,No,0
CUST-001897,72,97.62,7086.65,Month-to-month,Fiber optic,Yes,No,Yes,No,No,Yes,Yes,Credit card,Yes,No,No,Yes,1
CUST-001898,69,72.71,4922.86,Two year,No,Yes,No,Yes,Yes,Yes,Yes,Yes,Electronic check,No,No,Yes,Yes,0
CUST-001899,28,99.66,2707.68,Month-to-month,Fiber optic,Yes,No,No,Yes,No,Yes,Yes,Electronic check,Yes,Yes,No,No,1
CUST-001900,19,108.37,2129.45,Month-to-month,Fiber optic,Yes,Yes,No,No,Yes,Yes,No,Bank transfer,No,No,No,Yes,1
CUST-001901,7,91.51,775.87,Month-to-month,DSL,No,Yes,No,Yes,Yes,No,Yes,Mailed check,No,No,Yes,No,0
CUST-001902,33,78.32,2662.52,Month-to-month,DSL,Yes,Yes,No,Yes,No,Yes,No,Credit card,No,Yes,Yes,Yes,0
CUST-001903,41,77.78,3005.2,Month-to-month,DSL,Yes,No,No,No,Yes,Yes,Yes,Electronic check,Yes,No,No,No,0
CUST-001904,10,59.71,789.85,One year,No,No,No,Yes,Yes,Yes,Yes,Yes,Electronic check,Yes,No,No,No,0
CUST-001905,70,89.27,6064.32,Month-to-month,No,Yes,Yes,Yes,Yes,Yes,Yes,Yes,Bank transfer,No,No,Yes,No,0
CUST-001906,22,114.57,2430.94,Month-to-month,Fiber optic,No,Yes,No,No,Yes,Yes,Yes,Credit card,No,No,No,No,1
CUST-001907,44,102.13,4812.95,Month-to-month,DSL,Yes,Yes,Yes,Yes,No,Yes,Yes,Credit card,Yes,No,Yes,No,1
CUST-001908,39,21.93,588.72,Month-to-month,No,No,No,Yes,Yes,No,Yes,No,Bank transfer,No,No,Yes,Yes,0
CUST-001909,50,57.5,2919.95,Month-to-month,DSL,No,No,Yes,No,Yes,Yes,Yes,Electronic check,No,No,Yes,No,1
CUST-001910,30,80.96,2517.66,Month-to-month,DSL,No,Yes,Yes,No,Yes,Yes,No,Mailed check,Yes,Yes,Yes,No,1
CUST-001911,62,68.21,4180.76,Month-to-month,DSL,No,No,Yes,Yes,No,Yes,No,Bank transfer,No,No,Yes,Yes,0
CUST-001912,6,69.78,439.41,Month-to-month,DSL,No,No,No,No,Yes,Yes,No,Mailed check,No,Yes,No,No,1
CUST-001913,47,114.79,5369.15,One year,Fiber optic,Yes,No,Yes,Yes,Yes,Yes,No,Credit card,No,No,Yes,Yes,0
CUST-001914,54,33.76,1564.91,One year,No,Yes,No,No,No,No,Yes,No,Credit card,No,No,No,Yes,0
CUST-001915,56,83.96,4845.66,One year,Fiber optic,No,No,Yes,No,No,Yes,Yes,Mailed check,Yes,No,Yes,No,0
CUST-001916,70,113.97,8310.19,One year,Fiber optic,No,Yes,No,No,Yes,No,No,Electronic check,Yes,No,No,No,1
CUST-001917,67,102.97,7048.47,One year,DSL,Yes,Yes,No,Yes,Yes,Yes,Yes,Electronic check,Yes,No,Yes,No,0
CUST-001918,17,107.23,1821.19,Month-to-month,Fiber optic,No,Yes,No,Yes,No,Yes,No,Credit card,Yes,Yes,No,No,1
CUST-001919,27,69.54,1940.91,Month-to-month,DSL,No,No,Yes,Yes,No,Yes,No,Mailed check,Yes,Yes,No,No,0
CUST-001920,16,97.14,1491.41,One year,Fiber optic,No,No,Yes,Yes,Yes,Yes,No,Electronic check,Yes,No,No,No,1
CUST-001921,7,82.4,744.7,Month-to-month,DSL,No,Yes,No,Yes,No,Yes,Yes,Bank transfer,No,No,No,No,1
CUST-001922,55,124.25,6701.27,Month-to-month,Fiber optic,Yes,Yes,Yes,Yes,Yes,Yes,Yes,Mailed check,No,Yes,Yes,No,1
CUST-001923,67,114.67,7633.63,Month-to-month,Fiber optic,No,No,Yes,No,Yes,Yes,No,Electronic check,Yes,Yes,No,No,0
CUST-001924,33,64.56,2284.46,One year,No,No,Yes,No,Yes,No,Yes,Yes,Bank transfer,No,No,Yes,No,0
CUST-001925,65,120.5,8002.28,Month-to-month,Fiber optic,No,Yes,No,Yes,Yes,Yes,No,Electronic check,Yes,Yes,Yes,Yes,0
CUST-001926,2,88.23,231.25,Month-to-month,Fiber optic,No,No,Yes,No,No,Yes,Yes,Mailed check,No,Yes,Yes,No,1
CUST-001927,55,108.17,5911.84,Month-to-month,Fiber optic,Yes,No,Yes,Yes,Yes,Yes,Yes,Electronic check,Yes,No,No,No,1
CUST-001928,3,127.78,384.3,Month-to-month,Fiber optic,No,Yes,No,No,Yes,Yes,Yes,Mailed check,No,No,Yes,No,0
CUST-001929,46,109.1,5023.5,Month-to-month,Fiber optic,Yes,No,Yes,No,Yes,Yes,No,Mailed check,Yes,Yes,Yes,No,1
CUST-001930,71,98.89,7120.34,One year,Fiber optic,Yes,No,No,No,Yes,No,Yes,Bank transfer,Yes,No,Yes,No,0
CUST-001931,28,92.22,2494.64,Month-to-month,Fiber optic,No,No,No,No,No,Yes,No,Bank transfer,No,No,No,No,0
CUST-001932,52,96.81,4957.63,Month-to-month,Fiber optic,Yes,No,No,Yes,Yes,Yes,Yes,Bank transfer,Yes,No,Yes,No,1
CUST-001933,56,121.18,6816.14,Month-to-month,Fiber optic,Yes,No,Yes,No,No,Yes,No,Bank transfer,Yes,No,Yes,No,0
CUST-001934,37,80.55,2905.36,Month-to-month,DSL,Yes,No,No,Yes,No,Yes,No,Electronic check,No,No,No,Yes,1
CUST-001935,30,46.16,1310.56,One year,No,No,Yes,No,No,No,Yes,No,Electronic check,No,No,No,Yes,0
CUST-001936,11,92.14,1021.55,Month-to-month,Fiber optic,No,No,No,No,No,Yes,No,Bank transfer,No,No,Yes,No,1
CUST-001937,51,114.32,5795.52,One year,Fiber optic,Yes,Yes,No,No,Yes,Yes,Yes,Mailed check,Yes,No,No,No,0
CUST-001938,66,125.32,8234.04,Month-to-month,Fiber optic,Yes,Yes,Yes,No,Yes,Yes,Yes,Credit card,No,Yes,Yes,No,1
CUST-001939,27,84.88,2362.36,Two year,Fiber optic,No,Yes,No,No,Yes,No,No,Credit card,Yes,No,Yes,Yes,0
CUST-001940,27,67.51,1654.5,Month-to-month,DSL,No,No,Yes,Yes,No,No,Yes,Mailed check,Yes,No,No,No,1
CUST-001941,13,83.6,1031.83,One year,DSL,No,Yes,No,No,Yes,Yes,No,Mailed check,Yes,No,Yes,No,0
CUST-001942,23,65.35,1476.53,One year,DSL,Yes,No,No,No,Yes,Yes,Yes,Electronic check,Yes,No,No,No,0
CUST-001943,45,119.45,5451.31,Two year,Fiber optic,No,Yes,Yes,No,Yes,Yes,Yes,Credit card,Yes,No,Yes,No,1
CUST-001944,57,70.82,4110.63,Month-to-month,DSL,No,No,No,No,No,Yes,No,Electronic check,No,No,No,No,1
CUST-001945,68,96.26,6357.6,Month-to-month,Fiber optic,No,No,Yes,No,Yes,Yes,No,Bank transfer,No,No,Yes,No,0
CUST-001946,59,99.81,5584.6,Two year,Fiber optic,Yes,Yes,Yes,No,No,Yes,No,Bank transfer,Yes,No,No,No,0
CUST-001947,37,77.03,2712.54,Month-to-month,DSL,No,Yes,Yes,Yes,Yes,Yes,No,Credit card,Yes,Yes,No,No,0
CUST-001948,1,101.51,81.46,Month-to-month,Fiber optic,Yes,No,Yes,Yes,No,Yes,Yes,Bank transfer,No,Yes,Yes,No,1
CUST-001949,14,70.03,1104.2,One year,DSL,No,No,No,Yes,No,Yes,No,Bank transfer,Yes,No,Yes,No,1
CUST-001950,40,103.51,3968.82,Month-to-month,Fiber optic,No,No,No,Yes,No,Yes,Yes,Mailed check,Yes,No,No,No,1
CUST-001951,45,61.9,2578.93,Month-to-month,DSL,No,Yes,Yes,Yes,No,Yes,No,Bank transfer,Yes,No,Yes,No,0
CUST-001952,25,101.93,2520.34,Month-to-month,Fiber optic,No,No,Yes,Yes,Yes,No,No,Bank transfer,Yes,Yes,No,No,1
CUST-001953,42,74.51,3136.89,Month-to-month,DSL,Yes,No,Yes,No,No,Yes,Yes,Electronic check,Yes,No,Yes,Yes,0
CUST-001954,70,84.86,6239.28,One year,DSL,Yes,Yes,No,Yes,Yes,Yes,No,Credit card,Yes,No,Yes,Yes,0
CUST-001955,54,115.96,6133.33,Two year,Fiber optic,No,Yes,No,No,Yes,Yes,Yes,Bank transfer,No,No,Yes,No,0
CUST-001956,22,80.77,1632.22,Two year,Fiber optic,No,No,No,Yes,No,Yes,No,Mailed check,No,No,Yes,Yes,0
CUST-001957,71,96.16,6864.84,Month-to-month,DSL,Yes,Yes,Yes,No,Yes,Yes,No,Electronic check,Yes,No,No,No,1
CUST-001958,21,63.1,1565.16,One year,No,No,Yes,No,Yes,Yes,Yes,No,Mailed check,Yes,No,Yes,Yes,0
CUST-001959,10,111.65,1154.2,Month-to-month,Fiber optic,No,Yes,Yes,Yes,Yes,Yes,No,Credit card,Yes,No,No,No,1
CUST-001960,48,102.68,4937.07,Month-to-month,Fiber optic,No,No,No,Yes,No,Yes,Yes,Bank transfer,Yes,No,Yes,No,1
CUST-001961,53,113.77,5887.99,Month-to-month,Fiber optic,Yes,No,Yes,Yes,No,Yes,Yes,Mailed check,Yes,No,Yes,Yes,0
CUST-001962,65,115.24,7584.32,Two year,Fiber optic,No,No,Yes,Yes,Yes,Yes,Yes,Mailed check,No,No,Yes,No,0
CUST-001963,6,48.19,163.91,Month-to-month,No,Yes,No,No,No,No,Yes,No,Electronic check,No,No,Yes,Yes,0
CUST-001964,46,97.6,4520.87,Month-to-month,Fiber optic,No,No,No,Yes,Yes,Yes,No,Electronic check,Yes,No,No,Yes,1
CUST-001965,70,42.4,2962.65,Two year,No,No,No,No,No,No,Yes,Yes,Credit card,No,Yes,No,Yes,0
CUST-001966,40,109.88,4573.68,One year,Fiber optic,No,Yes,No,No,Yes,Yes,Yes,Bank transfer,No,No,Yes,No,1
CUST-001967,63,38.19,2618.42,One year,DSL,Yes,No,No,No,Yes,No,Yes,Mailed check,Yes,No,Yes,No,0
CUST-001968,8,72.08,823.88,Two year,DSL,No,No,No,Yes,No,Yes,Yes,Credit card,No,No,No,No,0
CUST-001969,0,82.49,0.0,Month-to-month,Fiber optic,Yes,Yes,No,Yes,No,Yes,No,Credit card,Yes,No,Yes,Yes,0
CUST-001970,18,113.54,1967.99,One year,Fiber optic,No,Yes,No,Yes,No,Yes,No,Bank transfer,Yes,No,Yes,No,1
CUST-001971,66,85.33,5395.48,Two year,Fiber optic,No,No,No,No,No,Yes,No,Bank transfer,Yes,No,No,No,0
CUST-001972,58,91.38,5233.15,Month-to-month,Fiber optic,No,Yes,No,No,Yes,Yes,Yes,Bank transfer,No,No,Yes,Yes,0
CUST-001973,53,97.77,5332.01,Month-to-month,Fiber optic,No,Yes,Yes,Yes,No,Yes,No,Mailed check,No,No,No,No,1
CUST-001974,9,69.6,646.12,Month-to-month,DSL,No,Yes,Yes,No,No,Yes,No,Electronic check,Yes,No,Yes,Yes,0
CUST-001975,68,100.78,6821.07,Month-to-month,DSL,No,No,No,Yes,Yes,Yes,Yes,Credit card,No,Yes,Yes,Yes,1
CUST-001976,68,123.07,8624.98,Month-to-month,Fiber optic,Yes,No,No,No,Yes,Yes,Yes,Electronic check,No,No,No,No,0
CUST-001977,27,95.38,2828.21,Month-to-month,Fiber optic,No,Yes,Yes,Yes,No,Yes,No,Credit card,No,No,No,No,0
CUST-001978,69,88.52,6226.84,Month-to-month,DSL,Yes,No,No,No,Yes,Yes,Yes,Electronic check,Yes,No,No,No,0
CUST-001979,18,59.32,1104.59,Month-to-month,No,No,No,No,Yes,Yes,Yes,Yes,Electronic check,Yes,No,No,No,1
CUST-001980,46,79.51,3628.92,Month-to-month,Fiber optic,No,No,No,No,No,Yes,No,Electronic check,No,No,Yes,No,1
CUST-001981,37,90.87,3288.52,Month-to-month,DSL,Yes,No,Yes,Yes,No,Yes,Yes,Electronic check,Yes,No,No,No,1
CUST-001982,22,112.52,2416.59,Month-to-month,Fiber optic,Yes,No,No,Yes,No,Yes,Yes,Credit card,Yes,No,No,No,1
CUST-001983,14,100.61,1344.8,Month-to-month,DSL,Yes,No,Yes,Yes,Yes,Yes,No,Electronic check,Yes,No,Yes,Yes,1
CUST-001984,67,76.94,4918.19,One year,DSL,Yes,Yes,Yes,Yes,No,Yes,No,Mailed check,No,No,Yes,No,0
CUST-001985,61,88.75,4989.73,Two year,Fiber optic,No,No,No,Yes,No,Yes,Yes,Mailed check,Yes,No,No,No,0
CUST-001986,58,87.98,4598.79,One year,DSL,No,No,Yes,Yes,No,Yes,Yes,Bank transfer,Yes,No,Yes,No,0
CUST-001987,25,101.5,2406.81,Two year,Fiber optic,No,Yes,No,Yes,No,Yes,No,Mailed check,No,No,No,Yes,0
CUST-001988,53,64.9,3391.71,Month-to-month,DSL,No,No,Yes,No,No,Yes,Yes,Electronic check,Yes,No,No,Yes,1
CUST-001989,69,65.74,4811.59,One year,DSL,Yes,No,Yes,Yes,Yes,Yes,No,Electronic check,Yes,Yes,No,No,0
CUST-001990,10,95.31,920.88,Two year,Fiber optic,No,No,No,No,No,No,Yes,Electronic check,Yes,No,Yes,No,1
CUST-001991,56,91.25,5044.35,Two year,Fiber optic,No,No,No,No,Yes,Yes,Yes,Mailed check,Yes,No,No,No,0
CUST-001992,44,90.38,4017.07,Month-to-month,Fiber optic,No,Yes,Yes,No,No,No,No,Credit card,Yes,No,Yes,No,0
CUST-001993,34,18.0,365.43,Month-to-month,No,No,No,Yes,No,No,Yes,Yes,Electronic check,Yes,Yes,No,No,0
CUST-001994,59,57.15,3333.47,Month-to-month,No,No,Yes,Yes,Yes,Yes,No,Yes,Bank transfer,Yes,No,No,No,0
CUST-001995,43,53.6,2453.18,Month-to-month,DSL,No,No,No,No,Yes,Yes,No,Electronic check,Yes,No,Yes,No,1
CUST-001996,16,37.96,720.68,Two year,No,Yes,No,No,No,No,Yes,No,Credit card,Yes,Yes,No,No,0
CUST-001997,49,72.83,3824.32,Month-to-month,DSL,No,Yes,Yes,Yes,No,Yes,No,Electronic check,No,No,No,No,0
CUST-001998,18,125.36,2372.06,Month-to-month,Fiber optic,Yes,No,Yes,No,Yes,Yes,No,Credit card,Yes,No,No,No,1
CUST-001999,26,100.92,2684.81,Two year,Fiber optic,No,No,No,No,Yes,No,No,Electronic check,No,No,No,Yes,1
CUST-002000,32,112.85,3682.15,Two year,Fiber optic,No,Yes,Yes,Yes,No,Yes,No,Credit card,No,No,No,No,1
CUST-002001,37,93.97,3584.33,Month-to-month,Fiber optic,Yes,Yes,No,Yes,No,Yes,No,Credit card,Yes,No,Yes,No,0
CUST-002002,58,65.28,3541.37,Month-to-month,DSL,Yes,No,No,Yes,No,Yes,No,Bank transfer,Yes,Yes,No,No,1
CUST-002003,18,137.39,2477.31,Month-to-month,Fiber optic,No,Yes,Yes,No,Yes,Yes,No,Bank transfer,Yes,No,Yes,Yes,0
CUST-002004,7,120.68,770.11,Month-to-month,Fiber optic,Yes,No,No,Yes,Yes,Yes,Yes,Credit card,Yes,No,Yes,No,1
CUST-002005,49,76.76,3591.13,Month-to-month,DSL,Yes,Yes,Yes,No,No,Yes,No,Electronic check,Yes,Yes,No,Yes,0
CUST-002006,51,54.96,2827.97,One year,DSL,No,No,No,No,No,No,No,Mailed check,Yes,No,No,Yes,0
CUST-002007,10,91.61,948.53,Month-to-month,DSL,Yes,No,Yes,Yes,Yes,Yes,Yes,Electronic check,Yes,No,No,No,1
CUST-002008,42,117.21,4779.43,Month-to-month,Fiber optic,No,No,Yes,No,Yes,Yes,No,Electronic check,Yes,No,Yes,No,1
CUST-002009,35,80.43,3041.58,Two year,DSL,Yes,No,No,No,Yes,Yes,No,Credit card,No,No,No,Yes,0
CUST-002010,51,92.6,4700.62,Month-to-month,DSL,Yes,Yes,No,Yes,Yes,Yes,Yes,Bank transfer,Yes,No,Yes,No,0
CUST-002011,5,123.17,559.37,One year,Fiber optic,No,Yes,Yes,Yes,Yes,Yes,Yes,Credit card,Yes,No,No,Yes,1
CUST-002012,11,72.42,844.04,Month-to-month,DSL,No,Yes,No,No,No,Yes,No,Bank transfer,Yes,No,No,No,0
CUST-002013,7,130.14,962.29,One year,Fiber optic,No,Yes,Yes,Yes,Yes,Yes,No,Bank transfer,Yes,No,Yes,No,0
CUST-002014,70,64.94,4499.54,Month-to-month,No,Yes,No,Yes,Yes,Yes,Yes,No,Credit card,Yes,No,Yes,No,0
CUST-002015,49,40.43,1977.19,Month-to-month,No,No,No,Yes,Yes,Yes,Yes,No,Bank transfer,No,No,No,Yes,1
CUST-002016,11,60.57,734.89,Month-to-month,DSL,No,Yes,No,No,Yes,Yes,No,Mailed check,No,No,No,Yes,1
CUST-002017,0,94.77,22.74,Two year,DSL,No,Yes,Yes,No,No,Yes,Yes,Credit card,Yes,No,Yes,No,0
CUST-002018,60,54.55,3472.45,Month-to-month,DSL,Yes,No,No,Yes,No,No,No,Bank transfer,Yes,No,No,No,1
CUST-002019,35,105.11,3859.69,One year,Fiber optic,No,Yes,No,No,Yes,Yes,No,Electronic check,Yes,No,No,No,1
CUST-002020,0,103.09,40.78,One year,Fiber optic,No,No,No,No,Yes,No,No,Electronic check,Yes,No,Yes,No,1
CUST-002021,48,67.38,3150.09,One year,DSL,No,No,No,No,No,Yes,No,Bank transfer,No,No,No,No,0
CUST-002022,52,114.97,6048.97,Two year,Fiber optic,No,Yes,Yes,Yes,Yes,Yes,Yes,Credit card,No,Yes,No,No,0
CUST-002023,29,116.17,3433.64,One year,Fiber optic,No,No,Yes,No,Yes,Yes,No,Bank transfer,No,No,No,No,1
CUST-002024,22,104.98,2204.98,Month-to-month,Fiber optic,Yes,No,Yes,Yes,Yes,No,No,Electronic check,No,No,No,Yes,1
CUST-002025,11,84.39,995.57,Month-to-month,Fiber optic,No,Yes,No,Yes,No,No,No,Bank transfer,Yes,No,No,No,1
CUST-002026,27,77.13,2009.08,Month-to-month,DSL,Yes,No,Yes,Yes,No,Yes,Yes,Bank transfer,Yes,No,No,Yes,1
CUST-002027,55,129.3,6959.47,Two year,Fiber optic,Yes,Yes,No,Yes,Yes,Yes,No,Credit card,Yes,No,No,No,0
CUST-002028,64,92.83,5550.75,One year,DSL,No,Yes,No,No,Yes,Yes,Yes,Bank transfer,Yes,No,No,No,0
CUST-002029,15,102.47,1614.31,Month-to-month,Fiber optic,No,No,No,Yes,No,Yes,No,Electronic check,Yes,No,Yes,No,1
CUST-002030,28,113.94,3063.45,One year,Fiber optic,No,No,Yes,Yes,Yes,Yes,No,Electronic check,Yes,No,Yes,Yes,0
CUST-002031,33,51.56,1584.08,One year,DSL,No,Yes,No,No,No,Yes,Yes,Credit card,Yes,Yes,Yes,Yes,0
CUST-002032,38,97.32,3435.74,Two year,Fiber optic,No,No,Yes,No,No,Yes,No,Bank transfer,No,No,No,Yes,0
CUST-002033,28,126.89,3425.83,Month-to-month,Fiber optic,No,Yes,Yes,No,Yes,Yes,No,Credit card,Yes,Yes,Yes,Yes,1
CUST-002034,44,39.49,1748.03,Month-to-month,No,Yes,No,Yes,Yes,No,Yes,No,Mailed check,No,No,Yes,No,0
CUST-002035,47,44.62,2032.84,One year,No,Yes,No,No,No,No,Yes,Yes,Electronic check,Yes,Yes,Yes,No,0
CUST-002036,0,97.49,0.0,Two year,DSL,No,Yes,Yes,No,Yes,Yes,No,Mailed check,No,No,No,Yes,0
CUST-002037,1,117.37,362.68,Month-to-month,Fiber optic,No,No,No,Yes,Yes,Yes,Yes,Electronic check,No,No,No,No,1
CUST-002038,50,128.32,6392.42,Month-to-month,Fiber optic,Yes,No,No,No,Yes,Yes,Yes,Bank transfer,No,No,No,No,0
CUST-002039,58,119.06,6959.56,Two year,Fiber optic,No,Yes,No,Yes,No,Yes,Yes,Electronic check,No,No,No,No,0
CUST-002040,69,40.68,2719.57,Month-to-month,No,Yes,No,No,No,No,Yes,Yes,Credit card,No,No,No,No,0
CUST-002041,38,59.22,2227.83,Month-to-month,DSL,No,No,No,Yes,Yes,Yes,Yes,Credit card,Yes,No,No,No,1
CUST-002042,29,111.65,3363.18,Month-to-month,Fiber optic,Yes,No,No,No,Yes,Yes,Yes,Bank transfer,Yes,No,No,Yes,1
CUST-002043,13,107.39,1142.97,Month-to-month,Fiber optic,No,No,No,Yes,Yes,Yes,No,Electronic check,Yes,No,No,Yes,1
CUST-002044,61,119.2,7198.8,Two year,Fiber optic,Yes,Yes,Yes,Yes,No,Yes,Yes,Mailed check,Yes,No,Yes,No,0
CUST-002045,8,108.72,984.31,Month-to-month,Fiber optic,No,No,Yes,Yes,Yes,Yes,Yes,Bank transfer,Yes,No,Yes,No,1
CUST-002046,16,98.47,1750.64,One year,Fiber optic,Yes,No,Yes,Yes,No,Yes,No,Electronic check,No,No,No,No,1
CUST-002047,34,90.54,3222.18,Month-to-month,DSL,No,No,Yes,No,Yes,Yes,No,Bank transfer,Yes,No,No,Yes,1
CUST-002048,39,112.8,4363.86,One year,Fiber optic,Yes,Yes,No,No,Yes,Yes,No,Credit card,No,No,Yes,Yes,0
CUST-002049,41,114.73,4603.99,Month-to-month,Fiber optic,No,Yes,No,Yes,Yes,Yes,No,Mailed check,Yes,No,No,No,1
CUST-002050,17,86.57,1294.05,One year,DSL,Yes,No,No,Yes,No,Yes,No,Mailed check,No,Yes,Yes,No,0
CUST-002051,17,69.93,1240.95,Month-to-month,DSL,Yes,No,No,No,No,Yes,No,Bank transfer,Yes,No,No,Yes,0
CUST-002052,15,57.91,1011.35,Two year,DSL,No,No,Yes,No,No,Yes,No,Electronic check,Yes,No,No,No,0
CUST-002053,22,100.77,2100.89,One year,Fiber optic,Yes,No,No,Yes,No,Yes,Yes,Electronic check,Yes,No,No,No,0
CUST-002054,46,72.93,3149.62,Month-to-month,DSL,No,No,No,No,Yes,Yes,No,Electronic check,Yes,No,Yes,No,0
CUST-002055,15,113.75,1472.61,One year,Fiber optic,Yes,Yes,Yes,Yes,No,No,Yes,Bank transfer,No,No,Yes,No,1
CUST-002056,2,38.17,0.0,Month-to-month,No,No,Yes,Yes,No,Yes,No,Yes,Electronic check,Yes,No,No,No,0
CUST-002057,47,62.5,2729.01,Month-to-month,No,No,Yes,Yes,Yes,Yes,Yes,Yes,Electronic check,Yes,No,Yes,No,0
CUST-002058,72,69.66,4992.74,One year,DSL,Yes,Yes,Yes,Yes,No,Yes,Yes,Bank transfer,Yes,No,No,No,0
CUST-002059,54,46.69,2594.01,Month-to-month,No,No,No,No,No,Yes,No,No,Bank transfer,Yes,No,Yes,No,1
CUST-002060,51,75.6,3842.42,Month-to-month,DSL,Yes,Yes,No,No,Yes,Yes,Yes,Electronic check,No,No,No,No,0
CUST-002061,29,84.34,2430.85,Month-to-month,Fiber optic,No,No,Yes,Yes,No,Yes,No,Mailed check,Yes,No,No,No,1
CUST-002062,19,109.04,2327.57,Two year,Fiber optic,No,Yes,No,Yes,Yes,Yes,Yes,Credit card,Yes,No,No,No,1
CUST-002063,47,99.39,4479.07,Month-to-month,Fiber optic,Yes,No,Yes,No,No,Yes,No,Mailed check,Yes,Yes,Yes,No,1
CUST-002064,44,97.27,4314.32,Month-to-month,Fiber optic,Yes,Yes,No,No,No,Yes,No,Bank transfer,No,No,Yes,Yes,0
CUST-002065,55,26.47,1580.08,Month-to-month,No,No,Yes,No,No,No,Yes,Yes,Electronic check,Yes,Yes,No,No,0
CUST-002066,4,41.79,56.86,Month-to-month,No,No,No,No,No,Yes,Yes,Yes,Bank transfer,Yes,No,Yes,No,1
CUST-002067,17,68.05,1238.9,One year,DSL,No,No,No,Yes,No,Yes,Yes,Electronic check,Yes,No,No,No,0
CUST-002068,48,55.36,2843.1,Month-to-month,DSL,No,No,No,No,No,Yes,No,Credit card,Yes,No,Yes,Yes,0
CUST-002069,66,91.94,5705.46,Month-to-month,DSL,Yes,No,Yes,Yes,Yes,Yes,No,Credit card,Yes,No,No,No,0
CUST-002070,61,89.37,5343.18,Month-to-month,Fiber optic,No,No,No,No,No,Yes,Yes,Bank transfer,No,No,Yes,No,1
CUST-002071,54,80.98,3976.4,Two year,DSL,Yes,No,No,Yes,Yes,No,Yes,Electronic check,No,No,Yes,Yes,0
CUST-002072,58,47.38,2703.6,Two year,No,Yes,Yes,Yes,No,Yes,Yes,Yes,Electronic check,No,No,Yes,No,0
CUST-002073,68,102.09,6825.64,Month-to-month,Fiber optic,No,Yes,No,Yes,Yes,Yes,No,Mailed check,Yes,No,No,No,0
CUST-002074,9,94.63,833.7,Two year,DSL,Yes,No,No,Yes,Yes,Yes,Yes,Mailed check,Yes,Yes,Yes,No,0
CUST-002075,57,77.67,4510.51,Two year,DSL,No,Yes,No,No,Yes,Yes,No,Mailed check,Yes,No,Yes,No,0
CUST-002076,10,89.03,978.83,Month-to-month,DSL,Yes,Yes,No,No,No,Yes,Yes,Electronic check,No,No,No,No,1
CUST-002077,32,106.61,3498.77,Two year,Fiber optic,No,Yes,Yes,No,No,Yes,Yes,Bank transfer,Yes,Yes,Yes,Yes,0
CUST-002078,48,92.43,4526.75,One year,DSL,No,Yes,No,Yes,Yes,Yes,Yes,Electronic check,Yes,Yes,No,Yes,0
CUST-002079,25,92.62,2447.96,Month-to-month,DSL,No,No,No,No,No,Yes,Yes,Electronic check,Yes,No,Yes,No,0
CUST-002080,20,96.23,1965.04,Month-to-month,Fiber optic,No,Yes,No,Yes,No,Yes,No,Bank transfer,No,No,No,Yes,1
CUST-002081,17,68.02,1177.07,One year,DSL,No,Yes,Yes,Yes,No,No,Yes,Electronic check,No,No,No,No,0
CUST-002082,67,48.0,3273.86,Month-to-month,No,Yes,No,No,Yes,No,Yes,Yes,Electronic check,Yes,No,No,No,0
CUST-002083,2,92.43,244.65,Month-to-month,Fiber optic,No,No,No,Yes,No,No,Yes,Credit card,No,No,Yes,Yes,1
CUST-002084,41,102.66,4523.19,Month-to-month,Fiber optic,No,No,No,Yes,No,Yes,Yes,Bank transfer,No,Yes,No,No,1
CUST-002085,8,64.23,270.84,Month-to-month,DSL,No,No,Yes,No,No,Yes,Yes,Bank transfer,No,No,No,Yes,0
CUST-002086,41,98.02,3623.8,Two year,Fiber optic,No,Yes,Yes,No,No,No,No,Mailed check,No,No,No,No,0
CUST-002087,53,63.34,3414.68,Month-to-month,DSL,No,Yes,Yes,No,Yes,Yes,No,Credit card,Yes,No,No,Yes,0
CUST-002088,55,73.08,4231.11,Month-to-month,DSL,No,Yes,Yes,Yes,Yes,Yes,Yes,Bank transfer,Yes,No,No,Yes,1
CUST-002089,14,56.9,632.47,Two year,DSL,Yes,No,No,Yes,No,No,Yes,Bank transfer,Yes,No,Yes,No,0
CUST-002090,64,49.18,3325.12,Month-to-month,No,Yes,No,Yes,No,No,Yes,Yes,Mailed check,No,Yes,Yes,No,1
CUST-002091,24,34.72,1029.01,One year,No,Yes,Yes,No,No,Yes,No,No,Credit card,Yes,No,No,No,0
CUST-002092,33,68.08,2496.8,One year,DSL,No,No,No,Yes,Yes,Yes,No,Bank transfer,No,No,No,No,0
CUST-002093,66,87.95,5682.12,Month-to-month,Fiber optic,No,No,Yes,No,Yes,Yes,No,Mailed check,Yes,No,No,No,0
CUST-002094,41,102.6,4205.95,Month-to-month,Fiber optic,Yes,No,Yes,No,Yes,Yes,No,Bank transfer,Yes,No,Yes,No,1
CUST-002095,61,118.94,7280.45,Two year,Fiber optic,No,No,Yes,Yes,Yes,Yes,Yes,Mailed check,Yes,No,No,No,0
CUST-002096,5,72.66,412.91,Two year,DSL,No,Yes,No,No,Yes,Yes,No,Bank transfer,No,No,Yes,Yes,0
CUST-002097,61,103.61,6433.27,One year,Fiber optic,Yes,No,Yes,No,Yes,Yes,Yes,Mailed check,Yes,No,No,No,0
CUST-002098,67,91.27,5940.11,Two year,Fiber optic,Yes,No,No,Yes,No,Yes,No,Mailed check,Yes,No,Yes,No,0
CUST-002099,10,71.22,507.1,Two year,Fiber optic,No,No,No,No,No,Yes,Yes,Mailed check,No,No,No,Yes,0
CUST-002100,65,99.64,6363.86,Two year,Fiber optic,Yes,Yes,No,Yes,No,Yes,No,Bank transfer,Yes,No,No,Yes,0
CUST-002101,40,94.56,3581.01,One year,DSL,Yes,No,No,No,Yes,Yes,No,Mailed check,Yes,No,Yes,No,0
CUST-002102,3,93.07,239.91,Month-to-month,Fiber optic,No,No,No,No,No,Yes,Yes,Electronic check,Yes,No,No,Yes,1
CUST-002103,53,105.85,5406.22,Month-to-month,Fiber optic,Yes,No,Yes,No,No,Yes,Yes,Mailed check,No,Yes,No,Yes,0
CUST-002104,25,54.68,1508.0,Month-to-month,No,Yes,Yes,No,Yes,No,Yes,No,Credit card,Yes,No,Yes,No,0
CUST-002105,17,109.3,1946.56,Month-to-month,Fiber optic,Yes,No,Yes,No,Yes,Yes,Yes,Electronic check,No,No,No,Yes,1
CUST-002106,65,74.79,4877.07,Month-to-month,DSL,Yes,No,Yes,Yes,No,Yes,No,Electronic check,No,No,Yes,No,0
CUST-002107,20,75.86,1656.69,Month-to-month,DSL,No,No,Yes,No,Yes,Yes,Yes,Bank transfer,No,No,No,No,0
CUST-002108,42,95.2,3933.14,Month-to-month,Fiber optic,No,No,No,Yes,Yes,Yes,Yes,Electronic check,Yes,No,No,Yes,1
CUST-002109,22,83.94,1650.83,Month-to-month,DSL,Yes,No,No,Yes,Yes,Yes,Yes,Electronic check,No,Yes,Yes,No,1
CUST-002110,23,107.67,2325.96,Month-to-month,Fiber optic,No,No,Yes,Yes,No,Yes,Yes,Credit card,No,No,Yes,No,1
CUST-002111,40,94.52,3887.27,Month-to-month,DSL,No,Yes,Yes,Yes,Yes,Yes,Yes,Bank transfer,Yes,No,Yes,No,0
CUST-002112,25,59.74,1389.43,Month-to-month,No,Yes,Yes,No,Yes,Yes,Yes,Yes,Electronic check,Yes,No,Yes,No,0
CUST-002113,37,80.04,2867.88,Month-to-month,Fiber optic,No,No,Yes,Yes,No,Yes,No,Mailed check,Yes,No,No,Yes,1
CUST-002114,48,76.4,3549.48,Two year,DSL,No,Yes,Yes,No,No,Yes,Yes,Credit card,Yes,No,No,Yes,0
CUST-002115,38,80.67,3294.29,Month-to-month,DSL,Yes,Yes,Yes,Yes,Yes,Yes,No,Bank transfer,No,No,Yes,No,1
CUST-002116,50,56.55,2664.18,Month-to-month,DSL,No,No,Yes,No,No,Yes,No,Credit card,Yes,No,Yes,No,1
CUST-002117,59,70.05,3974.56,Month-to-month,DSL,No,Yes,Yes,Yes,Yes,Yes,No,Credit card,Yes,No,No,No,0
CUST-002118,10,107.44,932.41,Month-to-month,Fiber optic,Yes,No,No,Yes,No,Yes,Yes,Credit card,Yes,No,Yes,No,1
CUST-002119,8,119.14,1071.65,One year,Fiber optic,Yes,No,No,No,Yes,Yes,Yes,Bank transfer,Yes,No,Yes,Yes,1
CUST-002120,32,73.7,2035.52,Month-to-month,DSL,Yes,No,Yes,No,Yes,Yes,Yes,Mailed check,Yes,No,Yes,No,0
CUST-002121,51,102.45,5311.66,Two year,Fiber optic,No,Yes,Yes,Yes,Yes,Yes,No,Mailed check,Yes,No,Yes,No,0
CUST-002122,60,81.48,4955.63,Month-to-month,DSL,No,Yes,No,Yes,Yes,Yes,No,Bank transfer,No,No,No,Yes,1
CUST-002123,32,95.37,2916.01,Month-to-month,Fiber optic,Yes,No,No,Yes,No,Yes,Yes,Mailed check,Yes,Yes,No,No,1
CUST-002124,60,136.03,7864.19,Month-to-month,Fiber optic,Yes,Yes,Yes,Yes,Yes,Yes,Yes,Credit card,Yes,No,Yes,No,1
CUST-002125,13,96.69,1433.75,Month-to-month,Fiber optic,No,No,No,Yes,Yes,Yes,No,Credit card,Yes,Yes,No,Yes,1
CUST-002126,51,84.18,4042.78,Two year,Fiber optic,No,No,No,Yes,No,Yes,Yes,Electronic check,No,Yes,Yes,No,1
CUST-002127,49,71.23,3206.72,Month-to-month,No,Yes,No,Yes,Yes,No,Yes,Yes,Credit card,Yes,No,No,Yes,0
CUST-002128,59,94.0,5567.82,Two year,Fiber optic,No,No,Yes,No,No,Yes,No,Electronic check,Yes,Yes,No,No,0
CUST-002129,0,101.05,189.3,Month-to-month,DSL,Yes,Yes,Yes,No,Yes,Yes,Yes,Credit card,No,No,No,Yes,1
CUST-002130,50,88.54,4416.43,One year,Fiber optic,No,No,No,No,No,Yes,No,Credit card,No,No,Yes,No,0
CUST-002131,38,69.62,2728.95,Month-to-month,DSL,No,No,No,Yes,No,Yes,No,Electronic check,Yes,Yes,Yes,No,1
CUST-002132,61,116.63,6892.99,One year,Fiber optic,No,No,No,No,No,Yes,Yes,Credit card,Yes,No,No,No,0
CUST-002133,60,106.7,6730.58,One year,Fiber optic,Yes,No,No,Yes,No,Yes,Yes,Bank transfer,No,No,No,Yes,0
CUST-002134,25,80.72,2194.09,Month-to-month,DSL,No,Yes,Yes,Yes,Yes,Yes,No,Electronic check,Yes,No,Yes,No,1
CUST-002135,41,110.34,4842.6,Two year,Fiber optic,Yes,Yes,No,Yes,Yes,No,No,Electronic check,Yes,No,Yes,No,0
CUST-002136,5,121.71,650.27,One year,Fiber optic,No,Yes,Yes,Yes,Yes,Yes,No,Bank transfer,Yes,No,Yes,Yes,1
CUST-002137,7,55.45,417.79,Two year,DSL,No,No,Yes,Yes,No,Yes,No,Credit card,No,No,Yes,No,0
CUST-002138,6,101.21,723.43,Month-to-month,Fiber optic,No,No,Yes,No,No,Yes,Yes,Mailed check,Yes,Yes,Yes,Yes,1
CUST-002139,46,96.4,4627.22,One year,Fiber optic,No,Yes,Yes,Yes,No,Yes,No,Bank transfer,Yes,No,Yes,No,0
CUST-002140,43,53.45,2110.17,One year,DSL,No,Yes,Yes,Yes,No,Yes,No,Credit card,Yes,No,No,Yes,0
CUST-002141,67,84.34,5580.76,Month-to-month,DSL,Yes,No,Yes,Yes,Yes,Yes,No,Electronic check,Yes,No,No,Yes,0
CUST-002142,0,76.22,0.0,Month-to-month,DSL,No,No,No,Yes,Yes,Yes,Yes,Credit card,No,No,Yes,No,0
CUST-002143,61,72.72,4181.9,Month-to-month,DSL,No,No,Yes,No,Yes,Yes,No,Credit card,No,No,Yes,No,0
CUST-002144,61,85.06,4886.43,Two year,DSL,No,No,Yes,Yes,No,Yes,Yes,Electronic check,Yes,No,Yes,Yes,0
CUST-002145,11,103.11,916.65,Month-to-month,Fiber optic,No,No,No,Yes,Yes,Yes,No,Bank transfer,No,No,Yes,Yes,1
CUST-002146,13,109.94,1115.55,Month-to-month,Fiber optic,No,Yes,Yes,Yes,No,Yes,Yes,Electronic check,Yes,No,Yes,Yes,1
CUST-002147,59,89.14,5321.04,Month-to-month,Fiber optic,No,Yes,No,No,No,No,No,Electronic check,Yes,No,No,No,0
CUST-002148,59,105.97,6385.68,Month-to-month,Fiber optic,No,No,Yes,No,No,Yes,No,Electronic check,Yes,No,Yes,No,1
CUST-002149,59,109.33,6744.52,Month-to-month,Fiber optic,No,No,Yes,Yes,No,Yes,No,Electronic check,Yes,Yes,Yes,No,0
CUST-002150,25,84.98,2217.81,Month-to-month,DSL,No,Yes,Yes,Yes,No,Yes,Yes,Mailed check,Yes,No,No,No,0
CUST-002151,58,73.19,4215.1,Month-to-month,DSL,No,Yes,No,Yes,No,Yes,No,Electronic check,Yes,Yes,Yes,Yes,1
CUST-002152,7,89.44,693.69,Month-to-month,Fiber optic,No,No,No,Yes,No,Yes,No,Bank transfer,Yes,No,No,No,1
CUST-002153,72,122.94,8760.54,Two year,Fiber optic,No,No,Yes,No,No,Yes,No,Electronic check,No,No,No,Yes,0
CUST-002154,26,75.78,2221.11,Two year,DSL,Yes,No,No,Yes,Yes,Yes,No,Electronic check,Yes,Yes,No,No,0
CUST-002155,12,74.75,885.35,Month-to-month,No,Yes,No,Yes,Yes,No,Yes,Yes,Credit card,Yes,No,No,No,1
CUST-002156,0,103.47,433.22,Month-to-month,Fiber optic,No,Yes,Yes,Yes,No,No,Yes,Credit card,Yes,Yes,No,No,1
CUST-002157,54,69.29,3806.92,One year,DSL,Yes,No,Yes,No,Yes,Yes,No,Credit card,Yes,No,No,Yes,0
CUST-002158,14,116.19,1520.03,Month-to-month,Fiber optic,Yes,Yes,Yes,Yes,Yes,Yes,No,Bank transfer,No,No,No,Yes,1
CUST-002159,0,102.78,54.21,Two year,Fiber optic,Yes,Yes,No,No,No,Yes,No,Credit card,Yes,Yes,Yes,Yes,0
CUST-002160,10,84.5,821.1,Two year,DSL,No,Yes,Yes,Yes,No,Yes,No,Bank transfer,Yes,Yes,Yes,Yes,0
CUST-002161,31,72.09,2242.34,Month-to-month,DSL,Yes,No,Yes,Yes,No,Yes,No,Electronic check,Yes,No,No,Yes,0
CUST-002162,71,114.2,8249.68,Two year,Fiber optic,No,Yes,No,Yes,No,Yes,Yes,Credit card,No,No,No,No,0
CUST-002163,42,89.45,3800.68,Month-to-month,DSL,Yes,Yes,No,Yes,No,Yes,No,Credit card,Yes,No,Yes,No,0
CUST-002164,31,92.4,2836.02,Month-to-month,Fiber optic,Yes,No,No,No,No,No,No,Bank transfer,Yes,No,No,No,1
CUST-002165,39,113.58,4319.24,Month-to-month,Fiber optic,No,No,No,Yes,Yes,Yes,Yes,Bank transfer,No,Yes,No,Yes,1
CUST-002166,40,74.25,2873.33,One year,Fiber optic,No,No,Yes,No,Yes,Yes,No,Credit card,Yes,No,Yes,Yes,0
CUST-002167,12,46.86,316.1,Month-to-month,DSL,No,No,Yes,Yes,No,Yes,No,Credit card,Yes,Yes,Yes,Yes,1
CUST-002168,4,116.71,378.1,Month-to-month,Fiber optic,No,Yes,Yes,Yes,No,Yes,No,Bank transfer,Yes,Yes,Yes,Yes,1
CUST-002169,11,99.42,1155.92,One year,DSL,Yes,Yes,No,Yes,Yes,Yes,No,Electronic check,Yes,No,No,No,0
CUST-002170,4,101.3,195.22,One year,Fiber optic,No,Yes,Yes,Yes,No,Yes,No,Electronic check,Yes,Yes,Yes,No,1
CUST-002171,53,92.84,5000.07,Two year,DSL,Yes,Yes,No,No,Yes,Yes,Yes,Electronic check,Yes,No,Yes,Yes,0
CUST-002172,43,82.08,3550.21,Month-to-month,DSL,No,Yes,Yes,No,No,Yes,No,Mailed check,No,No,Yes,No,0
CUST-002173,53,44.03,2508.09,Month-to-month,No,No,No,No,Yes,Yes,No,Yes,Electronic check,No,No,No,Yes,0
CUST-002174,24,85.79,2115.8,Month-to-month,Fiber optic,No,No,No,Yes,No,Yes,Yes,Credit card,No,Yes,No,No,1
CUST-002175,37,112.08,4026.48,Two year,Fiber optic,No,Yes,No,No,No,Yes,Yes,Credit card,No,No,No,Yes,0
CUST-002176,21,58.26,1330.82,One year,DSL,No,No,No,Yes,No,Yes,Yes,Credit card,Yes,No,No,Yes,0
CUST-002177,45,86.72,3684.67,Month-to-month,DSL,Yes,No,No,Yes,Yes,Yes,Yes,Bank transfer,Yes,No,No,No,1
CUST-002178,11,47.9,610.11,Month-to-month,DSL,No,No,No,No,No,Yes,Yes,Credit card,No,No,Yes,Yes,1
CUST-002179,4,109.51,283.36,Month-to-month,Fiber optic,No,No,Yes,Yes,Yes,Yes,No,Bank transfer,Yes,No,No,No,1
CUST-002180,55,111.71,6016.64,Month-to-month,Fiber optic,Yes,Yes,Yes,No,Yes,Yes,Yes,Mailed check,Yes,No,No,Yes,1
CUST-002181,15,47.37,864.61,Month-to-month,No,No,No,No,Yes,No,Yes,No,Bank transfer,No,No,No,Yes,1
CUST-002182,68,110.84,7443.93,Month-to-month,Fiber optic,No,Yes,Yes,Yes,No,Yes,Yes,Electronic check,Yes,No,Yes,Yes,1
CUST-002183,20,59.21,1218.06,Month-to-month,DSL,No,No,No,Yes,No,Yes,No,Credit card,No,No,Yes,No,0
CUST-002184,26,61.46,1867.83,Month-to-month,DSL,No,No,Yes,No,No,No,No,Electronic check,No,No,Yes,No,1
CUST-002185,56,68.5,3663.08,Month-to-month,No,No,Yes,Yes,Yes,Yes,Yes,Yes,Bank transfer,No,No,Yes,No,0
CUST-002186,27,56.63,1359.31,One year,No,Yes,No,No,Yes,No,Yes,No,Bank transfer,No,No,Yes,No,0
CUST-002187,14,101.5,1689.69,One year,Fiber optic,Yes,No,No,No,Yes,Yes,No,Bank transfer,No,No,Yes,Yes,1
CUST-002188,21,38.81,766.74,One year,No,No,No,Yes,Yes,Yes,Yes,No,Electronic check,Yes,No,Yes,Yes,0
CUST-002189,56,76.68,4227.8,Two year,DSL,No,Yes,No,Yes,Yes,Yes,No,Mailed check,No,No,No,Yes,1
CUST-002190,12,106.98,1565.06,One year,Fiber optic,No,No,Yes,Yes,Yes,Yes,No,Electronic check,No,No,Yes,No,0
CUST-002191,33,100.03,2988.64,Month-to-month,Fiber optic,Yes,No,Yes,No,Yes,Yes,Yes,Bank transfer,Yes,No,No,No,0
CUST-002192,22,84.4,2004.17,Two year,DSL,No,No,Yes,Yes,Yes,Yes,No,Bank transfer,No,Yes,Yes,No,0
CUST-002193,29,79.31,1960.26,One year,DSL,No,Yes,Yes,Yes,Yes,Yes,No,Electronic check,No,Yes,Yes,No,1
CUST-002194,59,65.43,3943.9,One year,DSL,No,Yes,Yes,No,No,Yes,No,Bank transfer,Yes,No,Yes,No,0
CUST-002195,46,57.34,2419.58,Two year,No,Yes,No,Yes,No,No,Yes,Yes,Bank transfer,No,No,No,Yes,0
CUST-002196,6,81.45,451.99,Two year,DSL,Yes,Yes,No,No,Yes,Yes,Yes,Credit card,Yes,No,Yes,No,0
CUST-002197,50,107.42,5324.75,Month-to-month,Fiber optic,Yes,No,No,No,No,Yes,Yes,Electronic check,Yes,No,Yes,No,1
CUST-002198,59,94.24,5187.23,Month-to-month,Fiber optic,No,No,No,Yes,No,Yes,Yes,Credit card,Yes,No,No,No,0
CUST-002199,47,25.83,1096.6,One year,No,No,No,No,No,No,Yes,No,Bank transfer,Yes,No,No,No,0
CUST-002200,4,113.54,488.71,One year,Fiber optic,Yes,Yes,Yes,Yes,Yes,Yes,Yes,Bank transfer,Yes,No,Yes,Yes,1
CUST-002201,37,126.6,4760.2,Month-to-month,Fiber optic,Yes,Yes,Yes,No,No,Yes,Yes,Bank transfer,Yes,Yes,No,Yes,0
CUST-002202,39,84.85,3590.11,Month-to-month,DSL,No,No,Yes,Yes,Yes,Yes,Yes,Credit card,No,Yes,Yes,No,0
CUST-002203,2,97.61,348.4,Month-to-month,Fiber optic,Yes,No,No,No,Yes,Yes,Yes,Bank transfer,Yes,Yes,Yes,No,1
CUST-002204,55,115.54,6392.02,Month-to-month,Fiber optic,No,Yes,No,Yes,Yes,Yes,Yes,Electronic check,Yes,No,Yes,No,0
CUST-002205,10,90.48,788.85,Two year,DSL,No,No,Yes,No,Yes,Yes,No,Bank transfer,No,No,Yes,No,0
CUST-002206,24,126.95,3361.51,Month-to-month,Fiber optic,Yes,No,Yes,Yes,Yes,Yes,Yes,Credit card,No,No,No,Yes,1
CUST-002207,23,90.7,2031.54,Two year,Fiber optic,No,Yes,Yes,No,Yes,No,No,Mailed check,No,Yes,No,No,0
CUST-002208,63,80.74,5249.13,One year,DSL,Yes,Yes,No,Yes,Yes,Yes,No,Electronic check,Yes,No,No,No,0
CUST-002209,68,109.04,7409.59,Month-to-month,Fiber optic,No,No,No,Yes,Yes,Yes,Yes,Mailed check,No,No,Yes,No,1
CUST-002210,55,61.83,3480.81,One year,DSL,No,Yes,Yes,No,No,Yes,No,Mailed check,Yes,Yes,Yes,No,0
CUST-002211,25,128.58,3086.46,Two year,Fiber optic,Yes,No,Yes,Yes,No,Yes,Yes,Credit card,No,No,No,Yes,1
CUST-002212,46,77.97,3696.77,Two year,DSL,Yes,Yes,No,Yes,Yes,No,No,Bank transfer,Yes,No,Yes,Yes,0
CUST-002213,47,108.28,5022.76,One year,Fiber optic,No,Yes,Yes,No,Yes,Yes,No,Electronic check,Yes,No,No,No,0
CUST-002214,26,43.51,1091.31,Month-to-month,No,No,Yes,Yes,No,No,Yes,No,Electronic check,Yes,No,No,Yes,0
CUST-002215,18,81.2,1798.97,Two year,Fiber optic,No,No,Yes,No,No,Yes,No,Electronic check,Yes,No,No,No,0
CUST-002216,9,93.14,627.55,One year,Fiber optic,No,No,No,No,Yes,Yes,No,Bank transfer,Yes,No,No,Yes,0
CUST-002217,33,56.79,2038.63,Two year,No,No,Yes,No,Yes,No,Yes,No,Electronic check,No,Yes,No,Yes,0
CUST-002218,43,127.52,5551.24,Month-to-month,Fiber optic,Yes,Yes,Yes,Yes,Yes,Yes,No,Bank transfer,Yes,Yes,No,No,0
CUST-002219,52,58.1,3111.46,One year,DSL,No,No,No,No,Yes,Yes,Yes,Bank transfer,Yes,Yes,Yes,No,0
CUST-002220,14,93.48,1344.88,Two year,DSL,Yes,No,No,Yes,Yes,Yes,No,Electronic check,Yes,No,Yes,No,0
CUST-002221,46,93.76,4369.74,Month-to-month,Fiber optic,Yes,Yes,Yes,No,Yes,No,No,Electronic check,No,No,No,No,1
CUST-002222,64,94.81,6223.92,Month-to-month,Fiber optic,Yes,No,No,No,No,Yes,Yes,Credit card,Yes,No,Yes,No,0
CUST-002223,56,30.26,1714.84,Month-to-month,No,No,No,No,No,Yes,Yes,No,Credit card,Yes,Yes,Yes,No,0
CUST-002224,64,57.91,3672.5,Month-to-month,DSL,No,No,Yes,No,No,Yes,No,Electronic check,No,Yes,No,Yes,0
CUST-002225,58,103.98,6170.21,Month-to-month,Fiber optic,No,No,Yes,No,No,Yes,No,Credit card,Yes,No,No,Yes,1
CUST-002226,36,102.87,3643.18,One year,Fiber optic,No,Yes,Yes,No,No,Yes,No,Credit card,Yes,No,No,Yes,0
CUST-002227,72,74.23,5358.53,Month-to-month,DSL,No,No,No,Yes,Yes,Yes,Yes,Electronic check,No,No,Yes,No,1
CUST-002228,50,63.61,3281.77,One year,DSL,No,No,No,Yes,No,Yes,No,Mailed check,No,No,Yes,No,1
CUST-002229,33,115.21,3818.06,Month-to-month,Fiber optic,Yes,No,No,Yes,Yes,Yes,Yes,Electronic check,Yes,No,No,Yes,1
CUST-002230,53,60.74,3358.11,One year,No,No,Yes,No,Yes,Yes,Yes,Yes,Mailed check,Yes,No,Yes,No,0
CUST-002231,68,104.32,7011.19,Month-to-month,Fiber optic,Yes,No,No,Yes,No,Yes,No,Credit card,Yes,No,No,No,1
CUST-002232,25,63.23,1365.42,Month-to-month,No,Yes,No,No,No,Yes,Yes,Yes,Bank transfer,Yes,No,No,Yes,0
CUST-002233,0,116.0,173.23,Two year,Fiber optic,Yes,Yes,No,Yes,Yes,Yes,No,Bank transfer,Yes,No,No,No,0
CUST-002234,11,84.72,566.44,Month-to-month,DSL,Yes,No,Yes,No,No,Yes,Yes,Electronic check,Yes,No,No,No,1
CUST-002235,53,58.19,3149.48,Two year,DSL,No,Yes,No,No,No,Yes,Yes,Credit card,Yes,No,Yes,No,0
CUST-002236,31,42.89,1299.73,One year,No,Yes,No,Yes,No,No,Yes,Yes,Electronic check,No,Yes,Yes,Yes,0
CUST-002237,2,111.52,117.56,Two year,Fiber optic,Yes,No,No,Yes,No,Yes,Yes,Mailed check,Yes,No,Yes,Yes,0
CUST-002238,36,121.09,4343.07,One year,Fiber optic,Yes,No,Yes,Yes,Yes,Yes,No,Credit card,Yes,No,Yes,No,0
CUST-002239,66,73.09,4500.48,Two year,DSL,No,No,Yes,No,Yes,Yes,No,Electronic check,Yes,No,Yes,No,0
CUST-002240,50,50.96,2285.36,Month-to-month,No,Yes,Yes,No,No,No,Yes,Yes,Bank transfer,No,Yes,No,Yes,0
CUST-002241,68,86.8,6167.49,Month-to-month,Fiber optic,No,No,Yes,No,No,No,No,Electronic check,Yes,No,No,No,0
CUST-002242,49,49.54,2211.83,Month-to-month,No,No,No,No,Yes,No,No,Yes,Bank transfer,Yes,Yes,No,No,1
CUST-002243,4,53.41,198.35,Two year,No,No,Yes,Yes,Yes,Yes,No,Yes,Credit card,No,Yes,No,No,0
CUST-002244,4,77.22,496.67,Month-to-month,DSL,Yes,Yes,No,Yes,No,Yes,No,Bank transfer,No,No,Yes,Yes,0
CUST-002245,57,49.9,3126.97,Two year,No,Yes,No,Yes,No,Yes,No,Yes,Bank transfer,No,No,Yes,No,0
CUST-002246,67,66.5,4439.58,Two year,DSL,No,No,No,Yes,No,No,No,Credit card,Yes,No,No,No,1
CUST-002247,39,52.65,2252.95,One year,DSL,No,No,No,Yes,No,Yes,No,Credit card,Yes,No,No,No,0
CUST-002248,14,111.2,1645.21,Month-to-month,Fiber optic,Yes,Yes,Yes,No,No,Yes,No,Credit card,Yes,No,No,Yes,1
CUST-002249,61,87.29,5351.24,Two year,DSL,No,Yes,Yes,No,No,Yes,Yes,Bank transfer,Yes,No,Yes,No,0
CUST-002250,17,108.89,1707.3,One year,DSL,Yes,Yes,No,Yes,Yes,Yes,Yes,Electronic check,No,No,Yes,Yes,0
CUST-002251,57,89.08,4710.0,Month-to-month,Fiber optic,No,No,No,No,No,Yes,No,Credit card,No,No,Yes,Yes,0
CUST-002252,6,87.56,790.42,One year,DSL,Yes,Yes,Yes,Yes,Yes,Yes,Yes,Electronic check,Yes,No,Yes,Yes,0
CUST-002253,32,105.67,3215.11,Month-to-month,Fiber optic,No,Yes,Yes,Yes,Yes,Yes,No,Credit card,Yes,No,No,No,0
CUST-002254,36,79.95,2982.87,Month-to-month,Fiber optic,Yes,Yes,No,No,No,Yes,No,Bank transfer,No,No,Yes,Yes,0
CUST-002255,41,80.91,3380.75,Month-to-month,DSL,Yes,Yes,No,Yes,Yes,Yes,Yes,Credit card,No,No,Yes,Yes,0
CUST-002256,67,93.87,6210.65,Month-to-month,Fiber optic,Yes,No,No,No,No,Yes,Yes,Electronic check,No,No,Yes,No,0
CUST-002257,45,115.11,4882.82,Two year,Fiber optic,No,No,Yes,No,Yes,Yes,No,Credit card,Yes,No,No,No,0
CUST-002258,48,115.96,5729.52,Month-to-month,Fiber optic,No,Yes,Yes,No,Yes,Yes,No,Electronic check,No,No,Yes,No,0
CUST-002259,60,86.74,5184.17,Month-to-month,Fiber optic,No,No,No,Yes,No,Yes,Yes,Bank transfer,Yes,No,Yes,No,1
CUST-002260,35,56.93,2015.54,Month-to-month,No,Yes,No,No,Yes,No,Yes,Yes,Credit card,Yes,No,Yes,No,0
CUST-002261,52,111.97,5650.37,Two year,Fiber optic,Yes,Yes,No,Yes,No,Yes,Yes,Electronic check,Yes,No,No,No,0
CUST-002262,62,95.27,6128.36,Month-to-month,Fiber optic,No,No,No,No,No,Yes,Yes,Electronic check,No,No,No,No,1
CUST-002263,1,92.84,143.56,Month-to-month,Fiber optic,No,Yes,No,No,No,Yes,Yes,Mailed check,Yes,No,No,No,1
CUST-002264,69,112.85,8111.25,Month-to-month,Fiber optic,No,Yes,No,Yes,Yes,Yes,Yes,Mailed check,Yes,Yes,No,No,0
CUST-002265,63,79.84,5477.31,Month-to-month,DSL,No,Yes,No,Yes,Yes,Yes,No,Mailed check,Yes,No,No,No,0
CUST-002266,40,108.01,4316.22,Two year,Fiber optic,Yes,No,No,No,Yes,Yes,Yes,Bank transfer,Yes,No,Yes,Yes,0
CUST-002267,46,116.33,5391.49,One year,Fiber optic,No,Yes,Yes,Yes,Yes,Yes,No,Electronic check,Yes,Yes,Yes,Yes,1
CUST-002268,57,117.57,6616.89,One year,Fiber optic,No,Yes,Yes,Yes,No,Yes,No,Credit card,No,No,Yes,No,0
CUST-002269,45,109.94,5042.36,Two year,Fiber optic,Yes,Yes,No,Yes,No,Yes,Yes,Bank transfer,No,No,Yes,Yes,0
CUST-002270,71,96.8,7267.22,One year,Fiber optic,No,No,No,No,Yes,Yes,No,Bank transfer,No,No,No,No,0
CUST-002271,47,42.29,1741.39,Month-to-month,No,Yes,Yes,No,Yes,No,Yes,No,Electronic check,No,No,No,No,0
CUST-002272,2,86.59,32.91,One year,DSL,Yes,Yes,No,No,No,Yes,Yes,Bank transfer,No,No,No,No,0
CUST-002273,20,106.51,2276.04,One year,Fiber optic,No,No,Yes,No,Yes,Yes,No,Electronic check,No,Yes,No,No,1
CUST-002274,42,87.8,3466.65,Month-to-month,Fiber optic,No,No,Yes,No,Yes,Yes,No,Mailed check,Yes,No,Yes,No,0
CUST-002275,46,112.72,5514.81,Two year,Fiber optic,Yes,Yes,No,Yes,No,Yes,No,Electronic check,Yes,No,No,Yes,0
CUST-002276,50,108.75,5469.72,Two year,Fiber optic,No,Yes,Yes,No,No,Yes,Yes,Mailed check,Yes,No,Yes,Yes,0
CUST-002277,53,69.43,3489.37,One year,DSL,No,No,Yes,Yes,Yes,Yes,No,Credit card,No,No,No,No,0
CUST-002278,39,87.14,3358.45,Month-to-month,DSL,Yes,Yes,No,No,Yes,Yes,Yes,Bank transfer,Yes,No,No,No,0
CUST-002279,7,94.96,600.53,One year,Fiber optic,No,No,Yes,No,Yes,Yes,Yes,Electronic check,Yes,No,No,No,0
CUST-002280,22,83.05,1607.01,Month-to-month,DSL,Yes,No,No,No,Yes,Yes,Yes,Bank transfer,Yes,No,No,No,1
CUST-002281,39,107.73,4053.2,Month-to-month,Fiber optic,No,No,Yes,Yes,Yes,No,Yes,Electronic check,No,No,Yes,No,1
CUST-002282,19,106.42,1925.03,Month-to-month,Fiber optic,No,No,No,No,Yes,Yes,Yes,Electronic check,Yes,No,No,No,1
CUST-002283,34,121.94,4253.73,One year,Fiber optic,Yes,Yes,Yes,Yes,No,Yes,Yes,Mailed check,Yes,No,No,No,0
CUST-002284,64,133.7,8508.45,One year,Fiber optic,Yes,Yes,Yes,Yes,Yes,No,No,Bank transfer,No,No,No,No,0
CUST-002285,19,98.18,1731.05,One year,Fiber optic,No,Yes,No,Yes,No,Yes,No,Bank transfer,No,No,Yes,Yes,0
CUST-002286,64,50.3,3150.73,Month-to-month,DSL,No,No,No,No,No,Yes,Yes,Electronic check,Yes,No,Yes,No,0
CUST-002287,71,70.7,4955.89,Two year,DSL,Yes,No,No,Yes,No,Yes,No,Electronic check,Yes,No,Yes,No,0
CUST-002288,10,96.68,718.51,Month-to-month,Fiber optic,No,No,Yes,No,No,Yes,No,Credit card,Yes,Yes,Yes,No,1
CUST-002289,66,79.6,5049.63,Month-to-month,DSL,Yes,No,Yes,No,Yes,Yes,No,Mailed check,Yes,No,No,Yes,1
CUST-002290,54,90.52,4896.48,One year,Fiber optic,No,No,No,No,No,Yes,Yes,Credit card,No,No,No,No,0
CUST-002291,28,77.99,2062.94,One year,Fiber optic,No,Yes,No,No,No,No,No,Credit card,Yes,No,No,No,1
CUST-002292,51,68.34,3359.28,Month-to-month,DSL,No,No,No,No,Yes,Yes,No,Mailed check,Yes,No,Yes,Yes,1
CUST-002293,8,100.52,872.07,Two year,Fiber optic,No,Yes,Yes,No,Yes,Yes,No,Electronic check,No,No,No,No,1
CUST-002294,33,66.76,2203.07,One year,DSL,Yes,No,Yes,No,Yes,Yes,Yes,Electronic check,Yes,No,No,No,0
CUST-002295,27,80.22,2099.73,Month-to-month,DSL,No,No,No,Yes,Yes,Yes,Yes,Bank transfer,No,Yes,Yes,No,1
CUST-002296,29,107.62,3052.49,Month-to-month,Fiber optic,No,Yes,No,Yes,No,Yes,No,Electronic check,Yes,No,No,No,1
CUST-002297,59,97.21,5562.47,Month-to-month,Fiber optic,No,Yes,No,Yes,No,Yes,No,Credit card,Yes,No,No,No,0
CUST-002298,23,48.54,928.68,Month-to-month,No,No,Yes,No,Yes,Yes,Yes,No,Bank transfer,Yes,No,No,No,0
CUST-002299,42,89.74,3818.09,Month-to-month,Fiber optic,Yes,No,No,No,Yes,No,No,Mailed check,Yes,No,Yes,No,1
CUST-002300,52,50.34,2700.29,Month-to-month,DSL,No,Yes,No,Yes,No,No,No,Credit card,Yes,No,Yes,Yes,0
CUST-002301,57,87.02,5081.4,Month-to-month,DSL,No,Yes,No,Yes,Yes,Yes,No,Electronic check,Yes,No,Yes,No,0
CUST-002302,33,94.21,3318.51,Month-to-month,DSL,No,Yes,Yes,Yes,Yes,Yes,No,Bank transfer,Yes,No,Yes,No,0
CUST-002303,57,68.7,3648.63,One year,DSL,No,Yes,No,Yes,No,Yes,Yes,Credit card,No,No,No,No,0
CUST-002304,49,71.33,3401.3,Two year,DSL,No,No,Yes,Yes,Yes,No,No,Bank transfer,Yes,No,No,No,0
CUST-002305,12,103.57,1386.04,One year,Fiber optic,Yes,No,Yes,No,No,Yes,Yes,Bank transfer,No,Yes,No,No,0
CUST-002306,51,91.98,4533.76,Month-to-month,Fiber optic,No,No,Yes,No,Yes,Yes,No,Electronic check,Yes,No,No,No,1
CUST-002307,26,74.12,2033.62,Month-to-month,DSL,No,Yes,No,No,No,Yes,Yes,Bank transfer,No,No,No,No,1
CUST-002308,71,77.16,5379.76,Month-to-month,DSL,No,No,Yes,Yes,Yes,Yes,Yes,Bank transfer,Yes,No,No,Yes,1
CUST-002309,58,27.0,1479.84,Month-to-month,No,No,No,Yes,Yes,No,Yes,No,Electronic check,Yes,No,No,No,1
CUST-002310,49,121.32,6162.08,One year,Fiber optic,Yes,No,No,No,Yes,Yes,Yes,Electronic check,Yes,No,No,No,0
CUST-002311,50,111.49,5549.64,One year,Fiber optic,No,No,No,Yes,Yes,Yes,Yes,Electronic check,No,No,No,No,0
CUST-002312,5,121.6,542.9,One year,Fiber optic,Yes,No,Yes,Yes,Yes,Yes,Yes,Mailed check,Yes,Yes,No,No,1
CUST-002313,59,18.0,1030.99,Month-to-month,No,No,No,No,No,No,Yes,Yes,Credit card,No,Yes,Yes,No,0
CUST-002314,16,31.65,367.76,Month-to-month,No,No,No,Yes,Yes,No,Yes,No,Credit card,No,No,No,No,0
CUST-002315,55,100.77,5411.33,Month-to-month,Fiber optic,No,Yes,No,No,No,No,Yes,Credit card,Yes,No,No,Yes,1
CUST-002316,42,37.04,1619.27,Month-to-month,No,No,No,No,No,Yes,Yes,Yes,Electronic check,Yes,No,Yes,No,1
CUST-002317,71,45.73,3446.19,One year,No,No,No,Yes,Yes,No,Yes,Yes,Electronic check,Yes,No,Yes,No,1
CUST-002318,1,50.34,50.27,Month-to-month,No,Yes,No,Yes,Yes,Yes,Yes,Yes,Credit card,Yes,No,No,No,1
CUST-002319,48,51.02,2183.91,Month-to-month,DSL,Yes,Yes,No,No,No,Yes,No,Mailed check,Yes,Yes,No,Yes,0
CUST-002320,33,89.56,2818.54,Month-to-month,Fiber optic,No,No,No,Yes,No,Yes,No,Electronic check,Yes,Yes,No,No,1
CUST-002321,41,81.6,3135.4,Month-to-month,DSL,No,No,Yes,Yes,Yes,Yes,No,Electronic check,No,No,Yes,No,1
CUST-002322,22,98.75,2282.07,Month-to-month,Fiber optic,No,No,Yes,No,Yes,Yes,No,Bank transfer,Yes,No,No,Yes,0
CUST-002323,49,90.43,4305.62,One year,Fiber optic,No,Yes,No,No,No,Yes,No,Electronic check,Yes,No,Yes,No,0
CUST-002324,13,101.15,1442.4,Month-to-month,Fiber optic,Yes,No,Yes,Yes,No,Yes,No,Electronic check,Yes,No,Yes,No,1
CUST-002325,10,72.77,505.09,Month-to-month,Fiber optic,No,No,No,Yes,No,Yes,No,Electronic check,Yes,No,Yes,No,1
CUST-002326,3,97.85,152.44,Two year,Fiber optic,No,No,Yes,No,No,Yes,Yes,Credit card,Yes,No,Yes,No,1
CUST-002327,6,109.67,605.24,Month-to-month,Fiber optic,Yes,Yes,No,Yes,No,Yes,No,Credit card,Yes,Yes,Yes,Yes,1
CUST-002328,1,47.56,0.0,Month-to-month,No,No,No,Yes,Yes,No,Yes,Yes,Bank transfer,No,No,No,Yes,1
CUST-002329,25,46.17,1016.26,Month-to-month,No,Yes,Yes,Yes,No,No,Yes,Yes,Electronic check,Yes,No,Yes,No,1
CUST-002330,12,91.05,987.98,Two year,Fiber optic,Yes,Yes,No,No,No,Yes,Yes,Electronic check,Yes,Yes,No,No,1
CUST-002331,49,117.92,5959.57,Month-to-month,Fiber optic,Yes,No,No,Yes,No,Yes,No,Bank transfer,Yes,No,Yes,No,0
CUST-002332,68,59.89,4058.04,Month-to-month,No,Yes,No,Yes,Yes,No,Yes,Yes,Mailed check,No,No,No,Yes,0
CUST-002333,71,89.19,6614.42,One year,Fiber optic,No,Yes,Yes,Yes,No,No,No,Bank transfer,No,No,No,No,0
CUST-002334,23,142.6,3268.78,One year,Fiber optic,No,No,Yes,Yes,Yes,Yes,Yes,Credit card,Yes,Yes,Yes,No,0
CUST-002335,64,89.0,5639.73,Month-to-month,Fiber optic,No,No,No,No,Yes,Yes,Yes,Electronic check,Yes,No,No,Yes,1
CUST-002336,68,52.43,3425.42,One year,No,No,Yes,Yes,Yes,Yes,Yes,No,Credit card,No,No,No,Yes,0
CUST-002337,43,78.82,3250.97,One year,DSL,No,No,No,Yes,Yes,Yes,No,Electronic check,No,No,Yes,No,1
CUST-002338,7,123.3,716.94,Two year,Fiber optic,Yes,Yes,No,Yes,No,Yes,No,Electronic check,Yes,No,Yes,No,0
CUST-002339,4,106.87,477.91,Month-to-month,Fiber optic,No,No,No,Yes,Yes,No,Yes,Mailed check,No,Yes,Yes,Yes,1
CUST-002340,44,116.12,5152.98,Two year,Fiber optic,No,No,Yes,No,No,Yes,Yes,Bank transfer,Yes,No,No,No,0
CUST-002341,44,85.42,3667.16,Month-to-month,Fiber optic,No,No,No,No,No,Yes,Yes,Bank transfer,No,No,No,No,0
CUST-002342,38,22.0,727.71,One year,No,No,No,No,No,No,Yes,No,Credit card,Yes,No,Yes,No,0
CUST-002343,42,125.22,5071.6,Two year,Fiber optic,Yes,No,Yes,Yes,Yes,Yes,Yes,Mailed check,No,No,Yes,Yes,0
CUST-002344,46,47.25,2161.55,Two year,DSL,No,No,No,No,Yes,Yes,No,Bank transfer,No,No,Yes,No,0
CUST-002345,26,90.21,2451.21,One year,Fiber optic,Yes,No,Yes,Yes,No,Yes,No,Bank transfer,Yes,No,Yes,No,0
CUST-002346,61,66.66,4260.92,Two year,DSL,Yes,No,No,Yes,No,Yes,No,Electronic check,No,No,No,Yes,0
CUST-002347,53,118.25,6534.99,Month-to-month,Fiber optic,Yes,No,Yes,Yes,Yes,Yes,No,Bank transfer,Yes,No,No,No,1
CUST-002348,28,84.3,2248.73,Month-to-month,DSL,Yes,No,Yes,Yes,No,Yes,No,Bank transfer,No,No,No,No,0
CUST-002349,52,64.3,3485.28,Month-to-month,DSL,No,No,Yes,No,No,Yes,No,Credit card,Yes,No,No,No,1
CUST-002350,48,70.11,3394.01,One year,DSL,Yes,Yes,No,No,No,Yes,Yes,Credit card,Yes,No,Yes,No,0
CUST-002351,21,119.08,2402.75,Month-to-month,Fiber optic,Yes,No,Yes,Yes,Yes,Yes,No,Mailed check,Yes,No,No,Yes,1
CUST-002352,15,115.32,1710.65,One year,Fiber optic,Yes,No,Yes,Yes,Yes,No,Yes,Bank transfer,No,No,Yes,Yes,0
CUST-002353,21,53.8,1110.62,Month-to-month,DSL,No,No,Yes,Yes,No,Yes,No,Bank transfer,No,Yes,Yes,No,1
CUST-002354,57,123.42,6802.17,One year,Fiber optic,No,No,Yes,Yes,No,Yes,Yes,Mailed check,No,No,Yes,Yes,0
CUST-002355,11,64.22,740.24,Month-to-month,DSL,No,No,Yes,No,No,Yes,Yes,Electronic check,Yes,No,Yes,No,1
CUST-002356,39,77.84,3322.87,Month-to-month,Fiber optic,No,No,No,Yes,No,Yes,Yes,Bank transfer,Yes,No,No,No,1
CUST-002357,70,39.84,2776.07,Two year,No,Yes,Yes,Yes,Yes,No,Yes,No,Electronic check,Yes,No,No,No,0
CUST-002358,5,64.64,296.69,Month-to-month,No,No,Yes,No,Yes,No,Yes,Yes,Bank transfer,Yes,No,Yes,Yes,1
CUST-002359,39,66.73,2549.45,One year,DSL,No,Yes,No,No,No,Yes,No,Electronic check,No,No,No,Yes,1
CUST-002360,21,85.76,1995.07,Two year,Fiber optic,No,No,Yes,No,No,Yes,No,Bank transfer,Yes,Yes,Yes,No,0
CUST-002361,60,87.03,5195.8,One year,DSL,Yes,No,No,No,Yes,Yes,No,Mailed check,No,No,No,No,0
CUST-002362,9,68.26,398.54,Month-to-month,DSL,No,No,Yes,No,No,Yes,Yes,Electronic check,No,No,No,No,1
CUST-002363,43,98.05,4237.51,Month-to-month,Fiber optic,Yes,No,No,No,No,Yes,No,Electronic check,No,Yes,Yes,Yes,0
CUST-002364,54,82.96,4592.72,Two year,DSL,No,No,No,Yes,No,Yes,Yes,Electronic check,Yes,No,Yes,No,0
CUST-002365,9,112.82,1090.92,Month-to-month,DSL,Yes,Yes,Yes,Yes,No,Yes,Yes,Mailed check,Yes,No,Yes,No,0
CUST-002366,29,65.83,2032.35,Month-to-month,DSL,No,No,No,No,Yes,Yes,No,Bank transfer,No,No,No,No,1
CUST-002367,10,72.84,621.26,Two year,No,Yes,No,Yes,Yes,No,Yes,Yes,Credit card,Yes,No,Yes,No,0
CUST-002368,38,114.18,4072.87,Two year,Fiber optic,Yes,No,Yes,No,Yes,Yes,Yes,Credit card,No,No,Yes,No,1
CUST-002369,0,93.68,0.0,Month-to-month,Fiber optic,No,No,No,Yes,No,Yes,Yes,Bank transfer,No,No,No,Yes,1
CUST-002370,44,93.15,4198.69,Month-to-month,Fiber optic,No,No,No,No,Yes,Yes,No,Credit card,No,No,No,No,1
CUST-002371,21,93.72,1871.83,Month-to-month,Fiber optic,No,No,Yes,No,Yes,Yes,No,Mailed check,No,No,No,No,1
CUST-002372,27,51.47,1223.31,One year,No,No,No,No,Yes,Yes,Yes,Yes,Bank transfer,No,No,No,Yes,0
CUST-002373,57,80.57,4819.65,Month-to-month,DSL,Yes,Yes,Yes,No,No,Yes,No,Credit card,Yes,No,Yes,No,0
CUST-002374,71,110.1,7808.46,Month-to-month,Fiber optic,No,No,Yes,Yes,No,Yes,Yes,Bank transfer,No,No,No,No,0
CUST-002375,35,35.53,1211.4,Month-to-month,No,No,No,Yes,Yes,No,Yes,Yes,Credit card,Yes,Yes,No,No,0
CUST-002376,54,124.38,6606.02,Month-to-month,Fiber optic,No,No,Yes,Yes,Yes,Yes,Yes,Credit card,Yes,No,No,Yes,1
CUST-002377,28,57.56,1513.87,Two year,No,Yes,No,Yes,Yes,Yes,Yes,No,Electronic check,No,No,No,No,0
CUST-002378,47,81.54,3681.92,Two year,DSL,Yes,No,No,Yes,Yes,Yes,No,Electronic check,Yes,No,No,No,0
CUST-002379,28,68.2,2123.73,Month-to-month,DSL,Yes,Yes,Yes,No,No,Yes,Yes,Electronic check,Yes,No,No,Yes,0
CUST-002380,11,100.03,1159.45,One year,Fiber optic,No,No,Yes,Yes,No,No,No,Electronic check,Yes,No,Yes,No,0
CUST-002381,63,107.64,6613.07,Two year,Fiber optic,Yes,No,No,No,Yes,Yes,Yes,Bank transfer,No,No,No,No,0
CUST-002382,27,89.1,2512.44,Month-to-month,Fiber optic,Yes,Yes,No,No,Yes,Yes,No,Bank transfer,Yes,No,No,No,1
CUST-002383,26,100.88,2589.13,Month-to-month,Fiber optic,No,No,Yes,No,Yes,Yes,No,Electronic check,Yes,No,Yes,No,1
CUST-002384,27,45.36,1081.68,Month-to-month,No,Yes,No,No,Yes,No,Yes,No,Bank transfer,Yes,No,No,No,1
CUST-002385,59,77.55,4630.68,Month-to-month,DSL,No,No,No,Yes,No,Yes,Yes,Electronic check,No,No,Yes,Yes,1
CUST-002386,51,109.73,5501.18,Month-to-month,Fiber optic,Yes,Yes,No,Yes,No,Yes,Yes,Credit card,No,Yes,No,Yes,1
CUST-002387,12,110.13,1355.16,Month-to-month,Fiber optic,Yes,No,Yes,No,Yes,Yes,Yes,Credit card,Yes,No,Yes,No,0
CUST-002388,5,99.83,311.87,One year,Fiber optic,Yes,Yes,Yes,No,No,Yes,No,Electronic check,Yes,No,No,Yes,1
CUST-002389,45,71.34,3137.33,Month-to-month,No,No,Yes,Yes,Yes,Yes,Yes,No,Credit card,No,Yes,No,Yes,0
CUST-002390,10,98.57,777.72,One year,Fiber optic,No,No,No,No,Yes,Yes,Yes,Mailed check,Yes,No,No,Yes,1
CUST-002391,11,55.64,394.01,Two year,DSL,No,No,Yes,Yes,No,Yes,No,Electronic check,No,No,No,No,1
CUST-002392,57,53.36,2949.13,One year,No,Yes,Yes,No,No,Yes,Yes,No,Mailed check,No,No,Yes,No,0
CUST-002393,52,43.31,2313.26,Two year,No,Yes,No,Yes,No,Yes,Yes,No,Electronic check,Yes,No,No,Yes,0
CUST-002394,27,31.66,952.09,Month-to-month,No,No,No,Yes,No,No,Yes,No,Electronic check,No,No,No,Yes,1
CUST-002395,53,98.95,5231.97,Month-to-month,Fiber optic,No,Yes,Yes,No,No,Yes,Yes,Bank transfer,No,No,Yes,No,0
CUST-002396,21,105.88,2092.42,Month-to-month,DSL,Yes,Yes,No,No,Yes,Yes,Yes,Bank transfer,Yes,No,No,Yes,0
CUST-002397,34,121.62,4173.78,One year,Fiber optic,Yes,No,No,Yes,Yes,Yes,Yes,Credit card,Yes,No,No,Yes,1
CUST-002398,7,104.73,883.57,Two year,Fiber optic,No,Yes,Yes,Yes,No,Yes,Yes,Electronic check,Yes,No,No,No,0
CUST-002399,59,83.35,4891.2,Month-to-month,DSL,Yes,No,No,Yes,No,Yes,No,Mailed check,Yes,No,No,Yes,1
CUST-002400,6,72.82,359.52,Month-to-month,DSL,No,Yes,No,Yes,Yes,Yes,No,Bank transfer,No,Yes,Yes,No,1
CUST-002401,68,110.13,7495.48,Month-to-month,Fiber optic,No,Yes,Yes,Yes,Yes,Yes,Yes,Mailed check,Yes,No,No,Yes,0
CUST-002402,30,121.08,3688.0,Two year,Fiber optic,Yes,No,No,No,Yes,Yes,Yes,Credit card,Yes,No,No,No,0
CUST-002403,21,98.18,1981.2,Two year,Fiber optic,No,No,No,Yes,No,No,Yes,Mailed check,Yes,No,No,No,1
CUST-002404,33,88.14,2899.66,Two year,DSL,No,Yes,Yes,Yes,Yes,Yes,Yes,Bank transfer,Yes,Yes,Yes,Yes,0
CUST-002405,45,76.67,3346.25,Month-to-month,DSL,No,No,No,No,Yes,Yes,Yes,Mailed check,Yes,No,No,Yes,0
CUST-002406,70,65.91,4638.1,Month-to-month,DSL,Yes,No,No,Yes,No,Yes,Yes,Credit card,No,No,No,Yes,0
CUST-002407,69,88.99,6294.35,Month-to-month,Fiber optic,No,No,No,No,No,Yes,No,Credit card,No,No,Yes,No,1
CUST-002408,48,86.05,4289.73,Two year,DSL,Yes,Yes,Yes,No,No,Yes,Yes,Bank transfer,Yes,No,Yes,Yes,0
CUST-002409,71,41.66,2722.2,Month-to-month,No,Yes,No,No,No,Yes,Yes,No,Bank transfer,No,No,Yes,No,0
CUST-002410,16,41.84,855.67,Month-to-month,No,No,No,No,No,No,Yes,Yes,Bank transfer,Yes,No,No,No,1
CUST-002411,1,119.29,284.53,Two year,Fiber optic,Yes,Yes,No,Yes,No,Yes,Yes,Electronic check,No,No,Yes,No,1
CUST-002412,49,107.46,5099.39,Month-to-month,Fiber optic,Yes,Yes,Yes,No,Yes,No,Yes,Bank transfer,Yes,No,Yes,Yes,1
CUST-002413,69,129.17,9019.72,Two year,Fiber optic,Yes,Yes,Yes,Yes,Yes,Yes,Yes,Bank transfer,Yes,Yes,Yes,No,0
CUST-002414,0,116.03,0.0,One year,Fiber optic,Yes,No,Yes,Yes,No,Yes,No,Credit card,Yes,No,No,No,1
CUST-002415,64,87.27,5799.43,Month-to-month,Fiber optic,No,No,No,No,No,Yes,No,Electronic check,No,No,Yes,No,1
CUST-002416,54,101.56,5555.78,Month-to-month,DSL,Yes,No,Yes,Yes,No,Yes,Yes,Bank transfer,Yes,No,Yes,No,1
CUST-002417,54,52.99,2730.13,Month-to-month,No,No,No,Yes,No,No,Yes,No,Credit card,No,No,Yes,No,1
CUST-002418,22,47.37,959.68,Month-to-month,No,No,Yes,No,No,No,Yes,Yes,Mailed check,No,No,Yes,No,1
CUST-002419,60,107.85,6440.45,Month-to-month,Fiber optic,No,Yes,No,No,Yes,Yes,No,Electronic check,Yes,No,Yes,Yes,0
CUST-002420,49,42.65,2205.86,One year,DSL,No,No,No,Yes,No,Yes,Yes,Electronic check,Yes,No,No,Yes,0
CUST-002421,59,116.51,6763.7,Two year,Fiber optic,No,Yes,Yes,No,Yes,Yes,No,Mailed check,Yes,No,Yes,No,0
CUST-002422,69,105.79,7052.76,Two year,Fiber optic,Yes,Yes,No,Yes,No,No,Yes,Credit card,No,No,Yes,No,1
CUST-002423,38,100.24,3799.17,One year,Fiber optic,No,No,No,Yes,Yes,Yes,Yes,Credit card,Yes,Yes,No,Yes,0
CUST-002424,72,59.13,4019.91,One year,No,No,No,Yes,Yes,No,Yes,No,Credit card,No,No,No,No,0
CUST-002425,24,96.73,2316.13,Month-to-month,Fiber optic,Yes,No,No,No,No,Yes,No,Bank transfer,Yes,No,Yes,No,1
CUST-002426,40,107.42,4440.86,Month-to-month,Fiber optic,Yes,No,Yes,Yes,No,Yes,Yes,Bank transfer,Yes,No,No,No,1
CUST-002427,67,112.31,7661.21,Month-to-month,Fiber optic,Yes,No,Yes,Yes,No,No,Yes,Bank transfer,No,No,No,No,1
CUST-002428,5,111.66,494.37,One year,Fiber optic,No,No,Yes,Yes,No,Yes,No,Credit card,Yes,No,Yes,No,0
CUST-002429,18,63.0,1270.39,Month-to-month,DSL,No,No,No,No,Yes,Yes,No,Electronic check,Yes,No,Yes,Yes,1
CUST-002430,4,102.31,383.8,Month-to-month,Fiber optic,Yes,No,No,Yes,No,Yes,No,Electronic check,No,No,No,No,1
CUST-002431,51,118.42,6358.75,One year,Fiber optic,No,No,Yes,Yes,Yes,Yes,Yes,Mailed check,Yes,No,Yes,No,0
CUST-002432,19,99.99,2023.5,Month-to-month,Fiber optic,No,Yes,Yes,No,No,Yes,Yes,Electronic check,No,No,Yes,Yes,0
CUST-002433,11,86.82,1250.75,Month-to-month,Fiber optic,Yes,Yes,No,Yes,No,Yes,No,Credit card,No,No,No,No,1
CUST-002434,6,73.28,314.42,Month-to-month,DSL,No,Yes,No,Yes,Yes,Yes,Yes,Mailed check,No,No,No,No,1
CUST-002435,53,128.63,7013.18,Two year,Fiber optic,No,No,Yes,Yes,Yes,Yes,No,Bank transfer,No,No,No,No,0
CUST-002436,21,94.01,2370.98,Month-to-month,Fiber optic,No,No,No,Yes,No,Yes,No,Credit card,Yes,No,Yes,No,1
CUST-002437,68,57.33,4070.53,Two year,No,No,Yes,No,No,Yes,Yes,No,Mailed check,Yes,No,No,No,0
CUST-002438,64,92.86,5798.92,Two year,Fiber optic,No,Yes,No,No,Yes,Yes,No,Bank transfer,No,Yes,Yes,No,0
CUST-002439,24,96.87,2502.91,Two year,Fiber optic,No,Yes,No,Yes,No,Yes,No,Electronic check,No,No,No,No,1
CUST-002440,22,94.35,1801.84,One year,Fiber optic,No,No,No,No,Yes,No,Yes,Bank transfer,Yes,No,No,No,1
CUST-002441,64,96.5,6077.72,Month-to-month,Fiber optic,No,No,Yes,Yes,No,Yes,Yes,Mailed check,No,No,No,Yes,0
CUST-002442,24,97.38,2327.45,One year,Fiber optic,No,Yes,No,No,No,Yes,Yes,Electronic check,Yes,No,Yes,Yes,1
CUST-002443,42,24.69,988.18,Two year,No,No,Yes,Yes,No,No,Yes,No,Credit card,Yes,No,Yes,Yes,0
CUST-002444,60,43.01,2590.84,One year,No,Yes,No,No,No,Yes,Yes,No,Bank transfer,Yes,No,Yes,Yes,0
CUST-002445,62,111.23,6821.17,Month-to-month,Fiber optic,No,No,Yes,Yes,No,Yes,Yes,Credit card,Yes,No,No,No,1
CUST-002446,55,114.71,6308.8,Month-to-month,Fiber optic,No,No,No,Yes,No,Yes,Yes,Bank transfer,No,No,Yes,No,1
CUST-002447,44,37.17,1562.04,Two year,No,No,No,No,Yes,No,Yes,No,Mailed check,No,No,Yes,No,0
CUST-002448,23,95.66,2182.1,Month-to-month,Fiber optic,No,No,Yes,No,Yes,Yes,No,Electronic check,No,No,Yes,No,1
CUST-002449,17,36.96,751.94,Month-to-month,No,No,No,No,No,No,Yes,Yes,Mailed check,Yes,No,Yes,No,1
CUST-002450,36,33.13,1336.14,One year,No,No,Yes,Yes,No,Yes,Yes,No,Bank transfer,Yes,Yes,No,No,0
CUST-002451,72,64.49,4507.68,Month-to-month,DSL,No,No,Yes,Yes,No,Yes,No,Bank transfer,Yes,No,Yes,Yes,1
CUST-002452,40,98.48,3957.03,Month-to-month,Fiber optic,No,Yes,Yes,No,Yes,Yes,No,Mailed check,Yes,No,No,Yes,0
CUST-002453,29,101.6,2893.23,Month-to-month,Fiber optic,No,Yes,Yes,Yes,No,Yes,No,Electronic check,No,No,Yes,Yes,1
CUST-002454,52,98.74,5107.57,One year,DSL,No,Yes,Yes,Yes,Yes,Yes,Yes,Electronic check,Yes,No,Yes,No,0
CUST-002455,11,121.98,1446.53,Month-to-month,Fiber optic,Yes,No,No,Yes,Yes,Yes,Yes,Electronic check,Yes,No,No,No,1
CUST-002456,9,44.09,656.8,Month-to-month,No,No,No,Yes,No,Yes,Yes,No,Mailed check,Yes,No,No,Yes,0
CUST-002457,26,106.32,2577.4,One year,Fiber optic,Yes,Yes,No,No,No,Yes,No,Electronic check,Yes,No,Yes,No,0
CUST-002458,55,45.76,2514.69,Month-to-month,No,No,No,No,Yes,No,Yes,No,Mailed check,Yes,No,Yes,Yes,1
CUST-002459,61,100.55,5899.85,Month-to-month,Fiber optic,Yes,No,No,Yes,No,Yes,No,Bank transfer,Yes,No,Yes,Yes,0
CUST-002460,7,53.04,161.42,Month-to-month,No,No,Yes,No,No,Yes,Yes,Yes,Credit card,No,No,Yes,No,0
CUST-002461,10,92.83,772.47,Two year,Fiber optic,No,No,Yes,No,No,Yes,No,Credit card,No,No,No,No,1
CUST-002462,42,111.26,4612.63,Month-to-month,Fiber optic,No,No,Yes,Yes,No,Yes,Yes,Electronic check,No,No,Yes,No,1
CUST-002463,53,81.42,4520.27,Two year,DSL,No,Yes,No,Yes,No,Yes,Yes,Mailed check,Yes,No,No,Yes,0
CUST-002464,68,119.63,7968.85,Month-to-month,Fiber optic,Yes,Yes,No,No,Yes,Yes,No,Bank transfer,Yes,No,Yes,No,1
CUST-002465,30,96.67,2752.41,Month-to-month,Fiber optic,No,Yes,Yes,Yes,No,Yes,Yes,Credit card,Yes,No,Yes,Yes,0
CUST-002466,12,110.91,1422.11,One year,Fiber optic,No,No,No,No,No,Yes,Yes,Credit card,Yes,Yes,Yes,No,0
CUST-002467,18,53.19,907.05,Month-to-month,DSL,No,Yes,Yes,Yes,No,No,No,Bank transfer,Yes,No,No,Yes,0
CUST-002468,56,83.35,4417.19,Month-to-month,DSL,No,Yes,No,Yes,No,Yes,Yes,Electronic check,Yes,No,No,Yes,0
CUST-002469,47,104.27,4928.15,One year,Fiber optic,Yes,No,Yes,No,No,Yes,Yes,Electronic check,Yes,No,No,No,0
CUST-002470,28,72.11,2161.01,Month-to-month,No,Yes,No,No,Yes,Yes,Yes,Yes,Electronic check,Yes,No,Yes,No,0
CUST-002471,40,71.73,2818.84,Month-to-month,Fiber optic,No,No,No,No,No,Yes,No,Electronic check,No,Yes,No,No,0
CUST-002472,17,86.91,1494.96,One year,Fiber optic,No,No,No,No,Yes,No,No,Bank transfer,No,No,Yes,No,0
CUST-002473,41,83.87,3306.44,Month-to-month,Fiber optic,No,Yes,No,No,No,Yes,No,Electronic check,Yes,No,No,No,1
CUST-002474,37,86.88,3181.25,Month-to-month,DSL,Yes,Yes,Yes,No,No,Yes,No,Mailed check,Yes,No,No,No,1
CUST-002475,11,57.36,550.15,Month-to-month,DSL,Yes,No,Yes,No,No,Yes,No,Mailed check,Yes,No,Yes,No,0
CUST-002476,13,96.38,1153.15,Month-to-month,Fiber optic,Yes,No,No,No,No,No,No,Credit card,Yes,Yes,No,No,1
CUST-002477,58,97.76,5594.44,Two year,DSL,Yes,Yes,Yes,Yes,Yes,Yes,No,Electronic check,No,Yes,Yes,No,0
CUST-002478,32,118.66,3853.05,Month-to-month,Fiber optic,Yes,No,Yes,Yes,No,Yes,Yes,Credit card,Yes,No,Yes,No,1
CUST-002479,9,94.7,758.82,Month-to-month,Fiber optic,No,Yes,No,No,No,Yes,Yes,Credit card,Yes,No,Yes,No,1
CUST-002480,42,115.82,4894.65,Month-to-month,Fiber optic,No,Yes,Yes,Yes,Yes,No,Yes,Bank transfer,Yes,No,Yes,No,1
CUST-002481,36,63.07,2595.8,Month-to-month,DSL,Yes,No,No,No,No,Yes,No,Credit card,Yes,No,Yes,Yes,0
CUST-002482,56,67.16,3737.38,Month-to-month,DSL,No,Yes,No,No,No,Yes,Yes,Credit card,Yes,No,Yes,Yes,0
CUST-002483,11,119.02,1427.26,Two year,Fiber optic,Yes,Yes,Yes,No,No,Yes,Yes,Electronic check,Yes,No,No,Yes,0
CUST-002484,59,79.22,4524.32,One year,Fiber optic,No,No,No,No,Yes,Yes,No,Mailed check,Yes,No,No,No,0
CUST-002485,66,83.66,5410.47,Two year,DSL,No,No,No,No,Yes,Yes,Yes,Credit card,Yes,Yes,Yes,Yes,0
CUST-002486,64,44.12,2946.76,One year,DSL,Yes,No,No,Yes,No,Yes,No,Bank transfer,Yes,No,Yes,Yes,0
CUST-002487,11,72.35,477.28,Month-to-month,DSL,No,Yes,Yes,No,No,Yes,Yes,Bank transfer,No,No,Yes,Yes,1
CUST-002488,35,68.63,2694.18,Two year,DSL,No,Yes,No,Yes,No,Yes,Yes,Electronic check,Yes,No,No,No,0
CUST-002489,25,94.92,2327.11,Month-to-month,Fiber optic,No,No,No,Yes,No,Yes,No,Credit card,Yes,No,No,Yes,1
CUST-002490,66,90.59,6044.6,Two year,Fiber optic,Yes,No,Yes,No,No,Yes,No,Electronic check,No,Yes,Yes,Yes,0
CUST-002491,65,93.14,6037.14,Month-to-month,Fiber optic,No,No,No,No,Yes,Yes,Yes,Bank transfer,Yes,No,No,No,1
CUST-002492,65,115.24,7558.1,Two year,Fiber optic,No,Yes,Yes,Yes,Yes,No,Yes,Bank transfer,No,Yes,Yes,Yes,0
CUST-002493,63,106.55,6590.32,Month-to-month,Fiber optic,No,Yes,No,Yes,No,Yes,Yes,Bank transfer,No,No,Yes,No,0
CUST-002494,35,100.55,3439.46,One year,Fiber optic,Yes,No,No,No,Yes,Yes,No,Mailed check,Yes,No,No,No,0
CUST-002495,1,100.29,249.03,Two year,Fiber optic,No,No,No,Yes,Yes,Yes,No,Bank transfer,No,No,Yes,No,1
CUST-002496,7,107.66,776.33,One year,Fiber optic,Yes,No,Yes,Yes,Yes,Yes,No,Credit card,Yes,Yes,No,No,1
CUST-002497,16,95.86,1553.58,One year,Fiber optic,Yes,No,No,Yes,No,Yes,No,Electronic check,Yes,No,Yes,No,1
CUST-002498,26,114.89,3205.05,Month-to-month,Fiber optic,Yes,Yes,Yes,No,Yes,Yes,No,Electronic check,Yes,No,Yes,Yes,1
CUST-002499,37,135.8,4909.37,Month-to-month,Fiber optic,Yes,Yes,Yes,No,Yes,Yes,Yes,Bank transfer,Yes,No,Yes,No,0
CUST-002500,54,101.82,5319.9,Month-to-month,Fiber optic,No,No,Yes,No,Yes,Yes,Yes,Electronic check,Yes,No,No,Yes,0
CUST-002501,16,124.5,2057.56,Two year,Fiber optic,No,Yes,No,Yes,Yes,Yes,No,Credit card,Yes,No,No,No,0
CUST-002502,40,74.19,2872.68,One year,DSL,Yes,No,Yes,No,Yes,Yes,No,Electronic check,Yes,No,No,No,0
CUST-002503,35,87.63,2847.93,Month-to-month,Fiber optic,Yes,Yes,No,No,Yes,Yes,Yes,Bank transfer,Yes,No,Yes,No,1
CUST-002504,13,97.11,1219.94,Month-to-month,DSL,Yes,Yes,No,Yes,Yes,Yes,Yes,Electronic check,Yes,No,No,No,1
CUST-002505,17,73.99,1238.02,Month-to-month,DSL,No,No,Yes,No,No,Yes,Yes,Credit card,No,No,Yes,Yes,1
CUST-002506,62,78.38,4995.85,Two year,DSL,Yes,No,No,Yes,Yes,Yes,No,Mailed check,Yes,No,Yes,Yes,0
CUST-002507,35,86.83,3125.05,Month-to-month,Fiber optic,No,No,No,Yes,No,Yes,No,Bank transfer,Yes,Yes,Yes,Yes,1
CUST-002508,47,110.79,5162.92,One year,Fiber optic,No,No,No,Yes,Yes,Yes,Yes,Credit card,Yes,No,Yes,No,1
CUST-002509,25,70.16,1756.99,One year,DSL,No,Yes,No,No,Yes,No,Yes,Electronic check,Yes,No,No,No,0
CUST-002510,9,74.62,700.61,One year,DSL,Yes,Yes,No,No,No,Yes,Yes,Credit card,Yes,No,No,Yes,0
CUST-002511,20,42.02,896.0,Two year,DSL,No,No,No,Yes,No,Yes,No,Bank transfer,Yes,No,Yes,No,0
CUST-002512,59,117.47,6492.97,Month-to-month,Fiber optic,No,No,Yes,Yes,Yes,Yes,Yes,Bank transfer,Yes,No,Yes,Yes,1
CUST-002513,64,84.28,5285.22,Month-to-month,Fiber optic,Yes,No,Yes,No,No,Yes,No,Bank transfer,No,No,No,Yes,0
CUST-002514,37,109.98,4297.12,Month-to-month,Fiber optic,No,Yes,Yes,Yes,No,Yes,No,Electronic check,Yes,Yes,Yes,Yes,1
CUST-002515,47,104.89,4852.27,Two year,Fiber optic,Yes,No,No,Yes,No,No,Yes,Mailed check,Yes,No,Yes,No,0
CUST-002516,26,59.18,1614.75,Month-to-month,No,Yes,Yes,No,No,Yes,Yes,No,Credit card,Yes,No,Yes,Yes,1
CUST-002517,65,82.17,5409.37,Month-to-month,DSL,No,Yes,No,No,No,Yes,Yes,Mailed check,No,No,Yes,Yes,0
CUST-002518,38,93.69,3705.95,Month-to-month,DSL,Yes,Yes,No,No,Yes,Yes,Yes,Electronic check,Yes,No,Yes,No,0
CUST-002519,47,103.97,4786.5,Two year,Fiber optic,No,Yes,Yes,No,No,Yes,No,Electronic check,No,Yes,No,No,0
CUST-002520,39,88.92,3329.21,Month-to-month,Fiber optic,No,Yes,No,Yes,Yes,Yes,No,Electronic check,Yes,No,No,Yes,1
CUST-002521,40,129.87,5221.7,Month-to-month,Fiber optic,Yes,Yes,No,Yes,No,Yes,Yes,Bank transfer,Yes,No,Yes,Yes,1
CUST-002522,71,79.83,5637.95,Month-to-month,Fiber optic,Yes,No,No,No,No,Yes,No,Mailed check,Yes,No,Yes,No,0
CUST-002523,38,67.19,2562.85,One year,DSL,Yes,No,Yes,No,Yes,Yes,No,Electronic check,No,No,Yes,Yes,0
CUST-002524,49,85.18,4246.75,One year,Fiber optic,No,Yes,No,No,Yes,Yes,No,Electronic check,No,No,Yes,No,0
CUST-002525,30,55.5,1592.53,Month-to-month,DSL,No,Yes,No,No,Yes,No,No,Electronic check,No,No,Yes,No,0
CUST-002526,19,59.9,881.54,Month-to-month,DSL,No,No,Yes,No,Yes,Yes,No,Electronic check,Yes,No,No,Yes,1
CUST-002527,10,59.49,671.11,Month-to-month,No,No,No,Yes,No,Yes,Yes,Yes,Credit card,Yes,No,No,No,1
CUST-002528,30,86.38,2522.16,Month-to-month,DSL,No,No,No,Yes,Yes,Yes,Yes,Credit card,Yes,No,No,No,0
CUST-002529,42,55.23,2237.04,Two year,No,No,No,No,Yes,Yes,Yes,No,Bank transfer,No,Yes,Yes,Yes,0
CUST-002530,8,95.86,752.16,Month-to-month,DSL,Yes,Yes,No,No,Yes,Yes,Yes,Credit card,Yes,No,Yes,No,0
CUST-002531,69,38.96,2867.15,Month-to-month,No,No,Yes,No,Yes,No,Yes,No,Bank transfer,Yes,No,No,No,0
CUST-002532,25,47.01,817.1,Month-to-month,DSL,No,No,No,No,Yes,Yes,No,Bank transfer,Yes,No,No,No,1
CUST-002533,69,101.57,6980.85,Month-to-month,DSL,Yes,Yes,Yes,Yes,Yes,Yes,No,Mailed check,Yes,No,Yes,Yes,0
CUST-002534,58,62.53,3894.69,Month-to-month,DSL,Yes,Yes,No,Yes,No,Yes,Yes,Electronic check,Yes,No,Yes,Yes,0
CUST-002535,8,127.57,1073.13,Month-to-month,Fiber optic,No,No,Yes,Yes,Yes,Yes,Yes,Credit card,Yes,No,No,No,1
CUST-002536,29,85.1,2469.26,One year,Fiber optic,Yes,No,Yes,No,Yes,Yes,Yes,Credit card,Yes,No,Yes,No,0
CUST-002537,9,126.32,1268.68,One year,Fiber optic,No,Yes,Yes,Yes,No,Yes,Yes,Electronic check,Yes,Yes,Yes,No,0
CUST-002538,59,32.21,1760.91,One year,No,Yes,No,No,No,No,Yes,No,Electronic check,Yes,Yes,Yes,No,0
CUST-002539,24,55.16,1648.12,Two year,DSL,No,No,No,No,No,Yes,Yes,Credit card,No,No,No,No,0
CUST-002540,22,72.42,1611.87,Month-to-month,DSL,No,No,Yes,Yes,Yes,Yes,Yes,Credit card,Yes,No,Yes,Yes,1
CUST-002541,57,102.71,5686.89,Month-to-month,Fiber optic,Yes,No,No,No,No,Yes,Yes,Credit card,No,No,Yes,No,1
CUST-002542,45,108.76,4963.07,Month-to-month,Fiber optic,No,Yes,No,No,Yes,Yes,Yes,Credit card,Yes,No,Yes,Yes,0
CUST-002543,0,111.58,350.47,Month-to-month,Fiber optic,Yes,No,No,No,Yes,Yes,No,Electronic check,Yes,No,Yes,No,1
CUST-002544,5,95.51,765.61,One year,Fiber optic,No,Yes,No,Yes,No,Yes,No,Bank transfer,Yes,No,No,Yes,0
CUST-002545,1,63.53,36.64,Two year,No,Yes,Yes,No,Yes,Yes,Yes,Yes,Bank transfer,Yes,Yes,Yes,Yes,1
CUST-002546,9,67.39,739.63,Month-to-month,DSL,Yes,No,No,Yes,No,Yes,No,Bank transfer,Yes,No,Yes,No,0
CUST-002547,31,75.95,2307.18,Two year,Fiber optic,Yes,No,No,No,No,No,Yes,Mailed check,No,No,No,No,0
CUST-002548,29,70.05,1884.38,One year,DSL,No,Yes,Yes,Yes,Yes,Yes,No,Mailed check,Yes,No,No,No,0
CUST-002549,25,83.03,2115.14,Month-to-month,No,Yes,Yes,No,No,Yes,Yes,Yes,Electronic check,Yes,No,Yes,Yes,0
CUST-002550,66,81.13,5359.84,Month-to-month,Fiber optic,No,Yes,No,No,No,Yes,No,Mailed check,Yes,No,No,Yes,1
CUST-002551,41,76.31,2949.21,Month-to-month,DSL,No,Yes,Yes,No,No,Yes,Yes,Bank transfer,Yes,No,Yes,No,1
CUST-002552,51,96.74,5175.4,Two year,Fiber optic,No,Yes,Yes,No,No,Yes,No,Electronic check,No,No,No,No,0
CUST-002553,12,45.47,413.28,Month-to-month,No,Yes,No,No,Yes,Yes,Yes,No,Bank transfer,No,No,Yes,Yes,0
CUST-002554,16,64.98,815.51,Month-to-month,DSL,No,No,Yes,Yes,No,Yes,No,Electronic check,No,No,No,Yes,1
CUST-002555,18,109.64,1690.6,Month-to-month,Fiber optic,No,Yes,Yes,No,Yes,Yes,Yes,Electronic check,No,No,No,No,1
CUST-002556,21,109.56,2161.33,Month-to-month,Fiber optic,No,No,No,No,Yes,Yes,Yes,Bank transfer,No,No,Yes,Yes,1
CUST-002557,52,66.11,3365.81,Month-to-month,DSL,No,Yes,No,No,No,Yes,Yes,Electronic check,No,No,No,No,0
CUST-002558,3,41.32,73.05,Month-to-month,No,Yes,No,No,No,Yes,Yes,No,Electronic check,No,No,Yes,No,1
CUST-002559,5,98.55,292.33,Month-to-month,Fiber optic,No,Yes,No,No,No,Yes,No,Electronic check,Yes,No,Yes,No,1
CUST-002560,46,44.68,1829.8,One year,No,Yes,No,Yes,No,No,Yes,No,Credit card,No,No,No,No,0
CUST-002561,9,99.18,1062.45,Two year,Fiber optic,No,Yes,Yes,Yes,No,Yes,No,Bank transfer,Yes,No,Yes,Yes,0
CUST-002562,69,75.37,5221.71,Month-to-month,DSL,No,No,No,No,Yes,Yes,No,Bank transfer,No,No,Yes,No,0
CUST-002563,1,92.61,0.0,Month-to-month,DSL,No,No,Yes,Yes,Yes,Yes,Yes,Bank transfer,Yes,No,Yes,No,1
CUST-002564,46,111.33,5019.67,Month-to-month,Fiber optic,No,No,No,Yes,No,Yes,Yes,Electronic check,No,No,Yes,No,1
CUST-002565,29,54.09,1748.96,Two year,DSL,No,Yes,No,No,No,Yes,No,Credit card,Yes,No,Yes,No,0
CUST-002566,55,87.72,5043.4,Month-to-month,DSL,No,No,Yes,Yes,Yes,Yes,No,Credit card,Yes,No,No,Yes,1
CUST-002567,66,52.26,3331.25,Month-to-month,DSL,No,No,No,No,Yes,Yes,No,Mailed check,Yes,Yes,No,No,0
CUST-002568,27,101.83,2685.78,Month-to-month,Fiber optic,Yes,Yes,No,No,No,Yes,Yes,Electronic check,Yes,No,No,No,0
CUST-002569,44,93.55,3973.49,Month-to-month,DSL,No,No,Yes,No,Yes,Yes,Yes,Bank transfer,Yes,No,Yes,Yes,1
CUST-002570,56,100.08,5539.8,Two year,Fiber optic,No,No,Yes,Yes,No,Yes,Yes,Bank transfer,Yes,No,No,No,0
CUST-002571,34,65.67,2055.19,Month-to-month,DSL,No,No,No,Yes,No,Yes,Yes,Credit card,Yes,No,No,No,0
CUST-002572,35,75.46,2497.02,One year,DSL,Yes,Yes,No,Yes,No,Yes,Yes,Mailed check,Yes,Yes,Yes,No,0
CUST-002573,27,22.91,425.3,Month-to-month,No,No,No,No,No,No,Yes,Yes,Bank transfer,Yes,No,Yes,Yes,0
CUST-002574,51,95.65,4941.24,Month-to-month,Fiber optic,Yes,No,No,No,No,Yes,No,Credit card,Yes,No,Yes,No,1
CUST-002575,70,105.3,7646.85,One year,Fiber optic,No,No,No,No,Yes,Yes,Yes,Mailed check,Yes,No,No,No,0
CUST-002576,18,92.02,1444.87,One year,Fiber optic,Yes,No,No,No,No,Yes,Yes,Credit card,Yes,No,No,Yes,1
CUST-002577,20,41.74,730.07,Two year,No,No,Yes,No,Yes,Yes,Yes,No,Mailed check,No,No,Yes,Yes,0
CUST-002578,51,102.3,5147.15,Month-to-month,Fiber optic,Yes,No,Yes,No,Yes,Yes,No,Credit card,Yes,No,Yes,No,0
CUST-002579,27,100.58,2881.93,One year,Fiber optic,No,No,Yes,No,Yes,Yes,No,Mailed check,Yes,No,Yes,No,1
CUST-002580,17,52.89,911.99,One year,DSL,Yes,No,Yes,No,No,No,Yes,Mailed check,No,No,No,Yes,0
CUST-002581,4,108.56,175.36,One year,Fiber optic,Yes,No,Yes,Yes,No,Yes,Yes,Mailed check,Yes,Yes,No,No,1
CUST-002582,24,50.71,1131.05,Two year,No,Yes,No,Yes,Yes,No,Yes,No,Electronic check,Yes,No,Yes,No,0
CUST-002583,36,88.63,3261.9,Month-to-month,Fiber optic,Yes,Yes,No,No,No,Yes,Yes,Electronic check,Yes,No,No,Yes,1
CUST-002584,20,118.9,2337.02,One year,Fiber optic,Yes,Yes,Yes,No,No,Yes,No,Bank transfer,No,No,Yes,Yes,0
CUST-002585,52,84.1,4376.32,Month-to-month,Fiber optic,No,Yes,Yes,No,No,Yes,No,Credit card,Yes,No,Yes,No,0
CUST-002586,31,103.83,3347.99,Month-to-month,Fiber optic,No,No,No,Yes,Yes,Yes,Yes,Electronic check,Yes,No,Yes,Yes,1
CUST-002587,23,115.76,2867.51,Month-to-month,Fiber optic,Yes,Yes,Yes,Yes,No,Yes,No,Electronic check,No,No,Yes,No,0
CUST-002588,15,98.14,1313.3,Month-to-month,Fiber optic,No,No,Yes,No,No,Yes,No,Electronic check,Yes,No,Yes,No,0
CUST-002589,29,70.4,2055.37,One year,DSL,Yes,Yes,Yes,Yes,Yes,Yes,No,Credit card,Yes,Yes,Yes,No,0
CUST-002590,44,36.2,1689.67,Month-to-month,No,No,Yes,No,Yes,Yes,Yes,No,Electronic check,Yes,No,No,No,1
CUST-002591,43,73.1,3192.32,Month-to-month,DSL,Yes,Yes,Yes,No,No,No,Yes,Mailed check,Yes,No,No,No,1
CUST-002592,47,57.01,2826.91,Month-to-month,DSL,No,No,No,No,Yes,Yes,Yes,Electronic check,Yes,No,No,No,0
CUST-002593,27,66.68,1865.23,One year,DSL,No,Yes,Yes,Yes,No,Yes,Yes,Electronic check,No,Yes,No,No,0
CUST-002594,16,36.78,365.15,Month-to-month,No,No,Yes,Yes,No,No,No,Yes,Mailed check,Yes,Yes,No,No,0
CUST-002595,72,109.4,7763.19,One year,Fiber optic,No,No,Yes,Yes,Yes,Yes,No,Mailed check,Yes,No,No,Yes,0
CUST-002596,56,96.37,5343.14,Month-to-month,DSL,Yes,Yes,No,No,Yes,Yes,No,Mailed check,No,No,Yes,No,0
CUST-002597,65,80.82,5196.91,Month-to-month,Fiber optic,No,No,Yes,No,No,Yes,Yes,Mailed check,Yes,Yes,No,Yes,0
CUST-002598,48,108.66,5314.05,Month-to-month,Fiber optic,Yes,No,Yes,No,Yes,Yes,Yes,Bank transfer,No,No,Yes,No,0
CUST-002599,59,32.8,1912.93,Month-to-month,No,No,No,Yes,Yes,No,Yes,No,Credit card,Yes,No,Yes,No,0
CUST-002600,69,105.25,7317.01,One year,Fiber optic,Yes,Yes,No,Yes,Yes,Yes,Yes,Mailed check,Yes,No,Yes,No,0
CUST-002601,22,86.97,1863.78,Month-to-month,DSL,No,Yes,Yes,Yes,Yes,Yes,Yes,Credit card,Yes,No,No,No,1
CUST-002602,63,88.74,5683.05,Month-to-month,DSL,Yes,No,No,Yes,Yes,Yes,No,Electronic check,Yes,No,No,No,0
CUST-002603,42,130.73,5502.51,Month-to-month,Fiber optic,Yes,No,Yes,No,Yes,Yes,Yes,Credit card,Yes,No,No,No,1
CUST-002604,69,64.05,4392.56,One year,DSL,Yes,No,Yes,No,No,No,No,Credit card,Yes,No,No,No,0
CUST-002605,68,112.24,7790.61,Month-to-month,Fiber optic,Yes,Yes,Yes,No,No,Yes,Yes,Mailed check,No,No,No,No,1
CUST-002606,67,82.31,5313.5,Two year,No,No,No,No,Yes,Yes,Yes,Yes,Credit card,No,No,Yes,No,0
CUST-002607,67,63.37,4311.3,Month-to-month,DSL,Yes,No,No,No,Yes,Yes,No,Electronic check,Yes,No,Yes,Yes,0
CUST-002608,66,118.04,7551.01,One year,Fiber optic,Yes,No,Yes,No,Yes,Yes,Yes,Electronic check,No,No,No,No,0
CUST-002609,48,65.6,2756.52,Month-to-month,DSL,No,No,No,Yes,No,Yes,No,Electronic check,Yes,No,Yes,No,0
CUST-002610,71,18.0,1203.04,One year,No,No,No,Yes,No,No,Yes,No,Mailed check,No,No,Yes,Yes,0
CUST-002611,66,68.14,4574.6,Two year,Fiber optic,No,No,Yes,No,No,No,No,Electronic check,No,No,Yes,Yes,0
CUST-002612,69,95.15,6737.53,Month-to-month,Fiber optic,Yes,No,No,Yes,No,No,Yes,Electronic check,No,No,No,No,0
CUST-002613,37,86.08,3277.91,Month-to-month,DSL,Yes,No,No,Yes,Yes,Yes,No,Bank transfer,Yes,No,Yes,Yes,0
CUST-002614,26,51.05,1391.67,Two year,No,Yes,No,Yes,No,Yes,Yes,No,Bank transfer,Yes,No,No,No,0
CUST-002615,12,98.58,1294.22,Month-to-month,DSL,Yes,Yes,Yes,Yes,Yes,Yes,Yes,Credit card,Yes,No,No,No,1
CUST-002616,9,116.98,1338.58,One year,Fiber optic,Yes,Yes,Yes,Yes,Yes,Yes,No,Electronic check,Yes,No,Yes,No,1
CUST-002617,49,52.86,2641.9,One year,No,Yes,No,No,No,Yes,Yes,Yes,Bank transfer,Yes,No,No,No,0
CUST-002618,67,103.25,7087.59,One year,Fiber optic,Yes,No,No,Yes,No,Yes,No,Bank transfer,No,No,Yes,No,0
CUST-002619,47,121.26,5741.08,Month-to-month,Fiber optic,Yes,No,No,Yes,Yes,Yes,No,Bank transfer,Yes,No,Yes,No,1
CUST-002620,22,66.51,1703.54,Two year,DSL,No,No,No,Yes,No,Yes,Yes,Credit card,No,No,Yes,No,0
CUST-002621,13,46.11,617.09,One year,No,No,Yes,Yes,No,Yes,Yes,Yes,Credit card,Yes,Yes,No,No,0
CUST-002622,63,107.53,6880.06,Month-to-month,Fiber optic,Yes,Yes,Yes,Yes,No,Yes,No,Electronic check,Yes,Yes,No,No,1
CUST-002623,3,72.63,403.67,Month-to-month,DSL,No,No,Yes,No,Yes,Yes,Yes,Mailed check,Yes,No,Yes,Yes,1
CUST-002624,72,62.54,4447.48,Month-to-month,DSL,Yes,Yes,No,No,No,Yes,No,Bank transfer,Yes,Yes,No,Yes,1
CUST-002625,12,58.83,549.5,Month-to-month,DSL,No,No,No,No,No,Yes,Yes,Bank transfer,No,No,No,No,1
CUST-002626,45,91.03,4555.98,Month-to-month,DSL,Yes,No,Yes,No,No,Yes,No,Credit card,No,No,No,No,0
CUST-002627,61,100.2,6095.01,Two year,Fiber optic,Yes,No,No,Yes,No,Yes,No,Electronic check,Yes,No,Yes,No,0
CUST-002628,20,105.25,1822.44,One year,Fiber optic,Yes,No,Yes,No,No,Yes,Yes,Credit card,Yes,No,No,No,1
CUST-002629,4,117.05,691.24,Month-to-month,Fiber optic,Yes,No,Yes,Yes,Yes,Yes,No,Credit card,Yes,No,Yes,No,1
CUST-002630,48,79.73,3894.96,Month-to-month,DSL,No,Yes,No,Yes,No,Yes,No,Electronic check,No,No,Yes,No,1
CUST-002631,65,128.27,8469.12,Month-to-month,Fiber optic,Yes,Yes,Yes,Yes,No,Yes,Yes,Mailed check,No,No,No,No,0
CUST-002632,61,93.3,5583.82,One year,Fiber optic,Yes,Yes,No,No,Yes,Yes,No,Electronic check,No,No,Yes,No,0
CUST-002633,30,106.99,3170.01,Month-to-month,Fiber optic,Yes,No,Yes,No,No,Yes,Yes,Electronic check,Yes,No,No,No,1
CUST-002634,12,88.5,1099.38,Month-to-month,Fiber optic,No,Yes,No,No,No,Yes,Yes,Mailed check,Yes,No,No,No,1
CUST-002635,14,100.05,1323.4,Month-to-month,Fiber optic,No,No,Yes,Yes,No,Yes,Yes,Credit card,Yes,No,No,No,1
CUST-002636,64,71.33,4352.06,One year,DSL,Yes,No,No,Yes,Yes,Yes,No,Credit card,Yes,No,Yes,No,0
CUST-002637,38,80.26,2984.33,Month-to-month,No,No,Yes,Yes,Yes,Yes,Yes,Yes,Bank transfer,Yes,No,Yes,No,1
CUST-002638,52,49.96,2456.12,Month-to-month,No,No,Yes,No,Yes,No,Yes,Yes,Electronic check,Yes,No,Yes,Yes,1
CUST-002639,58,117.89,6941.42,Month-to-month,Fiber optic,Yes,Yes,Yes,Yes,Yes,Yes,No,Electronic check,Yes,No,Yes,No,0
CUST-002640,67,52.79,3776.35,Month-to-month,DSL,Yes,No,Yes,No,No,Yes,Yes,Credit card,No,No,No,No,0
CUST-002641,20,44.96,1171.63,Two year,No,Yes,Yes,Yes,No,Yes,Yes,No,Bank transfer,No,No,Yes,No,0
CUST-002642,25,99.73,2542.94,One year,Fiber optic,Yes,Yes,Yes,Yes,Yes,No,Yes,Electronic check,No,No,No,No,0
CUST-002643,43,110.01,4666.58,Two year,Fiber optic,No,Yes,No,Yes,Yes,Yes,Yes,Mailed check,Yes,No,Yes,Yes,0
CUST-002644,66,74.04,4668.31,Month-to-month,DSL,No,No,No,Yes,No,Yes,No,Credit card,No,No,No,Yes,0
CUST-002645,61,85.73,4954.97,One year,Fiber optic,No,No,No,No,No,Yes,No,Bank transfer,Yes,Yes,No,No,0
CUST-002646,13,82.8,1051.13,Month-to-month,Fiber optic,Yes,No,Yes,Yes,Yes,No,No,Bank transfer,No,No,Yes,No,0
CUST-002647,64,74.96,4713.7,Month-to-month,DSL,Yes,Yes,No,Yes,No,Yes,Yes,Electronic check,Yes,No,No,No,0
CUST-002648,53,113.46,6181.93,Month-to-month,Fiber optic,Yes,No,No,No,Yes,Yes,No,Bank transfer,Yes,No,No,No,0
CUST-002649,60,74.15,4087.32,Month-to-month,DSL,No,Yes,No,No,No,Yes,Yes,Credit card,Yes,Yes,Yes,No,0
CUST-002650,67,82.29,5835.62,Two year,Fiber optic,Yes,No,No,No,No,Yes,No,Mailed check,Yes,No,No,No,1
CUST-002651,3,49.79,311.46,One year,No,Yes,No,No,Yes,No,Yes,No,Mailed check,Yes,No,Yes,Yes,0
CUST-002652,40,66.27,2610.18,Month-to-month,DSL,Yes,Yes,No,No,No,Yes,Yes,Electronic check,Yes,No,Yes,No,0
CUST-002653,2,69.83,202.92,One year,Fiber optic,No,No,No,No,No,Yes,No,Credit card,No,Yes,No,No,1
CUST-002654,10,67.16,542.31,Two year,DSL,No,Yes,No,Yes,No,Yes,No,Electronic check,Yes,No,No,No,0
CUST-002655,24,81.41,1811.57,Month-to-month,DSL,No,Yes,No,Yes,Yes,No,No,Mailed check,Yes,No,Yes,No,1
CUST-002656,70,79.79,5444.29,Month-to-month,Fiber optic,No,No,No,Yes,No,No,Yes,Electronic check,Yes,No,Yes,Yes,0
CUST-002657,47,105.2,5098.57,Two year,Fiber optic,Yes,No,Yes,Yes,No,Yes,Yes,Electronic check,Yes,No,Yes,No,0
CUST-002658,42,88.52,3605.01,Month-to-month,Fiber optic,No,No,No,No,No,Yes,No,Credit card,No,No,No,No,1
CUST-002659,6,59.73,136.62,Month-to-month,DSL,No,No,Yes,Yes,No,Yes,Yes,Mailed check,No,Yes,No,No,1
CUST-002660,20,95.57,2073.46,Month-to-month,Fiber optic,No,No,Yes,Yes,Yes,No,Yes,Electronic check,Yes,No,No,No,1
CUST-002661,1,97.9,210.56,Month-to-month,Fiber optic,Yes,No,No,No,No,Yes,Yes,Bank transfer,Yes,No,No,Yes,1
CUST-002662,67,80.96,5453.38,One year,DSL,Yes,Yes,Yes,No,No,Yes,No,Credit card,No,No,No,No,0
CUST-002663,29,92.04,2556.01,Month-to-month,Fiber optic,Yes,No,No,No,Yes,No,No,Credit card,Yes,No,No,Yes,1
CUST-002664,60,100.11,5972.43,Month-to-month,Fiber optic,Yes,Yes,No,No,No,Yes,Yes,Mailed check,No,No,Yes,No,1
CUST-002665,3,79.3,424.84,Two year,Fiber optic,No,No,Yes,No,Yes,Yes,No,Electronic check,Yes,No,No,No,0
CUST-002666,68,57.84,4077.9,One year,DSL,Yes,No,Yes,Yes,No,Yes,No,Electronic check,Yes,No,Yes,Yes,0
CUST-002667,39,83.99,3417.09,Month-to-month,Fiber optic,Yes,No,No,No,No,Yes,No,Bank transfer,Yes,No,Yes,No,0
CUST-002668,47,63.61,3366.01,Two year,No,No,No,Yes,Yes,No,Yes,No,Mailed check,No,No,No,No,0
CUST-002669,52,42.8,2139.11,Month-to-month,No,No,No,No,No,Yes,Yes,No,Credit card,Yes,No,Yes,No,0
CUST-002670,15,44.21,683.33,Month-to-month,No,Yes,No,Yes,No,No,Yes,Yes,Mailed check,Yes,No,No,Yes,0
CUST-002671,34,89.09,3105.81,One year,DSL,No,No,Yes,Yes,Yes,Yes,Yes,Credit card,No,No,No,Yes,0
CUST-002672,43,62.09,2518.83,Two year,No,No,No,No,Yes,Yes,Yes,Yes,Electronic check,Yes,No,Yes,No,0
CUST-002673,57,83.11,4591.93,One year,DSL,Yes,Yes,Yes,Yes,No,No,Yes,Electronic check,Yes,No,No,No,0
CUST-002674,37,80.54,3080.26,One year,Fiber optic,No,No,No,Yes,No,Yes,No,Electronic check,No,No,Yes,No,0
CUST-002675,42,86.84,3500.98,Month-to-month,Fiber optic,No,No,Yes,No,No,Yes,Yes,Electronic check,Yes,No,No,No,1
CUST-002676,37,85.12,3166.68,Month-to-month,DSL,No,Yes,Yes,Yes,Yes,No,Yes,Bank transfer,No,No,Yes,No,0
CUST-002677,23,96.04,2298.37,Two year,Fiber optic,Yes,No,Yes,No,No,Yes,No,Credit card,No,No,No,No,0
CUST-002678,1,117.59,292.58,Month-to-month,Fiber optic,Yes,No,No,No,Yes,Yes,Yes,Credit card,No,No,Yes,No,1
CUST-002679,58,108.47,6368.27,Two year,Fiber optic,Yes,Yes,No,Yes,No,Yes,Yes,Bank transfer,No,No,Yes,Yes,0
CUST-002680,18,110.08,1989.86,Month-to-month,Fiber optic,Yes,Yes,No,No,No,Yes,No,Bank transfer,No,No,No,No,1
CUST-002681,28,116.9,3429.17,Two year,Fiber optic,No,Yes,Yes,Yes,Yes,Yes,No,Mailed check,No,No,No,Yes,0
CUST-002682,19,66.78,1448.77,Two year,DSL,No,No,Yes,No,No,Yes,Yes,Credit card,Yes,No,Yes,No,0
CUST-002683,50,102.43,5137.35,One year,Fiber optic,Yes,No,No,No,Yes,Yes,No,Mailed check,Yes,No,No,No,0
CUST-002684,6,66.63,129.72,Month-to-month,DSL,Yes,No,No,No,Yes,Yes,No,Credit card,Yes,No,No,No,0
CUST-002685,33,99.09,3075.03,Two year,Fiber optic,Yes,Yes,No,No,No,Yes,Yes,Electronic check,No,No,No,No,1
CUST-002686,27,73.46,1923.63,One year,DSL,No,No,Yes,No,No,No,Yes,Mailed check,Yes,No,Yes,Yes,1
CUST-002687,43,122.68,5255.67,Month-to-month,Fiber optic,No,No,Yes,Yes,Yes,Yes,Yes,Bank transfer,Yes,No,No,No,1
CUST-002688,32,45.66,1594.3,Month-to-month,No,Yes,No,No,No,No,Yes,No,Credit card,Yes,No,No,No,0
CUST-002689,15,99.04,1728.19,Two year,DSL,Yes,No,No,Yes,Yes,No,Yes,Electronic check,Yes,Yes,Yes,Yes,0
CUST-002690,50,92.65,4423.28,Two year,Fiber optic,Yes,No,Yes,No,No,Yes,No,Mailed check,Yes,No,No,No,0
CUST-002691,57,72.45,4074.41,Month-to-month,DSL,No,Yes,Yes,No,No,Yes,No,Electronic check,No,Yes,No,Yes,0
CUST-002692,37,60.39,1980.95,Two year,DSL,No,No,No,No,No,Yes,No,Electronic check,Yes,No,Yes,No,0
CUST-002693,51,129.32,6480.17,Month-to-month,Fiber optic,No,No,Yes,Yes,Yes,Yes,Yes,Mailed check,No,No,No,No,1
CUST-002694,33,76.64,2693.43,Two year,DSL,Yes,No,Yes,No,Yes,Yes,Yes,Mailed check,No,Yes,Yes,No,0
CUST-002695,40,86.47,3803.69,Month-to-month,DSL,No,No,No,Yes,Yes,Yes,Yes,Credit card,Yes,No,Yes,No,0
CUST-002696,10,107.75,955.65,Two year,Fiber optic,Yes,No,No,No,No,Yes,Yes,Electronic check,Yes,Yes,Yes,Yes,1
CUST-002697,43,117.0,5054.24,Month-to-month,Fiber optic,No,Yes,No,Yes,Yes,Yes,Yes,Mailed check,No,No,No,No,1
CUST-002698,17,70.1,1043.17,Two year,DSL,No,Yes,No,Yes,Yes,Yes,No,Bank transfer,No,No,No,No,0
CUST-002699,63,82.94,4972.81,One year,DSL,Yes,Yes,No,Yes,No,Yes,No,Credit card,No,No,Yes,No,1
CUST-002700,23,100.86,2207.24,Month-to-month,Fiber optic,No,No,No,No,Yes,Yes,No,Electronic check,Yes,No,Yes,No,1
CUST-002701,13,56.83,615.28,One year,No,No,No,No,Yes,Yes,Yes,Yes,Mailed check,No,No,Yes,No,0
CUST-002702,10,107.93,1084.88,Two year,Fiber optic,No,Yes,No,No,Yes,Yes,No,Bank transfer,No,No,Yes,No,0
CUST-002703,1,82.68,158.72,Month-to-month,DSL,No,No,No,No,Yes,Yes,Yes,Bank transfer,Yes,No,No,No,1
CUST-002704,18,35.4,498.46,Two year,No,Yes,No,No,No,No,No,No,Credit card,No,No,Yes,Yes,0
CUST-002705,17,58.33,664.37,One year,No,No,Yes,Yes,No,Yes,Yes,Yes,Mailed check,No,Yes,Yes,Yes,0
CUST-002706,29,93.74,2491.56,Month-to-month,Fiber optic,Yes,No,No,No,Yes,Yes,Yes,Bank transfer,No,No,No,Yes,1
CUST-002707,1,84.11,2.69,One year,DSL,No,No,No,Yes,No,Yes,No,Bank transfer,No,Yes,No,Yes,0
CUST-002708,16,88.95,1607.0,One year,DSL,No,No,Yes,No,Yes,Yes,Yes,Bank transfer,Yes,No,No,No,0
CUST-002709,63,74.92,4765.08,One year,DSL,Yes,Yes,Yes,No,No,Yes,Yes,Mailed check,Yes,No,Yes,No,0
CUST-002710,18,113.57,2040.89,Two year,Fiber optic,No,Yes,Yes,Yes,No,Yes,Yes,Credit card,Yes,Yes,Yes,No,1
CUST-002711,65,37.65,2419.36,Month-to-month,DSL,No,No,No,No,No,Yes,No,Bank transfer,Yes,No,Yes,Yes,0
CUST-002712,57,64.62,3561.67,One year,DSL,No,No,No,Yes,No,Yes,No,Electronic check,Yes,Yes,No,No,1
CUST-002713,5,121.13,735.1,Two year,Fiber optic,No,Yes,No,Yes,Yes,Yes,No,Credit card,Yes,No,Yes,No,0
CUST-002714,26,78.47,1942.53,Month-to-month,DSL,Yes,Yes,No,No,Yes,Yes,No,Electronic check,Yes,No,Yes,No,1
CUST-002715,2,74.71,163.32,Month-to-month,DSL,No,Yes,Yes,No,No,Yes,No,Bank transfer,No,Yes,No,No,1
CUST-002716,27,95.0,2472.05,One year,Fiber optic,Yes,Yes,No,No,Yes,Yes,No,Electronic check,Yes,No,Yes,No,0
CUST-002717,29,69.5,1982.12,Two year,DSL,No,No,No,No,Yes,Yes,Yes,Credit card,No,No,No,Yes,0
CUST-002718,57,51.53,2856.98,Month-to-month,No,No,No,Yes,Yes,Yes,Yes,No,Electronic check,Yes,No,Yes,No,0
CUST-002719,25,106.92,2407.8,Two year,Fiber optic,No,Yes,Yes,Yes,No,No,No,Electronic check,Yes,No,No,Yes,0
CUST-002720,56,48.27,2757.32,One year,No,Yes,Yes,No,No,No,Yes,Yes,Mailed check,No,No,No,Yes,0
CUST-002721,37,73.28,2692.74,One year,DSL,No,Yes,Yes,No,No,Yes,No,Electronic check,Yes,Yes,Yes,Yes,0
CUST-002722,52,41.96,2066.25,Two year,No,No,No,No,Yes,Yes,Yes,Yes,Credit card,No,No,Yes,No,0
CUST-002723,24,120.61,2833.84,Two year,Fiber optic,Yes,No,No,No,Yes,Yes,No,Electronic check,Yes,No,No,No,0
CUST-002724,42,53.09,2217.16,Month-to-month,DSL,No,No,No,Yes,No,No,Yes,Credit card,Yes,No,Yes,Yes,1
CUST-002725,2,70.59,98.44,Two year,No,Yes,Yes,Yes,Yes,Yes,Yes,Yes,Bank transfer,Yes,No,Yes,No,0
CUST-002726,4,123.54,592.83,One year,Fiber optic,Yes,Yes,Yes,Yes,Yes,Yes,Yes,Mailed check,No,No,Yes,No,0
CUST-002727,53,115.94,6061.47,Two year,Fiber optic,Yes,No,Yes,No,No,Yes,No,Mailed check,No,No,No,No,0
CUST-002728,62,71.44,4200.3,Month-to-month,No,Yes,Yes,No,No,Yes,Yes,No,Credit card,Yes,No,Yes,No,1
CUST-002729,5,81.65,666.69,Two year,DSL,No,Yes,No,Yes,No,Yes,Yes,Electronic check,Yes,No,No,No,1
CUST-002730,45,70.55,3405.27,Month-to-month,DSL,No,No,No,Yes,No,Yes,Yes,Electronic check,No,No,Yes,Yes,0
CUST-002731,8,107.63,808.35,Month-to-month,Fiber optic,Yes,Yes,No,No,Yes,Yes,Yes,Credit card,No,No,Yes,No,1
CUST-002732,68,93.07,6190.79,Two year,DSL,No,No,Yes,Yes,Yes,Yes,Yes,Electronic check,Yes,Yes,No,No,0
CUST-002733,4,65.0,505.82,Month-to-month,DSL,No,Yes,No,No,No,Yes,No,Electronic check,Yes,No,Yes,No,1
CUST-002734,13,73.04,1138.79,One year,DSL,Yes,Yes,Yes,Yes,No,Yes,No,Electronic check,No,Yes,No,Yes,0
CUST-002735,60,105.12,6297.58,One year,Fiber optic,No,Yes,Yes,Yes,No,Yes,No,Bank transfer,Yes,No,No,No,0
CUST-002736,8,71.14,452.41,Month-to-month,DSL,No,Yes,Yes,Yes,No,Yes,No,Bank transfer,No,No,Yes,No,1
CUST-002737,12,79.54,949.94,Month-to-month,DSL,No,Yes,Yes,Yes,No,Yes,No,Mailed check,Yes,No,No,Yes,1
CUST-002738,65,75.13,5000.66,Month-to-month,DSL,Yes,No,No,Yes,Yes,Yes,No,Electronic check,Yes,No,Yes,No,0
CUST-002739,5,114.26,919.02,Month-to-month,Fiber optic,Yes,Yes,Yes,Yes,No,Yes,No,Electronic check,Yes,No,Yes,No,1
CUST-002740,23,57.84,1284.92,One year,DSL,No,No,No,Yes,No,Yes,Yes,Electronic check,Yes,Yes,Yes,No,0
CUST-002741,63,104.14,6774.45,Month-to-month,Fiber optic,No,Yes,Yes,No,No,Yes,Yes,Bank transfer,No,No,No,No,0
CUST-002742,70,74.32,5098.95,Month-to-month,DSL,No,No,Yes,Yes,Yes,Yes,No,Bank transfer,Yes,No,No,Yes,0
CUST-002743,9,100.89,981.23,Month-to-month,Fiber optic,No,No,No,No,No,Yes,Yes,Bank transfer,No,No,Yes,Yes,1
CUST-002744,55,52.75,2885.92,Two year,No,No,Yes,No,Yes,No,No,Yes,Electronic check,Yes,No,Yes,No,0
CUST-002745,68,75.17,5379.55,Two year,DSL,No,Yes,No,Yes,Yes,Yes,Yes,Credit card,Yes,No,Yes,No,0
CUST-002746,16,90.71,1652.06,Two year,Fiber optic,No,No,No,No,Yes,Yes,No,Credit card,Yes,No,No,No,1
CUST-002747,37,110.53,4250.93,Month-to-month,Fiber optic,Yes,Yes,Yes,No,Yes,Yes,No,Electronic check,Yes,No,No,No,1
CUST-002748,45,100.74,4686.53,Two year,Fiber optic,Yes,Yes,No,No,Yes,Yes,No,Credit card,Yes,No,Yes,Yes,0
CUST-002749,25,50.74,1348.21,Month-to-month,No,No,Yes,Yes,Yes,Yes,No,Yes,Bank transfer,No,No,Yes,No,1
CUST-002750,24,104.1,2403.65,Two year,Fiber optic,No,Yes,No,Yes,No,Yes,Yes,Mailed check,Yes,No,No,Yes,0
CUST-002751,26,129.49,3406.84,Month-to-month,Fiber optic,Yes,Yes,Yes,Yes,Yes,Yes,Yes,Bank transfer,Yes,Yes,Yes,Yes,1
CUST-002752,59,30.21,1929.96,Month-to-month,No,No,No,No,Yes,No,No,No,Electronic check,Yes,No,Yes,No,1
CUST-002753,1,63.1,0.0,Month-to-month,DSL,No,No,No,Yes,Yes,No,No,Bank transfer,Yes,No,No,Yes,0
CUST-002754,46,91.03,4172.41,Month-to-month,Fiber optic,No,No,No,Yes,Yes,Yes,No,Mailed check,No,No,No,No,1
CUST-002755,38,108.31,4216.24,One year,Fiber optic,Yes,No,Yes,No,No,Yes,Yes,Mailed check,Yes,No,Yes,No,0
CUST-002756,53,69.28,3474.5,One year,DSL,No,No,No,No,Yes,Yes,No,Electronic check,No,No,Yes,No,0
CUST-002757,53,94.71,4947.43,Month-to-month,DSL,Yes,No,No,No,Yes,Yes,Yes,Credit card,Yes,No,No,No,1
CUST-002758,20,63.22,1009.04,One year,DSL,Yes,No,No,No,No,No,Yes,Credit card,No,No,No,No,0
CUST-002759,32,46.78,1343.3,Two year,No,No,Yes,No,Yes,No,Yes,Yes,Electronic check,Yes,Yes,Yes,No,0
CUST-002760,1,101.07,0.0,One year,Fiber optic,Yes,Yes,No,Yes,No,Yes,Yes,Electronic check,Yes,No,No,No,1
CUST-002761,34,65.81,2100.38,Month-to-month,DSL,No,No,No,No,Yes,No,No,Bank transfer,Yes,Yes,Yes,No,1
CUST-002762,30,117.78,3651.1,One year,Fiber optic,Yes,Yes,Yes,No,No,Yes,No,Credit card,Yes,No,No,No,0
CUST-002763,59,83.78,4933.28,Month-to-month,DSL,Yes,Yes,No,No,Yes,Yes,Yes,Electronic check,No,No,Yes,No,1
CUST-002764,52,72.93,3873.4,One year,DSL,Yes,No,Yes,No,Yes,Yes,No,Electronic check,No,No,No,No,0
CUST-002765,27,93.95,2493.84,Month-to-month,Fiber optic,Yes,No,No,No,Yes,Yes,No,Bank transfer,No,No,Yes,Yes,1
CUST-002766,66,60.01,3982.36,Month-to-month,DSL,No,No,Yes,Yes,No,Yes,No,Electronic check,No,No,Yes,No,1
CUST-002767,36,79.59,2879.84,Month-to-month,DSL,No,No,No,Yes,Yes,Yes,Yes,Electronic check,No,No,Yes,No,1
CUST-002768,22,78.66,1892.05,Month-to-month,DSL,No,No,Yes,Yes,Yes,Yes,No,Credit card,Yes,No,No,No,1
CUST-002769,46,72.68,3355.71,One year,DSL,No,No,Yes,Yes,Yes,Yes,Yes,Mailed check,No,Yes,No,No,1
CUST-002770,33,118.6,4101.93,Month-to-month,Fiber optic,Yes,No,No,Yes,No,Yes,Yes,Mailed check,No,No,No,No,1
CUST-002771,70,48.25,3590.21,One year,No,No,Yes,Yes,Yes,Yes,Yes,No,Electronic check,Yes,No,No,No,0
CUST-002772,64,93.97,6016.95,Month-to-month,DSL,Yes,No,No,Yes,Yes,Yes,Yes,Electronic check,No,No,Yes,No,1
CUST-002773,0,118.77,0.0,One year,Fiber optic,No,No,Yes,Yes,No,Yes,Yes,Electronic check,Yes,No,Yes,Yes,1
CUST-002774,18,135.02,2512.08,One year,Fiber optic,Yes,Yes,No,Yes,Yes,Yes,No,Bank transfer,No,No,Yes,Yes,0
CUST-002775,29,115.57,3320.35,Two year,Fiber optic,No,Yes,No,Yes,Yes,No,Yes,Electronic check,Yes,No,Yes,Yes,1
CUST-002776,49,110.47,5179.88,Month-to-month,Fiber optic,No,No,Yes,Yes,No,Yes,No,Bank transfer,No,No,Yes,Yes,1
CUST-002777,44,116.1,5302.59,Month-to-month,Fiber optic,No,Yes,Yes,Yes,Yes,Yes,Yes,Mailed check,Yes,No,Yes,Yes,0
CUST-002778,64,89.55,5842.08,One year,Fiber optic,No,No,Yes,No,No,Yes,Yes,Electronic check,Yes,No,Yes,Yes,1
CUST-002779,11,37.92,16.86,Month-to-month,No,Yes,No,No,No,Yes,Yes,No,Mailed check,Yes,No,No,No,1
CUST-002780,46,68.66,3231.74,Month-to-month,DSL,No,No,No,Yes,Yes,Yes,No,Credit card,No,Yes,No,No,0
CUST-002781,66,88.08,6024.24,Two year,DSL,Yes,Yes,No,No,Yes,Yes,Yes,Mailed check,Yes,No,No,No,0
CUST-002782,8,86.26,496.05,Month-to-month,DSL,Yes,Yes,Yes,No,No,Yes,Yes,Credit card,No,No,No,Yes,0
CUST-002783,49,70.78,3367.31,One year,No,No,Yes,Yes,Yes,Yes,Yes,No,Electronic check,Yes,No,No,Yes,0
CUST-002784,47,78.58,3806.32,Month-to-month,DSL,Yes,Yes,No,Yes,Yes,Yes,No,Bank transfer,Yes,No,No,No,0
CUST-002785,2,74.23,0.0,One year,DSL,No,No,Yes,Yes,Yes,Yes,No,Bank transfer,No,No,Yes,No,0
CUST-002786,3,82.9,397.41,Month-to-month,DSL,No,Yes,Yes,Yes,Yes,Yes,Yes,Credit card,Yes,No,Yes,No,1
CUST-002787,3,54.42,121.08,Two year,No,Yes,Yes,No,No,Yes,Yes,No,Electronic check,No,No,No,No,0
CUST-002788,20,88.75,1722.39,One year,Fiber optic,No,No,Yes,Yes,No,Yes,No,Credit card,Yes,No,Yes,No,0
CUST-002789,50,86.41,4228.11,Month-to-month,DSL,No,No,No,No,Yes,Yes,Yes,Credit card,No,No,Yes,No,0
CUST-002790,64,110.92,7433.24,One year,Fiber optic,Yes,Yes,Yes,No,No,Yes,No,Bank transfer,No,No,No,No,0
CUST-002791,49,124.24,6067.76,Two year,Fiber optic,Yes,Yes,No,No,Yes,Yes,Yes,Electronic check,Yes,No,No,No,0
CUST-002792,52,101.34,5538.05,Month-to-month,Fiber optic,No,Yes,Yes,No,No,Yes,No,Mailed check,Yes,No,Yes,Yes,1
CUST-002793,29,46.27,1489.75,Month-to-month,DSL,Yes,No,Yes,No,Yes,Yes,No,Bank transfer,Yes,No,Yes,No,0
CUST-002794,15,75.96,1043.56,Month-to-month,DSL,No,No,Yes,No,Yes,Yes,No,Bank transfer,No,No,No,Yes,0
CUST-002795,40,61.25,2403.67,Month-to-month,DSL,No,No,Yes,No,No,Yes,No,Mailed check,Yes,No,No,No,1
CUST-002796,50,131.94,6690.35,One year,Fiber optic,Yes,No,Yes,Yes,No,Yes,Yes,Credit card,Yes,No,No,No,0
CUST-002797,63,54.68,3579.35,Month-to-month,No,Yes,No,No,Yes,No,Yes,No,Electronic check,Yes,No,Yes,No,0
CUST-002798,41,84.24,3774.08,Month-to-month,Fiber optic,Yes,Yes,No,Yes,No,No,No,Credit card,Yes,No,No,Yes,1
CUST-002799,71,37.69,2574.89,Two year,No,No,No,No,Yes,No,Yes,No,Electronic check,Yes,Yes,No,No,0
CUST-002800,59,76.91,4105.84,Month-to-month,Fiber optic,No,No,No,No,Yes,Yes,No,Credit card,No,No,No,No,0
CUST-002801,69,64.7,4515.46,Month-to-month,DSL,No,No,No,No,Yes,Yes,Yes,Electronic check,No,Yes,No,No,0
CUST-002802,49,75.91,3713.2,Two year,DSL,No,No,No,No,Yes,Yes,No,Mailed check,Yes,Yes,Yes,No,0
CUST-002803,17,106.07,1575.24,Two year,Fiber optic,Yes,No,Yes,No,No,Yes,Yes,Mailed check,No,No,Yes,No,0
CUST-002804,60,53.35,3251.58,Month-to-month,DSL,No,No,Yes,No,No,Yes,No,Electronic check,Yes,No,No,No,0
CUST-002805,46,67.09,3105.87,One year,DSL,Yes,No,Yes,Yes,No,Yes,No,Mailed check,No,Yes,No,No,0
CUST-002806,53,53.18,2611.22,One year,DSL,No,No,Yes,No,No,Yes,Yes,Electronic check,Yes,No,No,Yes,0
CUST-002807,20,79.55,1577.38,Two year,DSL,Yes,No,Yes,No,No,Yes,No,Bank transfer,Yes,No,Yes,Yes,0
CUST-002808,6,41.39,411.5,One year,No,No,Yes,No,Yes,No,Yes,No,Electronic check,Yes,No,No,No,1
CUST-002809,70,100.17,7175.19,Month-to-month,Fiber optic,No,No,Yes,No,No,Yes,Yes,Electronic check,Yes,No,Yes,Yes,1
CUST-002810,34,82.0,2786.26,Two year,DSL,No,Yes,Yes,No,Yes,Yes,Yes,Credit card,No,No,Yes,No,0
CUST-002811,43,79.94,3271.4,Month-to-month,DSL,No,Yes,No,Yes,Yes,Yes,No,Mailed check,No,No,Yes,No,0
CUST-002812,4,70.43,280.38,Month-to-month,No,Yes,Yes,No,No,Yes,Yes,Yes,Mailed check,No,No,Yes,No,1
CUST-002813,63,88.41,5655.53,Month-to-month,DSL,Yes,Yes,Yes,No,No,Yes,Yes,Bank transfer,Yes,No,Yes,No,1
CUST-002814,20,69.35,1533.03,Month-to-month,No,No,Yes,No,Yes,Yes,Yes,Yes,Mailed check,Yes,No,Yes,Yes,1
CUST-002815,0,79.21,190.8,Month-to-month,DSL,No,Yes,Yes,Yes,No,Yes,No,Mailed check,Yes,Yes,Yes,No,1
CUST-002816,20,92.47,1878.75,One year,Fiber optic,No,Yes,Yes,No,No,No,No,Electronic check,Yes,No,Yes,No,1
CUST-002817,11,53.67,468.16,Month-to-month,No,No,No,Yes,Yes,No,Yes,Yes,Electronic check,No,No,No,No,0
CUST-002818,34,39.43,1219.3,Two year,No,No,No,No,No,Yes,Yes,No,Electronic check,Yes,No,No,Yes,0
CUST-002819,48,69.05,3251.78,Month-to-month,DSL,No,No,No,Yes,No,Yes,No,Electronic check,No,No,Yes,Yes,1
CUST-002820,24,61.77,1116.17,Month-to-month,DSL,No,Yes,Yes,Yes,No,Yes,No,Mailed check,Yes,No,Yes,Yes,0
CUST-002821,12,76.9,798.0,Month-to-month,DSL,No,Yes,Yes,Yes,Yes,Yes,Yes,Electronic check,Yes,No,No,No,1
CUST-002822,16,63.61,1150.3,Two year,DSL,No,Yes,No,Yes,Yes,Yes,Yes,Bank transfer,No,No,No,No,0
CUST-002823,11,129.33,1336.0,One year,Fiber optic,Yes,No,Yes,No,No,Yes,Yes,Electronic check,No,No,Yes,No,1
CUST-002824,62,75.68,4546.12,Month-to-month,DSL,No,No,Yes,No,Yes,No,Yes,Electronic check,Yes,No,Yes,No,1
CUST-002825,37,120.82,4499.08,Month-to-month,Fiber optic,No,No,Yes,No,Yes,Yes,Yes,Electronic check,No,No,Yes,No,0
CUST-002826,3,109.51,222.27,One year,Fiber optic,Yes,No,Yes,No,Yes,Yes,No,Electronic check,Yes,No,No,Yes,1
CUST-002827,30,95.49,2834.5,Two year,Fiber optic,No,Yes,No,No,Yes,No,Yes,Electronic check,Yes,No,Yes,No,1
CUST-002828,33,82.72,2751.73,Month-to-month,DSL,No,Yes,Yes,Yes,No,Yes,No,Credit card,Yes,No,No,Yes,0
CUST-002829,52,108.89,5349.37,Month-to-month,Fiber optic,No,Yes,Yes,No,Yes,Yes,Yes,Mailed check,Yes,No,Yes,No,1
CUST-002830,47,75.65,3575.9,Month-to-month,DSL,No,No,No,No,No,Yes,No,Credit card,No,No,Yes,Yes,0
CUST-002831,52,75.1,3864.37,Month-to-month,DSL,No,Yes,No,No,No,Yes,Yes,Credit card,Yes,No,Yes,No,0
CUST-002832,13,104.74,1151.71,Month-to-month,Fiber optic,No,Yes,Yes,Yes,No,Yes,No,Electronic check,Yes,No,Yes,No,1
CUST-002833,1,78.44,0.0,Two year,DSL,Yes,No,No,Yes,No,Yes,Yes,Credit card,No,No,Yes,Yes,0
CUST-002834,33,50.69,1687.96,One year,No,No,Yes,No,Yes,No,Yes,Yes,Electronic check,No,No,Yes,No,0
CUST-002835,23,85.88,1860.03,Month-to-month,DSL,No,Yes,No,Yes,No,Yes,Yes,Bank transfer,Yes,No,No,No,1
CUST-002836,24,100.53,2542.08,Month-to-month,Fiber optic,No,No,No,No,Yes,Yes,Yes,Credit card,No,No,No,No,1
CUST-002837,65,55.67,3579.84,Month-to-month,No,Yes,No,No,Yes,No,Yes,Yes,Electronic check,Yes,No,No,No,0
CUST-002838,62,60.19,3533.1,One year,No,No,No,Yes,Yes,No,Yes,Yes,Credit card,Yes,No,No,No,0
CUST-002839,56,122.59,6829.35,Month-to-month,Fiber optic,Yes,Yes,Yes,Yes,Yes,Yes,No,Bank transfer,Yes,Yes,No,No,0
CUST-002840,3,127.74,472.08,Two year,Fiber optic,No,No,Yes,Yes,Yes,Yes,Yes,Electronic check,No,No,Yes,Yes,1
CUST-002841,15,48.17,777.29,One year,No,No,Yes,Yes,Yes,Yes,Yes,No,Credit card,Yes,Yes,No,No,1
CUST-002842,4,55.53,157.35,Month-to-month,DSL,Yes,No,Yes,No,No,Yes,No,Bank transfer,Yes,No,Yes,No,0
CUST-002843,19,122.83,2123.78,Two year,Fiber optic,No,No,No,Yes,Yes,Yes,Yes,Electronic check,No,No,Yes,No,0
CUST-002844,34,78.36,2564.79,Month-to-month,No,Yes,Yes,Yes,Yes,Yes,Yes,No,Credit card,Yes,No,Yes,No,0
CUST-002845,21,101.4,2211.69,Month-to-month,Fiber optic,Yes,No,No,Yes,Yes,Yes,Yes,Bank transfer,Yes,Yes,No,No,1
CUST-002846,51,72.44,3453.81,Month-to-month,DSL,No,Yes,No,No,Yes,Yes,Yes,Bank transfer,Yes,No,Yes,No,1
CUST-002847,6,120.88,820.41,Month-to-month,Fiber optic,No,No,Yes,Yes,Yes,Yes,Yes,Mailed check,Yes,No,No,Yes,1
CUST-002848,63,74.89,4898.73,Month-to-month,DSL,Yes,No,No,No,Yes,Yes,Yes,Mailed check,No,No,No,Yes,1
CUST-002849,9,51.11,417.0,Two year,No,No,Yes,Yes,Yes,No,Yes,Yes,Credit card,Yes,No,Yes,No,0
CUST-002850,37,80.42,3002.95,Month-to-month,DSL,No,No,Yes,No,Yes,Yes,Yes,Credit card,No,No,Yes,No,0
CUST-002851,43,62.56,2715.88,Month-to-month,DSL,No,No,No,Yes,No,Yes,Yes,Electronic check,Yes,No,No,No,1
CUST-002852,70,19.36,1200.47,Month-to-month,No,No,No,Yes,No,No,No,No,Bank transfer,Yes,No,Yes,No,0
CUST-002853,1,99.29,60.15,Month-to-month,Fiber optic,Yes,No,No,No,Yes,No,No,Mailed check,Yes,No,No,No,1
CUST-002854,48,93.7,4491.03,Month-to-month,DSL,Yes,No,Yes,Yes,No,Yes,Yes,Credit card,Yes,No,No,Yes,1
CUST-002855,62,109.84,7071.93,Two year,Fiber optic,No,Yes,No,No,Yes,Yes,Yes,Mailed check,No,No,Yes,No,0
CUST-002856,69,86.52,5834.98,One year,DSL,No,Yes,No,Yes,No,Yes,Yes,Electronic check,No,No,No,No,0
CUST-002857,57,94.9,5265.46,Month-to-month,Fiber optic,No,Yes,No,No,No,Yes,No,Mailed check,Yes,No,No,Yes,1
CUST-002858,62,80.5,5167.73,Month-to-month,DSL,Yes,Yes,No,Yes,Yes,Yes,No,Electronic check,Yes,No,Yes,Yes,1
CUST-002859,0,110.75,315.68,Month-to-month,Fiber optic,Yes,No,Yes,No,No,Yes,No,Electronic check,Yes,No,Yes,No,1
CUST-002860,65,99.14,6385.58,Month-to-month,Fiber optic,Yes,No,No,Yes,No,Yes,No,Electronic check,Yes,No,No,Yes,0
CUST-002861,23,111.66,2899.53,Month-to-month,Fiber optic,Yes,Yes,Yes,No,Yes,Yes,Yes,Mailed check,No,No,Yes,No,1
CUST-002862,2,73.82,174.56,Month-to-month,DSL,No,No,No,Yes,Yes,Yes,No,Electronic check,Yes,Yes,Yes,No,1
CUST-002863,0,43.94,395.75,One year,No,No,No,Yes,Yes,No,Yes,Yes,Electronic check,Yes,Yes,Yes,No,1
CUST-002864,64,97.79,6189.96,Two year,Fiber optic,No,No,Yes,Yes,No,Yes,Yes,Electronic check,Yes,No,No,No,0
CUST-002865,28,120.73,3497.02,Month-to-month,Fiber optic,No,No,No,Yes,Yes,Yes,Yes,Electronic check,No,No,Yes,No,1
CUST-002866,48,140.53,6747.48,Month-to-month,Fiber optic,No,No,Yes,Yes,Yes,Yes,Yes,Bank transfer,Yes,No,No,No,1
CUST-002867,39,90.95,3524.34,Month-to-month,Fiber optic,No,No,No,No,No,Yes,No,Electronic check,Yes,No,Yes,No,1
CUST-002868,10,91.73,652.38,Two year,DSL,Yes,Yes,Yes,No,Yes,Yes,No,Electronic check,Yes,Yes,No,No,0
CUST-002869,67,88.16,5955.95,Month-to-month,Fiber optic,Yes,No,Yes,No,No,Yes,No,Bank transfer,Yes,Yes,Yes,No,0
CUST-002870,6,121.01,721.52,Month-to-month,Fiber optic,Yes,Yes,No,No,No,Yes,Yes,Mailed check,Yes,Yes,No,No,1
CUST-002871,3,64.14,200.51,Month-to-month,DSL,Yes,No,No,No,No,Yes,Yes,Electronic check,Yes,No,Yes,No,1
CUST-002872,8,68.35,649.78,One year,DSL,No,Yes,Yes,No,No,Yes,No,Electronic check,Yes,Yes,No,Yes,0
CUST-002873,32,80.84,2579.16,Month-to-month,DSL,No,No,No,Yes,Yes,Yes,No,Electronic check,Yes,No,No,No,0
CUST-002874,35,87.03,3094.73,Month-to-month,DSL,No,Yes,Yes,No,No,Yes,Yes,Electronic check,Yes,No,Yes,No,0
CUST-002875,56,120.55,6825.61,One year,Fiber optic,Yes,Yes,Yes,Yes,No,Yes,No,Electronic check,Yes,No,No,Yes,0
CUST-002876,4,67.7,315.75,Month-to-month,DSL,No,No,No,Yes,No,No,Yes,Bank transfer,Yes,No,No,No,1
CUST-002877,71,125.59,8952.21,Two year,Fiber optic,No,No,Yes,Yes,Yes,Yes,Yes,Bank transfer,No,Yes,Yes,No,0
CUST-002878,30,64.01,1938.39,Month-to-month,DSL,No,Yes,No,Yes,Yes,Yes,No,Electronic check,Yes,No,No,No,1
CUST-002879,65,84.58,5451.58,Month-to-month,Fiber optic,No,No,No,No,No,Yes,Yes,Electronic check,No,No,Yes,No,1
CUST-002880,11,80.46,793.92,Two year,No,Yes,No,No,Yes,No,Yes,Yes,Mailed check,Yes,No,Yes,No,0
CUST-002881,26,90.52,2434.18,Month-to-month,Fiber optic,No,No,Yes,No,No,Yes,No,Electronic check,No,No,Yes,No,1
CUST-002882,3,107.16,467.46,Two year,Fiber optic,Yes,Yes,No,No,Yes,Yes,No,Credit card,No,No,Yes,No,0
CUST-002883,33,79.43,2551.33,Two year,DSL,No,No,Yes,No,Yes,Yes,No,Electronic check,Yes,No,No,Yes,0
CUST-002884,7,107.43,634.54,Month-to-month,Fiber optic,Yes,Yes,No,No,Yes,Yes,No,Electronic check,Yes,No,Yes,Yes,0
CUST-002885,31,53.29,1904.75,Month-to-month,No,No,Yes,Yes,Yes,No,Yes,Yes,Credit card,Yes,No,Yes,No,0
CUST-002886,6,78.03,439.58,Month-to-month,DSL,Yes,Yes,No,Yes,No,No,Yes,Credit card,Yes,Yes,No,No,1
CUST-002887,32,70.53,2355.91,Month-to-month,DSL,Yes,No,No,No,Yes,Yes,No,Electronic check,No,No,Yes,No,1
CUST-002888,65,73.96,4885.95,Month-to-month,DSL,Yes,Yes,Yes,No,No,Yes,Yes,Bank transfer,Yes,No,No,No,0
CUST-002889,1,80.42,54.81,Month-to-month,DSL,Yes,No,No,Yes,No,Yes,Yes,Electronic check,Yes,No,No,No,1
CUST-002890,48,83.18,4267.16,Month-to-month,DSL,Yes,No,Yes,Yes,No,Yes,No,Mailed check,No,Yes,Yes,Yes,1
CUST-002891,40,101.48,4044.68,Two year,Fiber optic,No,Yes,No,No,Yes,No,Yes,Electronic check,Yes,No,Yes,No,0
CUST-002892,46,101.26,4705.35,One year,Fiber optic,No,No,Yes,Yes,Yes,Yes,No,Credit card,No,No,No,No,0
CUST-002893,9,94.08,1212.59,Month-to-month,Fiber optic,No,No,No,No,No,Yes,No,Electronic check,No,No,Yes,No,1
CUST-002894,71,89.76,6282.03,One year,Fiber optic,No,No,No,No,No,Yes,No,Credit card,Yes,No,Yes,Yes,0
CUST-002895,52,121.96,6210.12,Month-to-month,Fiber optic,No,Yes,Yes,Yes,Yes,Yes,Yes,Credit card,Yes,No,Yes,No,0
CUST-002896,40,60.08,2467.61,Month-to-month,DSL,No,No,No,No,Yes,No,Yes,Bank transfer,Yes,No,No,Yes,0
CUST-002897,11,87.24,928.36,One year,DSL,Yes,No,No,Yes,Yes,Yes,Yes,Electronic check,Yes,No,No,Yes,0
CUST-002898,68,114.04,7651.89,One year,Fiber optic,Yes,Yes,No,Yes,Yes,Yes,No,Electronic check,Yes,Yes,Yes,No,0
CUST-002899,16,68.76,945.66,Month-to-month,DSL,No,No,Yes,Yes,No,Yes,No,Mailed check,Yes,No,No,No,1
CUST-002900,47,112.4,5397.44,One year,DSL,No,Yes,Yes,Yes,Yes,Yes,Yes,Bank transfer,Yes,No,Yes,No,0
CUST-002901,13,60.44,572.9,Two year,DSL,Yes,No,Yes,No,No,Yes,Yes,Mailed check,Yes,No,Yes,Yes,0
CUST-002902,32,117.61,3746.06,One year,Fiber optic,Yes,Yes,Yes,Yes,Yes,Yes,No,Bank transfer,Yes,No,No,No,0
CUST-002903,1,90.65,0.0,Two year,DSL,Yes,No,Yes,Yes,No,Yes,Yes,Bank transfer,Yes,No,Yes,No,0
CUST-002904,51,87.44,4557.9,Month-to-month,DSL,Yes,No,Yes,Yes,Yes,Yes,Yes,Bank transfer,Yes,No,No,No,0
CUST-002905,60,63.01,3772.94,One year,DSL,No,No,Yes,No,Yes,Yes,No,Electronic check,No,Yes,No,No,0
CUST-002906,31,102.91,2781.53,Month-to-month,Fiber optic,No,No,No,Yes,No,Yes,Yes,Electronic check,No,No,No,No,1
CUST-002907,59,51.71,2754.96,Month-to-month,No,No,No,Yes,Yes,No,Yes,Yes,Electronic check,Yes,No,Yes,No,0
CUST-002908,14,121.97,1752.79,One year,Fiber optic,No,No,Yes,Yes,No,Yes,No,Electronic check,Yes,No,No,No,1
CUST-002909,3,93.8,296.81,Two year,Fiber optic,Yes,No,No,No,No,Yes,Yes,Bank transfer,Yes,No,No,No,0
CUST-002910,4,66.82,221.86,Month-to-month,DSL,Yes,Yes,Yes,Yes,Yes,No,No,Credit card,Yes,No,No,No,0
CUST-002911,2,80.54,46.79,Month-to-month,Fiber optic,No,No,Yes,Yes,No,Yes,Yes,Bank transfer,No,No,Yes,Yes,1
CUST-002912,67,95.37,6277.62,Two year,DSL,Yes,Yes,Yes,No,Yes,Yes,No,Mailed check,No,No,Yes,No,0
CUST-002913,39,65.79,2494.71,Month-to-month,DSL,Yes,No,No,No,Yes,Yes,No,Mailed check,Yes,No,Yes,No,0
CUST-002914,26,80.7,2038.19,Month-to-month,DSL,No,No,No,Yes,Yes,Yes,Yes,Credit card,Yes,No,Yes,No,1
CUST-002915,17,74.65,1337.1,Month-to-month,DSL,No,No,Yes,No,Yes,Yes,No,Credit card,Yes,No,Yes,Yes,1
CUST-002916,61,31.89,2239.31,Month-to-month,No,No,No,No,Yes,No,Yes,No,Credit card,No,No,Yes,No,0
CUST-002917,33,93.47,3202.85,Month-to-month,Fiber optic,No,No,No,No,Yes,Yes,Yes,Electronic check,Yes,No,Yes,No,1
CUST-002918,31,107.63,3153.4,Month-to-month,Fiber optic,Yes,No,No,Yes,Yes,Yes,No,Credit card,No,No,No,No,1
CUST-002919,19,51.36,1101.92,Month-to-month,DSL,No,No,No,No,Yes,Yes,No,Bank transfer,Yes,No,No,No,1
CUST-002920,4,64.27,142.61,Month-to-month,No,No,No,Yes,No,Yes,Yes,Yes,Mailed check,Yes,Yes,Yes,No,1
CUST-002921,42,72.64,3186.95,One year,DSL,Yes,No,Yes,Yes,No,Yes,Yes,Electronic check,Yes,Yes,No,Yes,0
CUST-002922,40,69.52,2774.34,Month-to-month,DSL,No,No,No,Yes,No,Yes,No,Mailed check,Yes,No,No,No,0
CUST-002923,59,97.0,5586.88,Month-to-month,Fiber optic,Yes,No,Yes,No,Yes,Yes,No,Mailed check,Yes,Yes,No,No,1
CUST-002924,6,53.65,318.96,Two year,DSL,No,No,No,Yes,No,Yes,No,Mailed check,Yes,No,Yes,No,0
CUST-002925,64,36.55,2486.9,Two year,No,No,Yes,No,Yes,No,No,No,Electronic check,No,No,No,Yes,0
CUST-002926,52,60.17,2935.85,Two year,DSL,Yes,Yes,Yes,No,No,Yes,No,Mailed check,No,No,Yes,No,0
CUST-002927,52,84.64,4546.26,Month-to-month,Fiber optic,No,No,Yes,No,No,Yes,No,Mailed check,Yes,No,No,No,1
CUST-002928,28,113.9,3157.85,Month-to-month,Fiber optic,Yes,Yes,No,Yes,No,Yes,Yes,Electronic check,Yes,No,No,No,0
CUST-002929,34,110.39,3782.68,One year,Fiber optic,No,Yes,No,Yes,No,Yes,No,Bank transfer,Yes,Yes,Yes,No,1
CUST-002930,58,76.82,4561.23,One year,Fiber optic,No,No,Yes,No,No,Yes,No,Electronic check,No,No,No,No,1
CUST-002931,27,113.31,3125.5,One year,Fiber optic,Yes,Yes,No,No,Yes,Yes,No,Credit card,Yes,No,No,No,0
CUST-002932,7,102.45,724.83,Month-to-month,Fiber optic,No,No,Yes,Yes,No,Yes,No,Electronic check,No,No,Yes,No,1
CUST-002933,24,74.26,1856.2,Two year,DSL,No,No,Yes,No,Yes,Yes,No,Mailed check,No,No,No,Yes,0
CUST-002934,1,49.51,0.0,One year,DSL,No,No,No,Yes,No,Yes,No,Mailed check,Yes,No,Yes,No,1
CUST-002935,11,99.48,1020.94,One year,Fiber optic,No,Yes,Yes,No,Yes,Yes,Yes,Electronic check,Yes,Yes,Yes,No,1
CUST-002936,8,98.13,707.33,Month-to-month,Fiber optic,No,No,Yes,No,Yes,Yes,No,Credit card,Yes,No,Yes,No,1
CUST-002937,55,42.86,2242.61,Month-to-month,No,No,No,Yes,Yes,No,No,No,Bank transfer,No,No,No,No,0
CUST-002938,68,89.42,6169.38,One year,DSL,Yes,No,Yes,Yes,No,Yes,Yes,Electronic check,No,No,No,No,0
CUST-002939,25,128.4,3208.8,Month-to-month,Fiber optic,Yes,Yes,Yes,Yes,No,Yes,Yes,Credit card,Yes,No,Yes,Yes,1
CUST-002940,20,104.97,2352.7,Month-to-month,DSL,Yes,Yes,Yes,Yes,No,Yes,Yes,Bank transfer,Yes,No,Yes,Yes,1
CUST-002941,56,140.19,7736.26,Month-to-month,Fiber optic,Yes,Yes,Yes,Yes,Yes,Yes,Yes,Electronic check,No,No,No,No,0
CUST-002942,42,69.37,2871.17,Month-to-month,DSL,No,Yes,Yes,Yes,Yes,Yes,Yes,Electronic check,Yes,No,Yes,No,0
CUST-002943,26,94.46,2371.39,Two year,Fiber optic,No,No,Yes,No,Yes,Yes,No,Bank transfer,No,No,No,No,0
CUST-002944,28,55.79,1681.04,Two year,DSL,No,Yes,Yes,No,No,Yes,No,Electronic check,No,No,No,No,0
CUST-002945,70,44.54,3070.69,Month-to-month,No,Yes,Yes,No,No,Yes,Yes,No,Electronic check,No,No,Yes,No,0
CUST-002946,15,83.66,1202.46,Month-to-month,DSL,Yes,No,Yes,Yes,Yes,Yes,No,Electronic check,Yes,No,No,No,1
CUST-002947,36,104.18,3627.93,Month-to-month,Fiber optic,No,No,No,No,Yes,No,Yes,Electronic check,No,No,No,No,1
CUST-002948,11,51.05,510.59,Month-to-month,DSL,No,No,No,No,No,No,Yes,Bank transfer,Yes,No,No,Yes,1
CUST-002949,48,19.94,1180.08,Month-to-month,No,No,No,Yes,No,No,Yes,No,Bank transfer,Yes,No,Yes,Yes,0
CUST-002950,43,49.68,2255.8,Month-to-month,No,Yes,No,No,No,No,Yes,Yes,Bank transfer,No,No,Yes,No,0
CUST-002951,17,117.63,1956.99,Month-to-month,Fiber optic,Yes,Yes,Yes,No,Yes,Yes,Yes,Electronic check,Yes,No,No,Yes,1
CUST-002952,33,111.92,3517.36,Month-to-month,Fiber optic,No,No,No,Yes,No,Yes,Yes,Bank transfer,Yes,No,Yes,No,1
CUST-002953,6,74.09,648.2,Two year,DSL,No,No,No,No,Yes,Yes,Yes,Credit card,Yes,No,Yes,No,1
CUST-002954,70,54.04,3820.31,Month-to-month,No,No,No,No,No,No,Yes,No,Credit card,Yes,No,Yes,Yes,0
CUST-002955,61,47.14,3084.9,Month-to-month,No,No,Yes,Yes,Yes,No,Yes,Yes,Credit card,Yes,No,No,No,0
CUST-002956,60,116.14,6837.01,Month-to-month,Fiber optic,No,No,Yes,No,Yes,Yes,Yes,Mailed check,Yes,No,No,Yes,1
CUST-002957,23,75.3,1818.07,One year,DSL,No,No,No,No,Yes,Yes,No,Electronic check,No,No,Yes,Yes,0
CUST-002958,59,49.96,3150.21,Month-to-month,DSL,No,No,No,No,No,Yes,No,Mailed check,No,No,No,No,0
CUST-002959,20,87.96,1842.05,Month-to-month,Fiber optic,No,No,Yes,No,No,Yes,Yes,Electronic check,No,Yes,No,Yes,0
CUST-002960,4,75.11,247.9,Month-to-month,DSL,Yes,No,No,No,Yes,Yes,No,Electronic check,Yes,Yes,Yes,No,1
CUST-002961,12,59.35,753.03,Month-to-month,DSL,No,No,Yes,No,No,Yes,No,Credit card,Yes,Yes,Yes,No,0
CUST-002962,32,126.05,3978.69,One year,Fiber optic,Yes,Yes,No,Yes,Yes,Yes,Yes,Electronic check,No,No,Yes,No,0
CUST-002963,37,76.74,2885.8,One year,DSL,Yes,No,No,Yes,No,Yes,No,Credit card,Yes,No,Yes,Yes,0
CUST-002964,0,101.27,81.47,Month-to-month,Fiber optic,Yes,Yes,Yes,Yes,No,Yes,No,Electronic check,Yes,No,No,Yes,1
CUST-002965,66,82.08,5541.52,Two year,DSL,Yes,No,Yes,Yes,No,Yes,No,Bank transfer,Yes,Yes,Yes,No,0
CUST-002966,61,103.25,6218.66,Two year,Fiber optic,No,Yes,No,Yes,No,Yes,Yes,Bank transfer,Yes,No,No,No,0
CUST-002967,30,106.37,3071.86,Month-to-month,Fiber optic,No,Yes,No,Yes,No,Yes,Yes,Mailed check,Yes,No,No,Yes,1
CUST-002968,18,57.82,814.61,Month-to-month,No,Yes,No,Yes,No,Yes,Yes,Yes,Credit card,No,Yes,Yes,No,1
CUST-002969,44,103.31,4207.65,Two year,Fiber optic,No,No,No,No,Yes,Yes,Yes,Credit card,No,No,No,No,0
CUST-002970,31,103.11,3308.46,Month-to-month,Fiber optic,Yes,No,No,No,Yes,No,No,Mailed check,Yes,Yes,Yes,Yes,0
CUST-002971,46,83.25,3804.22,One year,DSL,Yes,Yes,Yes,No,Yes,Yes,No,Electronic check,No,No,No,Yes,0
CUST-002972,17,108.16,2037.99,Month-to-month,Fiber optic,No,Yes,Yes,Yes,Yes,Yes,No,Mailed check,Yes,No,Yes,Yes,0
CUST-002973,19,114.82,2107.01,Month-to-month,Fiber optic,Yes,Yes,Yes,No,Yes,Yes,No,Electronic check,Yes,No,Yes,No,0
CUST-002974,6,101.7,650.76,One year,Fiber optic,No,No,Yes,Yes,No,Yes,Yes,Credit card,No,No,Yes,No,0
CUST-002975,44,103.24,4380.19,Month-to-month,Fiber optic,No,Yes,Yes,No,Yes,Yes,No,Bank transfer,Yes,No,Yes,No,1
CUST-002976,69,99.55,6873.6,Month-to-month,Fiber optic,No,No,No,No,No,Yes,Yes,Mailed check,Yes,No,Yes,Yes,1
CUST-002977,65,80.53,5364.98,Month-to-month,DSL,No,Yes,No,Yes,Yes,Yes,No,Electronic check,Yes,No,Yes,Yes,1
CUST-002978,41,139.01,5574.87,Month-to-month,Fiber optic,Yes,No,Yes,Yes,Yes,Yes,Yes,Credit card,Yes,No,Yes,No,0
CUST-002979,9,113.88,922.52,One year,Fiber optic,Yes,Yes,Yes,No,No,Yes,No,Mailed check,No,No,Yes,Yes,0
CUST-002980,33,105.32,3528.24,Month-to-month,Fiber optic,Yes,No,No,No,Yes,Yes,No,Mailed check,Yes,No,Yes,No,0
CUST-002981,31,117.04,3645.46,Month-to-month,Fiber optic,Yes,Yes,Yes,Yes,No,Yes,No,Bank transfer,No,No,No,No,1
CUST-002982,56,57.82,2967.0,Two year,DSL,No,Yes,No,No,No,No,No,Bank transfer,No,No,No,No,0
CUST-002983,20,101.9,1941.55,Month-to-month,Fiber optic,No,Yes,Yes,Yes,Yes,No,No,Mailed check,Yes,No,No,Yes,1
CUST-002984,35,25.51,745.9,One year,No,No,Yes,No,No,No,Yes,Yes,Electronic check,No,No,No,No,0
CUST-002985,36,110.72,4047.44,Month-to-month,Fiber optic,Yes,No,No,No,Yes,Yes,No,Mailed check,No,No,Yes,Yes,1
CUST-002986,61,99.99,6068.08,Two year,Fiber optic,Yes,Yes,No,No,Yes,Yes,No,Bank transfer,No,No,No,Yes,0
CUST-002987,69,94.59,6516.72,Two year,Fiber optic,No,Yes,No,Yes,No,Yes,No,Credit card,Yes,No,No,No,0
CUST-002988,59,65.43,3922.69,Month-to-month,DSL,Yes,Yes,Yes,Yes,No,Yes,Yes,Credit card,Yes,No,No,No,0
CUST-002989,22,43.98,1187.94,Two year,No,Yes,No,Yes,No,Yes,Yes,Yes,Bank transfer,Yes,No,No,Yes,0
CUST-002990,1,88.85,166.02,Month-to-month,Fiber optic,No,No,Yes,No,Yes,Yes,Yes,Bank transfer,No,No,Yes,No,0
CUST-002991,44,89.53,3651.98,Month-to-month,Fiber optic,Yes,No,No,Yes,Yes,Yes,No,Electronic check,Yes,No,Yes,No,0
CUST-002992,35,64.18,2395.14,Month-to-month,DSL,No,No,No,No,No,Yes,Yes,Credit card,Yes,Yes,Yes,No,0
CUST-002993,68,122.84,8376.23,Month-to-month,Fiber optic,Yes,No,Yes,No,Yes,Yes,Yes,Bank transfer,Yes,No,Yes,Yes,0
CUST-002994,2,70.98,132.47,One year,DSL,Yes,No,Yes,No,Yes,Yes,Yes,Mailed check,No,No,Yes,Yes,0
CUST-002995,46,63.61,2780.6,Month-to-month,No,Yes,Yes,No,Yes,Yes,Yes,No,Electronic check,Yes,No,Yes,No,1
CUST-002996,28,89.78,2282.98,Month-to-month,Fiber optic,Yes,Yes,No,No,No,Yes,No,Electronic check,Yes,No,Yes,No,1
CUST-002997,37,89.56,3137.54,Month-to-month,Fiber optic,Yes,No,No,Yes,No,Yes,Yes,Bank transfer,No,No,No,No,1
CUST-002998,27,119.44,3263.44,Two year,Fiber optic,No,Yes,Yes,Yes,Yes,Yes,Yes,Mailed check,No,No,Yes,No,0
CUST-002999,5,113.88,434.07,Month-to-month,Fiber optic,Yes,No,No,No,Yes,Yes,No,Electronic check,Yes,No,No,No,1
CUST-003000,58,83.15,4807.26,Month-to-month,DSL,No,Yes,Yes,Yes,Yes,Yes,No,Bank transfer,No,Yes,Yes,No,1
CUST-003001,0,39.79,44.87,One year,No,No,No,Yes,No,Yes,Yes,No,Bank transfer,Yes,No,Yes,No,0
CUST-003002,16,105.92,1446.74,Month-to-month,Fiber optic,No,No,Yes,Yes,No,Yes,No,Electronic check,No,No,Yes,No,1
CUST-003003,51,92.16,4782.5,Month-to-month,Fiber optic,No,No,No,No,Yes,Yes,Yes,Bank transfer,Yes,No,Yes,Yes,0
CUST-003004,42,115.43,4894.94,Month-to-month,Fiber optic,Yes,Yes,No,Yes,Yes,Yes,No,Mailed check,No,Yes,Yes,No,0
CUST-003005,41,89.68,3830.96,Month-to-month,DSL,Yes,Yes,Yes,Yes,No,Yes,Yes,Electronic check,Yes,Yes,Yes,No,0
CUST-003006,34,69.8,2347.95,One year,DSL,No,Yes,Yes,No,Yes,No,No,Electronic check,Yes,Yes,No,Yes,1
CUST-003007,28,23.23,281.9,Two year,No,No,No,No,No,Yes,Yes,No,Credit card,No,Yes,No,Yes,0
CUST-003008,60,85.76,5148.26,Month-to-month,DSL,Yes,Yes,No,No,Yes,Yes,Yes,Bank transfer,Yes,No,Yes,No,0
CUST-003009,43,92.38,3748.11,Month-to-month,DSL,No,Yes,No,Yes,No,Yes,Yes,Credit card,No,No,No,Yes,0
CUST-003010,59,90.46,5386.01,One year,Fiber optic,Yes,No,Yes,No,No,Yes,No,Electronic check,No,No,No,No,0
CUST-003011,34,109.35,3796.46,Month-to-month,Fiber optic,No,No,Yes,Yes,Yes,Yes,Yes,Electronic check,Yes,Yes,Yes,No,1
CUST-003012,4,58.05,350.81,Month-to-month,No,Yes,Yes,Yes,No,Yes,Yes,No,Mailed check,No,No,Yes,No,0
CUST-003013,42,77.66,3493.02,Two year,DSL,No,No,Yes,Yes,No,Yes,No,Electronic check,Yes,Yes,No,No,0
CUST-003014,58,110.94,6674.67,Month-to-month,Fiber optic,No,Yes,No,Yes,Yes,Yes,No,Mailed check,No,No,Yes,No,1
CUST-003015,49,104.98,5165.8,Month-to-month,Fiber optic,No,Yes,No,No,Yes,Yes,Yes,Electronic check,No,No,No,No,0
CUST-003016,10,107.52,973.92,One year,Fiber optic,No,Yes,Yes,Yes,Yes,Yes,No,Electronic check,No,Yes,Yes,No,1
CUST-003017,49,108.98,5477.43,Month-to-month,Fiber optic,Yes,No,No,No,Yes,Yes,Yes,Electronic check,No,No,Yes,No,1
CUST-003018,48,63.74,3144.93,Two year,DSL,No,Yes,No,No,Yes,Yes,No,Credit card,No,No,No,No,0
CUST-003019,4,107.49,364.1,Month-to-month,Fiber optic,Yes,Yes,No,Yes,No,Yes,No,Credit card,Yes,No,Yes,Yes,1
CUST-003020,4,118.15,627.64,Month-to-month,Fiber optic,Yes,No,No,Yes,No,Yes,Yes,Credit card,Yes,No,No,No,1
CUST-003021,47,104.62,5018.23,Month-to-month,DSL,Yes,Yes,Yes,Yes,Yes,Yes,Yes,Electronic check,No,No,No,Yes,0
CUST-003022,5,77.21,302.84,One year,DSL,Yes,No,No,No,Yes,Yes,Yes,Bank transfer,Yes,No,Yes,No,0
CUST-003023,69,100.04,7003.97,Two year,Fiber optic,No,Yes,Yes,No,Yes,Yes,No,Bank transfer,Yes,No,No,Yes,0
CUST-003024,68,56.38,3598.98,Two year,No,No,Yes,No,No,No,Yes,Yes,Credit card,No,No,Yes,Yes,0
CUST-003025,20,99.21,1832.96,One year,DSL,Yes,Yes,Yes,Yes,Yes,Yes,No,Credit card,Yes,No,No,No,1
CUST-003026,62,45.97,2792.38,Month-to-month,No,Yes,Yes,No,No,Yes,No,No,Bank transfer,No,No,No,Yes,0
CUST-003027,15,112.78,1874.37,Month-to-month,Fiber optic,Yes,No,Yes,Yes,Yes,Yes,No,Bank transfer,Yes,No,No,No,1
CUST-003028,33,95.2,3407.71,Month-to-month,Fiber optic,No,Yes,No,Yes,No,Yes,Yes,Mailed check,No,No,Yes,No,1
CUST-003029,7,102.55,640.34,Month-to-month,Fiber optic,Yes,No,No,No,No,Yes,No,Electronic check,Yes,No,No,No,1
CUST-003030,15,63.18,758.93,Month-to-month,DSL,No,No,No,No,No,No,No,Electronic check,Yes,No,No,No,1
CUST-003031,52,64.05,3232.04,Month-to-month,DSL,No,Yes,Yes,No,Yes,Yes,Yes,Bank transfer,Yes,No,Yes,No,0
CUST-003032,16,84.05,1432.51,Month-to-month,Fiber optic,Yes,No,No,No,Yes,Yes,No,Bank transfer,Yes,No,Yes,No,1
CUST-003033,16,110.26,1721.41,Two year,Fiber optic,Yes,No,No,No,No,Yes,No,Bank transfer,Yes,Yes,Yes,No,1
CUST-003034,21,90.2,1876.65,Month-to-month,Fiber optic,No,No,No,No,Yes,No,No,Credit card,No,No,No,Yes,1
CUST-003035,16,58.18,901.43,Month-to-month,DSL,No,No,No,No,No,Yes,No,Electronic check,Yes,No,Yes,Yes,1
CUST-003036,25,109.03,3085.32,Month-to-month,Fiber optic,No,No,No,Yes,No,Yes,Yes,Electronic check,No,No,No,No,1
CUST-003037,31,118.18,3691.18,One year,Fiber optic,Yes,No,Yes,No,No,Yes,Yes,Bank transfer,Yes,No,No,No,0
CUST-003038,5,93.75,350.84,Month-to-month,Fiber optic,No,No,No,No,No,Yes,No,Mailed check,Yes,No,Yes,No,1
CUST-003039,66,62.98,4109.16,Month-to-month,DSL,No,No,No,No,No,Yes,No,Electronic check,No,No,No,No,0
CUST-003040,23,109.95,2777.17,Two year,Fiber optic,No,No,No,Yes,Yes,Yes,No,Bank transfer,Yes,No,No,No,1
CUST-003041,31,67.46,2007.54,One year,No,Yes,Yes,Yes,Yes,Yes,Yes,Yes,Credit card,No,No,No,No,0
CUST-003042,3,75.6,199.82,One year,Fiber optic,No,No,No,No,No,Yes,No,Electronic check,Yes,No,No,Yes,0
CUST-003043,34,71.43,2489.68,Two year,DSL,No,No,Yes,No,No,Yes,No,Bank transfer,Yes,No,Yes,Yes,0
CUST-003044,4,89.61,463.14,Month-to-month,DSL,No,Yes,Yes,No,Yes,Yes,No,Electronic check,Yes,No,Yes,No,0
CUST-003045,21,101.47,2122.1,Month-to-month,Fiber optic,Yes,No,Yes,Yes,Yes,Yes,No,Credit card,No,No,Yes,No,1
CUST-003046,63,110.32,7106.23,One year,Fiber optic,Yes,Yes,Yes,Yes,No,Yes,No,Mailed check,Yes,No,No,No,0
CUST-003047,8,45.38,368.11,Two year,No,No,Yes,No,Yes,Yes,No,No,Electronic check,No,No,Yes,No,1
CUST-003048,49,51.7,2436.46,One year,DSL,No,No,Yes,No,Yes,No,Yes,Electronic check,Yes,No,No,Yes,0
CUST-003049,55,59.95,3231.95,Month-to-month,DSL,No,Yes,Yes,No,No,Yes,No,Credit card,No,No,No,No,0
CUST-003050,55,103.28,5641.17,Month-to-month,Fiber optic,No,Yes,Yes,No,No,Yes,Yes,Bank transfer,No,No,No,Yes,1
CUST-003051,6,101.71,476.49,One year,Fiber optic,No,No,Yes,No,No,Yes,Yes,Electronic check,No,No,No,Yes,1
CUST-003052,49,83.03,4115.6,Two year,DSL,No,Yes,Yes,No,No,Yes,Yes,Electronic check,Yes,No,No,No,0
CUST-003053,71,65.72,4699.86,Month-to-month,DSL,Yes,No,Yes,No,No,Yes,No,Electronic check,Yes,No,Yes,No,0
CUST-003054,22,100.36,2237.34,Two year,Fiber optic,Yes,Yes,No,No,Yes,Yes,Yes,Credit card,Yes,No,Yes,Yes,0
CUST-003055,59,68.71,3962.65,Month-to-month,DSL,Yes,No,No,No,Yes,No,No,Credit card,Yes,Yes,Yes,No,0
CUST-003056,48,98.23,4713.71,Month-to-month,Fiber optic,No,No,Yes,Yes,No,Yes,No,Electronic check,No,No,No,No,1
CUST-003057,64,114.27,7254.66,Month-to-month,Fiber optic,Yes,Yes,Yes,No,Yes,Yes,No,Electronic check,Yes,No,No,No,1
CUST-003058,64,85.99,5603.43,Month-to-month,Fiber optic,No,No,No,No,No,Yes,No,Credit card,Yes,No,No,Yes,0
CUST-003059,16,90.59,1625.41,Month-to-month,DSL,Yes,No,No,Yes,No,No,Yes,Electronic check,Yes,No,Yes,No,1
CUST-003060,67,97.79,6543.66,Month-to-month,Fiber optic,Yes,Yes,No,Yes,No,Yes,No,Bank transfer,Yes,No,Yes,No,1
CUST-003061,35,119.63,4244.78,Month-to-month,Fiber optic,Yes,No,Yes,Yes,No,Yes,Yes,Mailed check,No,No,Yes,No,0
CUST-003062,29,89.16,2595.33,Two year,Fiber optic,Yes,Yes,No,Yes,No,No,Yes,Credit card,Yes,No,Yes,No,0
CUST-003063,0,76.38,0.0,Month-to-month,DSL,Yes,No,No,Yes,Yes,Yes,No,Electronic check,Yes,No,Yes,No,1
CUST-003064,64,77.55,4972.99,One year,Fiber optic,No,Yes,No,Yes,No,Yes,No,Bank transfer,Yes,No,No,No,0
CUST-003065,3,102.92,411.71,Month-to-month,Fiber optic,Yes,Yes,No,No,No,Yes,Yes,Electronic check,Yes,No,No,Yes,1
CUST-003066,54,65.51,3572.04,One year,DSL,No,No,No,No,Yes,Yes,No,Bank transfer,No,No,No,Yes,0
CUST-003067,69,97.06,6716.03,Month-to-month,Fiber optic,No,No,No,No,No,Yes,No,Credit card,Yes,No,Yes,Yes,1
CUST-003068,15,76.3,1241.78,One year,DSL,No,No,Yes,No,No,Yes,Yes,Electronic check,Yes,No,No,Yes,1
CUST-003069,1,103.62,50.85,One year,DSL,No,Yes,Yes,Yes,Yes,Yes,No,Credit card,No,No,Yes,No,0
CUST-003070,41,83.12,3451.89,Month-to-month,DSL,No,No,Yes,No,Yes,Yes,Yes,Electronic check,No,No,No,No,0
CUST-003071,64,116.02,7479.57,Two year,Fiber optic,Yes,Yes,No,No,No,Yes,No,Credit card,Yes,No,Yes,No,0
CUST-003072,20,43.45,869.99,One year,No,Yes,No,No,Yes,No,Yes,No,Credit card,Yes,No,Yes,No,0
CUST-003073,50,101.16,5028.17,Month-to-month,DSL,Yes,No,Yes,Yes,Yes,No,No,Credit card,Yes,No,Yes,Yes,0
CUST-003074,15,111.36,1868.78,One year,Fiber optic,No,No,No,Yes,No,Yes,Yes,Bank transfer,Yes,No,Yes,Yes,1
CUST-003075,24,81.54,1974.52,Month-to-month,DSL,Yes,Yes,Yes,No,No,Yes,No,Electronic check,No,No,No,No,1
CUST-003076,36,50.91,2012.58,Month-to-month,DSL,No,No,No,No,Yes,Yes,No,Credit card,No,Yes,Yes,Yes,0
CUST-003077,35,94.09,3395.75,Month-to-month,DSL,Yes,Yes,Yes,Yes,Yes,Yes,No,Mailed check,Yes,No,No,No,1
CUST-003078,45,98.93,4478.19,One year,Fiber optic,Yes,No,Yes,No,Yes,Yes,No,Electronic check,Yes,No,No,Yes,1
CUST-003079,7,107.64,982.73,One year,Fiber optic,No,Yes,Yes,No,No,Yes,Yes,Electronic check,No,No,Yes,Yes,1
CUST-003080,1,117.28,159.68,Month-to-month,Fiber optic,Yes,No,Yes,Yes,Yes,Yes,No,Electronic check,Yes,No,No,Yes,1
CUST-003081,20,46.78,740.84,Two year,No,No,No,Yes,No,No,No,Yes,Electronic check,Yes,No,Yes,No,0
CUST-003082,22,52.45,1043.65,One year,No,Yes,Yes,No,Yes,No,Yes,Yes,Electronic check,Yes,No,Yes,No,0
CUST-003083,54,43.09,2162.66,Month-to-month,No,Yes,No,No,No,Yes,Yes,No,Electronic check,Yes,Yes,No,No,0
CUST-003084,28,80.12,2317.09,Two year,DSL,Yes,No,Yes,No,Yes,Yes,No,Credit card,No,No,Yes,No,0
CUST-003085,56,123.57,6827.93,One year,Fiber optic,No,No,Yes,No,Yes,Yes,Yes,Bank transfer,Yes,No,Yes,Yes,0
CUST-003086,16,100.97,1692.93,One year,Fiber optic,No,No,Yes,Yes,Yes,Yes,No,Electronic check,Yes,Yes,No,Yes,1
CUST-003087,0,82.8,107.29,One year,DSL,Yes,No,No,Yes,Yes,Yes,No,Electronic check,No,No,No,No,0
CUST-003088,52,79.37,3804.42,Two year,DSL,No,No,Yes,Yes,No,Yes,No,Electronic check,Yes,Yes,No,No,0
CUST-003089,36,77.85,2795.03,Two year,DSL,Yes,Yes,No,Yes,Yes,Yes,No,Electronic check,No,No,Yes,Yes,1
CUST-003090,16,74.37,1216.85,Two year,DSL,No,No,Yes,No,No,Yes,Yes,Bank transfer,No,No,No,Yes,0
CUST-003091,47,70.92,3242.23,One year,DSL,No,No,No,Yes,Yes,Yes,No,Mailed check,No,No,No,Yes,1
CUST-003092,43,107.54,4519.0,Two year,Fiber optic,Yes,No,No,Yes,No,Yes,Yes,Credit card,Yes,No,Yes,No,0
CUST-003093,29,82.93,2568.06,Month-to-month,DSL,No,Yes,No,Yes,Yes,Yes,Yes,Electronic check,Yes,No,Yes,No,0
CUST-003094,60,105.41,6443.21,Two year,Fiber optic,Yes,No,No,No,No,Yes,No,Electronic check,Yes,No,No,Yes,0
CUST-003095,65,114.93,7522.75,Two year,Fiber optic,Yes,No,Yes,No,Yes,Yes,No,Credit card,Yes,No,No,Yes,0
CUST-003096,67,124.75,8412.09,Month-to-month,Fiber optic,Yes,No,No,No,Yes,Yes,Yes,Electronic check,Yes,No,No,No,1
CUST-003097,24,58.28,1423.42,Month-to-month,DSL,No,No,Yes,No,Yes,No,No,Bank transfer,Yes,No,No,No,0
CUST-003098,12,98.67,1161.22,Month-to-month,Fiber optic,No,No,No,Yes,No,Yes,No,Mailed check,No,No,No,No,1
CUST-003099,29,101.52,2950.31,Month-to-month,DSL,No,Yes,Yes,Yes,Yes,Yes,No,Bank transfer,No,No,No,No,0
CUST-003100,16,94.5,1653.53,Month-to-month,Fiber optic,No,No,No,Yes,Yes,Yes,No,Credit card,Yes,No,Yes,No,1
CUST-003101,34,106.76,3465.19,One year,Fiber optic,No,Yes,Yes,No,Yes,Yes,Yes,Mailed check,No,No,Yes,No,0
CUST-003102,19,115.45,2171.57,Month-to-month,Fiber optic,No,No,Yes,No,No,Yes,No,Credit card,Yes,No,Yes,No,0
CUST-003103,68,68.2,4549.66,Month-to-month,No,No,Yes,Yes,No,Yes,Yes,Yes,Mailed check,Yes,Yes,Yes,No,0
CUST-003104,24,18.0,602.41,Month-to-month,No,No,No,No,No,Yes,No,Yes,Credit card,Yes,No,Yes,No,0
CUST-003105,36,89.19,3082.3,Month-to-month,DSL,Yes,No,Yes,Yes,Yes,Yes,Yes,Bank transfer,Yes,No,Yes,No,1
CUST-003106,20,146.02,2546.52,Month-to-month,Fiber optic,No,No,Yes,Yes,Yes,Yes,Yes,Electronic check,No,No,Yes,No,1
CUST-003107,16,88.36,1267.29,Month-to-month,Fiber optic,No,No,No,No,Yes,Yes,No,Credit card,No,Yes,No,No,1
CUST-003108,51,95.43,4645.54,Month-to-month,Fiber optic,Yes,No,No,No,No,Yes,No,Bank transfer,No,No,No,Yes,0
CUST-003109,26,49.45,1058.05,Month-to-month,DSL,No,No,Yes,No,No,No,Yes,Credit card,Yes,No,Yes,No,0
CUST-003110,34,102.95,3579.85,Month-to-month,Fiber optic,Yes,No,Yes,No,Yes,Yes,Yes,Bank transfer,No,No,No,No,0
CUST-003111,63,111.51,6839.34,One year,Fiber optic,Yes,Yes,No,Yes,Yes,No,No,Mailed check,No,No,Yes,No,0
CUST-003112,3,36.4,39.78,One year,No,Yes,No,No,No,No,Yes,Yes,Mailed check,Yes,No,Yes,Yes,0
CUST-003113,12,70.79,1115.49,Month-to-month,DSL,No,Yes,No,No,No,Yes,Yes,Credit card,Yes,No,No,No,0
CUST-003114,14,80.35,960.55,One year,DSL,No,Yes,Yes,No,No,Yes,Yes,Mailed check,Yes,Yes,Yes,No,0
CUST-003115,12,104.11,1096.73,One year,Fiber optic,No,Yes,Yes,No,Yes,Yes,No,Bank transfer,Yes,No,No,No,0
CUST-003116,18,66.08,1316.52,Month-to-month,DSL,No,No,Yes,No,No,Yes,No,Electronic check,Yes,No,No,Yes,1
CUST-003117,2,48.52,164.61,Month-to-month,No,No,No,Yes,Yes,Yes,Yes,No,Electronic check,Yes,No,No,No,1
CUST-003118,56,82.23,4379.52,One year,Fiber optic,No,No,Yes,No,No,Yes,Yes,Electronic check,No,No,Yes,Yes,0
CUST-003119,47,93.72,4246.39,Month-to-month,DSL,No,Yes,Yes,No,Yes,Yes,No,Bank transfer,Yes,No,No,No,0
CUST-003120,9,61.11,773.49,Month-to-month,DSL,Yes,Yes,No,No,No,No,Yes,Credit card,Yes,No,Yes,No,0
CUST-003121,57,76.26,4454.47,Month-to-month,DSL,No,No,No,Yes,No,No,Yes,Credit card,No,No,No,Yes,1
CUST-003122,6,57.59,232.23,One year,No,Yes,No,No,Yes,Yes,Yes,Yes,Mailed check,Yes,No,No,Yes,0
CUST-003123,14,115.49,1691.09,Month-to-month,Fiber optic,No,Yes,Yes,No,Yes,Yes,No,Credit card,No,No,No,No,1
CUST-003124,46,94.46,4320.45,Month-to-month,DSL,No,Yes,No,Yes,Yes,Yes,Yes,Mailed check,Yes,No,Yes,No,0
CUST-003125,58,96.31,5592.19,Month-to-month,Fiber optic,No,Yes,Yes,No,No,Yes,Yes,Credit card,Yes,No,Yes,Yes,0
CUST-003126,6,54.94,234.95,Month-to-month,DSL,Yes,No,No,No,No,Yes,Yes,Mailed check,Yes,No,No,No,0
CUST-003127,0,56.59,158.66,Two year,No,Yes,Yes,Yes,Yes,No,Yes,Yes,Electronic check,Yes,No,Yes,No,1
CUST-003128,51,108.04,5601.01,Month-to-month,Fiber optic,No,No,Yes,Yes,Yes,Yes,Yes,Electronic check,Yes,No,Yes,Yes,1
CUST-003129,61,83.77,4744.62,One year,Fiber optic,No,No,No,No,Yes,No,No,Mailed check,No,No,Yes,No,0
CUST-003130,13,102.56,1206.62,Month-to-month,Fiber optic,Yes,Yes,Yes,No,Yes,Yes,No,Electronic check,Yes,No,No,No,1
CUST-003131,48,82.64,4177.22,Month-to-month,DSL,Yes,No,No,Yes,Yes,Yes,No,Mailed check,Yes,No,No,No,1
CUST-003132,46,78.1,3526.31,Two year,DSL,No,No,No,Yes,Yes,Yes,Yes,Electronic check,No,No,Yes,No,0
CUST-003133,3,51.87,0.0,One year,No,Yes,Yes,No,Yes,No,Yes,Yes,Mailed check,Yes,Yes,Yes,No,0
CUST-003134,25,82.6,1990.38,Two year,DSL,Yes,No,Yes,Yes,No,Yes,No,Credit card,Yes,No,No,No,0
CUST-003135,0,94.28,58.18,Month-to-month,Fiber optic,No,No,No,No,No,Yes,No,Credit card,No,No,Yes,No,0
CUST-003136,5,104.73,382.43,One year,Fiber optic,No,Yes,Yes,Yes,Yes,No,Yes,Mailed check,Yes,Yes,Yes,Yes,1
CUST-003137,17,73.84,1119.29,Month-to-month,DSL,No,No,No,No,No,Yes,Yes,Electronic check,Yes,No,Yes,No,1
CUST-003138,51,66.57,3193.82,Month-to-month,DSL,Yes,No,No,No,No,Yes,Yes,Mailed check,Yes,Yes,No,Yes,1
CUST-003139,43,90.23,4215.34,Month-to-month,Fiber optic,No,No,Yes,No,Yes,Yes,No,Mailed check,Yes,No,Yes,No,1
CUST-003140,0,104.7,64.03,One year,Fiber optic,No,Yes,No,No,No,Yes,Yes,Credit card,Yes,No,No,No,0
CUST-003141,71,110.12,7800.75,Month-to-month,Fiber optic,Yes,Yes,Yes,No,Yes,Yes,Yes,Electronic check,Yes,No,Yes,Yes,0
CUST-003142,54,108.56,6055.06,Month-to-month,Fiber optic,No,No,Yes,Yes,No,Yes,No,Electronic check,Yes,No,Yes,No,1
CUST-003143,0,29.68,34.07,Two year,No,Yes,No,Yes,No,No,Yes,No,Bank transfer,No,Yes,Yes,No,0
CUST-003144,65,88.61,5700.75,Month-to-month,DSL,No,Yes,Yes,Yes,No,Yes,Yes,Credit card,Yes,No,Yes,No,0
CUST-003145,71,106.02,7363.42,Month-to-month,Fiber optic,Yes,No,Yes,No,Yes,Yes,Yes,Electronic check,Yes,No,Yes,No,1
CUST-003146,15,31.1,549.11,Month-to-month,No,No,No,Yes,Yes,No,Yes,No,Electronic check,Yes,Yes,Yes,No,1
CUST-003147,31,49.0,1416.28,One year,No,No,No,Yes,Yes,No,Yes,No,Electronic check,Yes,No,Yes,Yes,0
CUST-003148,35,113.8,4143.08,Month-to-month,Fiber optic,No,Yes,Yes,Yes,No,Yes,Yes,Credit card,Yes,No,No,No,1
CUST-003149,46,106.89,4641.03,Two year,Fiber optic,No,Yes,No,No,No,Yes,Yes,Electronic check,Yes,No,No,No,0
CUST-003150,52,93.98,5090.23,Month-to-month,DSL,Yes,Yes,Yes,No,Yes,Yes,Yes,Electronic check,Yes,No,No,No,0
CUST-003151,51,114.39,6106.82,One year,Fiber optic,Yes,No,Yes,Yes,No,Yes,Yes,Electronic check,Yes,No,Yes,No,0
CUST-003152,21,68.42,1333.06,Two year,DSL,No,No,No,No,Yes,Yes,Yes,Bank transfer,No,No,Yes,Yes,0
CUST-003153,22,40.89,817.63,One year,No,No,No,Yes,Yes,Yes,No,No,Electronic check,Yes,No,Yes,No,0
CUST-003154,43,89.88,3888.63,Month-to-month,Fiber optic,No,No,Yes,No,Yes,Yes,Yes,Credit card,Yes,No,No,Yes,1
CUST-003155,17,84.13,1376.87,Two year,DSL,No,Yes,No,Yes,Yes,Yes,No,Electronic check,Yes,No,No,Yes,0
CUST-003156,2,122.47,28.48,Month-to-month,Fiber optic,No,Yes,No,No,Yes,Yes,Yes,Bank transfer,Yes,No,Yes,Yes,1
CUST-003157,31,78.99,2425.59,Month-to-month,DSL,No,Yes,No,Yes,No,No,Yes,Electronic check,No,Yes,No,No,1
CUST-003158,23,92.64,2174.19,Month-to-month,Fiber optic,No,No,No,No,No,Yes,No,Bank transfer,Yes,No,Yes,No,0
CUST-003159,55,29.0,1608.94,Month-to-month,No,No,Yes,Yes,No,No,Yes,No,Electronic check,Yes,No,Yes,No,0
CUST-003160,21,106.61,2427.15,Month-to-month,Fiber optic,Yes,Yes,Yes,No,No,Yes,No,Electronic check,No,No,Yes,No,1
CUST-003161,72,108.27,8154.81,One year,Fiber optic,No,No,Yes,Yes,Yes,Yes,Yes,Electronic check,No,No,Yes,Yes,1
CUST-003162,48,109.01,5207.38,Two year,Fiber optic,Yes,Yes,Yes,Yes,No,Yes,No,Electronic check,Yes,No,Yes,No,0
CUST-003163,55,49.62,2911.69,One year,No,No,Yes,No,Yes,No,Yes,No,Electronic check,Yes,No,No,No,0
CUST-003164,45,84.86,3924.42,Month-to-month,Fiber optic,No,No,Yes,No,No,Yes,No,Electronic check,No,No,No,No,1
CUST-003165,67,90.6,6042.45,One year,Fiber optic,No,No,No,No,No,Yes,No,Electronic check,No,No,Yes,No,0
CUST-003166,49,62.09,3022.72,Month-to-month,No,Yes,No,Yes,Yes,No,Yes,Yes,Bank transfer,Yes,No,No,No,1
CUST-003167,67,88.18,6090.32,Month-to-month,DSL,No,No,Yes,No,Yes,Yes,Yes,Electronic check,Yes,No,Yes,No,0
CUST-003168,64,96.64,6319.06,One year,Fiber optic,No,Yes,Yes,No,No,Yes,No,Electronic check,Yes,Yes,No,No,0
CUST-003169,53,31.79,1777.04,Two year,No,No,No,No,No,Yes,Yes,Yes,Credit card,No,No,Yes,No,0
CUST-003170,68,99.85,6675.57,Month-to-month,Fiber optic,No,Yes,Yes,No,Yes,Yes,No,Bank transfer,No,No,Yes,No,1
CUST-003171,2,132.19,159.98,One year,Fiber optic,Yes,No,Yes,Yes,No,Yes,Yes,Credit card,Yes,No,Yes,No,1
CUST-003172,7,43.07,573.57,Month-to-month,DSL,No,No,Yes,No,No,Yes,No,Electronic check,Yes,Yes,Yes,No,1
CUST-003173,52,74.91,3770.53,Month-to-month,DSL,No,Yes,No,No,Yes,Yes,Yes,Credit card,No,Yes,Yes,No,0
CUST-003174,46,89.91,4382.4,Two year,DSL,Yes,Yes,No,Yes,Yes,Yes,Yes,Bank transfer,No,No,Yes,Yes,0
CUST-003175,7,51.55,580.49,Month-to-month,No,Yes,No,Yes,Yes,No,Yes,No,Bank transfer,Yes,No,Yes,No,1
CUST-003176,24,98.73,2186.13,Month-to-month,Fiber optic,No,Yes,Yes,Yes,No,Yes,No,Electronic check,No,No,No,No,1
CUST-003177,47,97.05,4421.95,One year,DSL,Yes,No,No,Yes,Yes,Yes,Yes,Bank transfer,Yes,No,No,No,0
CUST-003178,23,115.46,2962.51,Two year,Fiber optic,Yes,No,No,Yes,No,Yes,No,Credit card,No,No,No,No,0
CUST-003179,65,71.51,4560.34,Month-to-month,No,No,Yes,No,Yes,Yes,Yes,Yes,Electronic check,No,Yes,Yes,No,1
CUST-003180,60,100.17,6037.74,One year,Fiber optic,Yes,No,Yes,Yes,Yes,Yes,No,Electronic check,Yes,No,No,No,0
CUST-003181,17,27.8,318.69,Month-to-month,No,No,Yes,No,Yes,No,No,No,Bank transfer,No,No,Yes,No,0
CUST-003182,38,100.38,3578.49,Two year,Fiber optic,No,No,Yes,No,No,No,Yes,Credit card,Yes,No,No,No,0
CUST-003183,34,92.48,3214.35,Month-to-month,Fiber optic,No,Yes,No,No,No,Yes,Yes,Electronic check,Yes,No,No,No,1
CUST-003184,32,76.0,2073.24,Month-to-month,DSL,Yes,Yes,Yes,Yes,Yes,Yes,Yes,Credit card,Yes,No,Yes,Yes,1
CUST-003185,48,124.79,5843.31,Two year,Fiber optic,Yes,Yes,No,No,Yes,Yes,Yes,Mailed check,No,No,No,No,0
CUST-003186,14,97.2,1262.53,One year,Fiber optic,No,Yes,No,No,Yes,No,Yes,Electronic check,Yes,No,Yes,No,1
CUST-003187,29,70.72,1780.46,One year,DSL,Yes,No,No,No,Yes,Yes,Yes,Electronic check,Yes,Yes,No,Yes,1
CUST-003188,54,72.2,3817.59,One year,DSL,Yes,Yes,No,No,No,Yes,Yes,Credit card,No,No,Yes,No,0
CUST-003189,19,86.2,1665.24,One year,DSL,No,Yes,No,No,Yes,Yes,Yes,Bank transfer,No,No,Yes,No,0
CUST-003190,63,86.25,5609.11,Month-to-month,Fiber optic,No,No,Yes,No,Yes,Yes,No,Bank transfer,No,Yes,Yes,No,1
CUST-003191,3,102.26,675.45,Two year,Fiber optic,No,No,No,No,Yes,Yes,No,Bank transfer,No,No,No,Yes,0
CUST-003192,48,109.52,5004.65,Month-to-month,Fiber optic,Yes,No,Yes,Yes,No,Yes,No,Bank transfer,Yes,No,Yes,No,1
CUST-003193,48,74.51,3754.54,Month-to-month,Fiber optic,Yes,No,No,No,No,Yes,No,Bank transfer,Yes,No,No,Yes,0
CUST-003194,52,93.26,4720.99,Month-to-month,Fiber optic,No,No,Yes,No,No,Yes,No,Credit card,Yes,No,No,No,1
CUST-003195,46,109.82,4984.71,Two year,Fiber optic,No,No,Yes,Yes,No,Yes,No,Electronic check,Yes,No,Yes,No,1
CUST-003196,7,54.14,199.87,Month-to-month,No,No,Yes,Yes,Yes,No,Yes,No,Bank transfer,No,No,Yes,Yes,0
CUST-003197,23,113.66,2242.95,Month-to-month,Fiber optic,No,Yes,Yes,No,Yes,Yes,Yes,Credit card,No,Yes,No,No,1
CUST-003198,23,81.52,2052.85,Month-to-month,DSL,No,No,No,Yes,Yes,Yes,No,Bank transfer,Yes,No,No,Yes,1
CUST-003199,18,89.17,1663.23,Month-to-month,Fiber optic,No,Yes,No,No,Yes,Yes,No,Mailed check,No,No,No,No,1
CUST-003200,34,74.07,2428.2,One year,DSL,No,No,No,Yes,Yes,Yes,No,Bank transfer,Yes,No,Yes,Yes,0
CUST-003201,27,122.82,3258.46,One year,Fiber optic,Yes,Yes,Yes,No,No,Yes,Yes,Bank transfer,Yes,No,No,No,0
CUST-003202,57,60.42,3393.49,One year,No,No,Yes,No,No,Yes,Yes,Yes,Credit card,Yes,No,No,No,0
CUST-003203,13,108.43,1042.38,Two year,Fiber optic,Yes,No,No,Yes,No,Yes,Yes,Bank transfer,Yes,No,No,No,0
CUST-003204,7,86.72,578.53,Month-to-month,DSL,No,Yes,No,Yes,No,Yes,No,Electronic check,Yes,No,No,No,1
CUST-003205,29,19.06,490.0,Two year,No,No,No,No,Yes,No,Yes,No,Bank transfer,No,No,Yes,No,0
CUST-003206,15,58.58,1052.39,Month-to-month,DSL,No,No,No,Yes,No,Yes,No,Electronic check,No,Yes,No,Yes,0
CUST-003207,72,76.38,5618.0,One year,DSL,No,No,No,Yes,Yes,Yes,No,Bank transfer,Yes,No,No,Yes,0
CUST-003208,69,43.64,2852.84,Month-to-month,No,Yes,No,No,No,Yes,Yes,No,Electronic check,No,No,Yes,No,0
CUST-003209,41,50.1,1730.38,Month-to-month,No,Yes,No,No,No,Yes,Yes,No,Mailed check,No,Yes,No,No,0
CUST-003210,10,108.67,1007.62,Two year,Fiber optic,No,No,No,Yes,Yes,Yes,Yes,Electronic check,Yes,No,No,No,1
CUST-003211,59,102.24,6177.85,Month-to-month,Fiber optic,No,Yes,No,Yes,Yes,No,Yes,Credit card,No,No,Yes,No,0
CUST-003212,53,68.99,3823.51,Month-to-month,Fiber optic,Yes,Yes,Yes,No,No,No,No,Electronic check,Yes,Yes,No,No,1
CUST-003213,45,93.52,4245.47,Two year,Fiber optic,Yes,Yes,Yes,No,Yes,Yes,No,Electronic check,No,No,Yes,No,0
CUST-003214,29,80.02,2096.93,Two year,DSL,No,Yes,No,No,Yes,Yes,Yes,Electronic check,No,No,Yes,Yes,0
CUST-003215,50,90.57,4378.87,Month-to-month,Fiber optic,Yes,Yes,No,No,No,Yes,No,Mailed check,Yes,No,Yes,Yes,1
CUST-003216,63,105.75,6783.12,Month-to-month,Fiber optic,No,No,Yes,Yes,Yes,Yes,No,Credit card,No,Yes,No,Yes,0
CUST-003217,14,31.23,350.59,Month-to-month,No,No,No,No,No,No,Yes,Yes,Credit card,No,Yes,No,Yes,0
CUST-003218,4,108.91,345.29,Month-to-month,Fiber optic,Yes,Yes,Yes,No,No,Yes,No,Credit card,Yes,No,No,No,1
CUST-003219,28,75.15,2137.71,Month-to-month,DSL,Yes,Yes,Yes,No,Yes,Yes,No,Electronic check,Yes,No,Yes,No,1
CUST-003220,53,93.18,4860.16,One year,DSL,Yes,No,Yes,Yes,No,Yes,No,Electronic check,No,No,No,No,0
CUST-003221,34,112.27,4146.31,One year,Fiber optic,Yes,No,No,Yes,No,Yes,No,Electronic check,No,No,No,No,0
CUST-003222,69,95.68,6496.52,Month-to-month,Fiber optic,No,No,No,No,Yes,Yes,Yes,Electronic check,No,No,No,Yes,1
CUST-003223,30,98.32,2963.14,Month-to-month,Fiber optic,Yes,No,No,Yes,No,Yes,Yes,Mailed check,No,No,No,Yes,1
CUST-003224,51,106.96,5095.37,Month-to-month,Fiber optic,No,No,No,Yes,Yes,Yes,Yes,Electronic check,Yes,No,Yes,Yes,1
CUST-003225,49,82.02,3847.95,Month-to-month,Fiber optic,No,No,No,Yes,Yes,Yes,No,Electronic check,Yes,No,Yes,No,1
CUST-003226,26,105.72,2649.88,Month-to-month,Fiber optic,Yes,Yes,No,No,No,Yes,Yes,Electronic check,Yes,No,No,Yes,1
CUST-003227,52,44.31,2248.09,Month-to-month,No,No,Yes,Yes,Yes,No,Yes,No,Mailed check,Yes,No,No,Yes,0
CUST-003228,70,101.15,7112.15,Two year,Fiber optic,No,No,No,No,Yes,Yes,Yes,Credit card,No,No,No,No,1
CUST-003229,60,113.68,6800.64,Month-to-month,Fiber optic,Yes,Yes,Yes,Yes,Yes,Yes,No,Electronic check,Yes,No,No,No,1
CUST-003230,58,81.26,4560.46,Month-to-month,Fiber optic,No,No,Yes,No,No,Yes,Yes,Electronic check,No,Yes,No,No,0
CUST-003231,43,134.54,6068.65,One year,Fiber optic,Yes,Yes,Yes,No,Yes,Yes,Yes,Credit card,No,No,No,No,0
CUST-003232,49,79.42,4147.19,Month-to-month,DSL,No,No,Yes,Yes,No,Yes,Yes,Bank transfer,Yes,No,No,No,1
CUST-003233,50,72.97,3560.09,Month-to-month,DSL,No,Yes,Yes,No,No,Yes,No,Electronic check,No,No,No,No,1
CUST-003234,19,44.73,869.5,Month-to-month,DSL,No,No,No,Yes,Yes,No,No,Mailed check,No,No,No,No,1
CUST-003235,65,82.24,5430.35,One year,DSL,Yes,Yes,No,No,No,Yes,No,Credit card,No,No,No,No,0
CUST-003236,54,29.88,1824.17,Month-to-month,No,Yes,Yes,No,Yes,Yes,Yes,No,Bank transfer,Yes,No,Yes,Yes,0
CUST-003237,34,108.47,3835.39,Month-to-month,DSL,Yes,Yes,Yes,Yes,Yes,Yes,No,Electronic check,No,No,Yes,No,1
CUST-003238,66,88.14,5618.34,Month-to-month,Fiber optic,No,Yes,Yes,No,No,Yes,No,Credit card,Yes,Yes,Yes,No,0
CUST-003239,41,64.95,2733.95,Month-to-month,DSL,No,Yes,No,No,No,No,Yes,Electronic check,Yes,No,No,No,1
CUST-003240,46,77.87,3407.66,Month-to-month,No,Yes,No,Yes,Yes,No,Yes,No,Mailed check,Yes,No,Yes,No,0
CUST-003241,21,36.17,537.1,Month-to-month,No,No,No,Yes,No,No,Yes,No,Electronic check,Yes,Yes,No,Yes,1
CUST-003242,27,98.71,2497.45,One year,Fiber optic,Yes,No,No,No,Yes,Yes,Yes,Credit card,Yes,No,Yes,No,0
CUST-003243,66,112.16,7450.9,Two year,Fiber optic,No,No,No,Yes,Yes,Yes,No,Credit card,No,Yes,No,Yes,1
CUST-003244,71,87.52,6144.25,Month-to-month,Fiber optic,No,No,No,No,No,Yes,Yes,Bank transfer,No,No,Yes,No,0
CUST-003245,29,86.92,2455.4,One year,DSL,Yes,No,Yes,Yes,No,No,No,Bank transfer,No,No,No,Yes,0
CUST-003246,4,83.12,661.91,One year,DSL,No,No,Yes,No,Yes,Yes,Yes,Electronic check,Yes,Yes,No,No,0
CUST-003247,18,82.22,1488.71,Two year,Fiber optic,Yes,No,Yes,Yes,No,Yes,No,Electronic check,No,No,No,Yes,0
CUST-003248,23,37.31,904.71,One year,No,No,No,No,Yes,No,Yes,Yes,Electronic check,No,No,No,Yes,0
CUST-003249,47,47.09,2198.76,Month-to-month,No,No,No,Yes,Yes,No,Yes,Yes,Electronic check,Yes,No,No,No,1
CUST-003250,70,106.03,7398.98,Month-to-month,Fiber optic,Yes,No,No,No,No,Yes,Yes,Bank transfer,Yes,Yes,Yes,No,0
CUST-003251,10,91.47,793.41,Month-to-month,Fiber optic,Yes,Yes,No,No,Yes,No,No,Credit card,Yes,No,Yes,No,1
CUST-003252,45,101.12,4930.12,Two year,Fiber optic,No,No,No,Yes,No,Yes,No,Electronic check,Yes,No,Yes,No,1
CUST-003253,38,92.45,3515.37,Month-to-month,DSL,No,Yes,Yes,No,Yes,Yes,Yes,Credit card,Yes,No,No,No,0
CUST-003254,7,104.04,663.39,Two year,Fiber optic,No,No,Yes,Yes,Yes,Yes,Yes,Mailed check,No,No,No,No,1
CUST-003255,63,82.64,5077.86,Month-to-month,DSL,Yes,No,No,No,Yes,Yes,No,Bank transfer,Yes,No,Yes,No,0
CUST-003256,40,40.41,1982.88,Month-to-month,No,No,No,Yes,Yes,Yes,Yes,No,Credit card,No,No,Yes,No,0
CUST-003257,18,40.08,887.06,Two year,No,No,No,No,Yes,No,Yes,No,Electronic check,Yes,No,Yes,No,0
CUST-003258,72,97.86,7222.1,Two year,Fiber optic,Yes,Yes,Yes,No,No,Yes,Yes,Electronic check,No,No,No,Yes,0
CUST-003259,0,54.34,235.08,Month-to-month,No,No,No,Yes,No,Yes,Yes,Yes,Bank transfer,Yes,No,No,No,0
CUST-003260,67,49.35,3359.84,Month-to-month,No,Yes,No,No,Yes,Yes,No,Yes,Credit card,No,No,Yes,Yes,0
CUST-003261,11,104.95,1294.25,Month-to-month,Fiber optic,Yes,No,Yes,No,Yes,Yes,Yes,Bank transfer,Yes,No,Yes,No,1
CUST-003262,22,119.58,2699.93,Two year,Fiber optic,Yes,No,No,Yes,Yes,Yes,No,Bank transfer,Yes,Yes,Yes,No,1
CUST-003263,33,44.15,1574.89,Month-to-month,No,No,No,Yes,Yes,No,Yes,No,Mailed check,No,No,No,No,0
CUST-003264,18,88.84,1280.13,Two year,DSL,No,Yes,Yes,No,No,Yes,Yes,Credit card,Yes,No,Yes,No,0
CUST-003265,22,99.28,2120.07,One year,Fiber optic,No,Yes,No,Yes,Yes,Yes,Yes,Mailed check,No,No,No,Yes,0
CUST-003266,19,60.61,1137.44,Month-to-month,No,No,No,Yes,No,Yes,Yes,Yes,Bank transfer,No,No,Yes,Yes,0
CUST-003267,10,24.5,318.17,One year,No,No,Yes,No,No,No,Yes,No,Electronic check,No,Yes,Yes,No,0
CUST-003268,15,95.02,1359.76,Month-to-month,Fiber optic,No,No,Yes,No,No,Yes,No,Electronic check,Yes,No,Yes,No,1
CUST-003269,8,87.96,997.28,Two year,Fiber optic,No,No,Yes,No,No,Yes,Yes,Electronic check,Yes,No,Yes,No,0
CUST-003270,14,120.11,1917.0,Month-to-month,Fiber optic,Yes,Yes,No,Yes,Yes,Yes,No,Credit card,No,No,Yes,No,1
CUST-003271,21,57.24,1190.26,Month-to-month,DSL,No,No,Yes,Yes,Yes,Yes,No,Credit card,Yes,No,Yes,No,0
CUST-003272,22,103.91,2187.72,One year,Fiber optic,Yes,Yes,Yes,No,Yes,Yes,No,Electronic check,Yes,No,Yes,No,0
CUST-003273,70,69.16,4795.44,Month-to-month,DSL,Yes,Yes,Yes,No,No,Yes,No,Bank transfer,No,No,Yes,Yes,0
CUST-003274,57,99.75,5507.94,One year,DSL,No,No,Yes,Yes,Yes,Yes,No,Bank transfer,No,No,Yes,Yes,0
CUST-003275,49,98.35,4860.55,Two year,Fiber optic,No,No,No,Yes,No,Yes,Yes,Mailed check,No,No,No,No,0
CUST-003276,38,124.44,4814.8,Month-to-month,Fiber optic,Yes,Yes,Yes,No,Yes,Yes,Yes,Credit card,No,Yes,No,No,1
CUST-003277,44,77.98,3414.42,Month-to-month,DSL,No,No,Yes,No,Yes,Yes,Yes,Bank transfer,No,No,Yes,No,0
CUST-003278,16,96.57,1414.87,Month-to-month,DSL,No,Yes,Yes,Yes,Yes,Yes,Yes,Credit card,No,No,No,No,1
CUST-003279,52,38.26,1950.97,One year,No,No,No,No,Yes,Yes,Yes,No,Mailed check,No,No,Yes,No,0
CUST-003280,61,63.77,3717.38,One year,DSL,No,Yes,No,Yes,No,Yes,No,Electronic check,Yes,No,Yes,Yes,0
CUST-003281,41,76.87,3194.3,Month-to-month,DSL,No,Yes,Yes,Yes,Yes,Yes,No,Mailed check,No,No,Yes,No,0
CUST-003282,31,72.31,2362.7,Month-to-month,DSL,Yes,Yes,Yes,No,No,No,No,Electronic check,No,No,No,Yes,0
CUST-003283,68,62.15,4211.36,Month-to-month,No,Yes,Yes,Yes,No,No,Yes,Yes,Credit card,Yes,No,Yes,No,0
CUST-003284,11,109.65,1112.2,Month-to-month,Fiber optic,Yes,Yes,No,Yes,Yes,Yes,No,Mailed check,Yes,Yes,Yes,Yes,0
CUST-003285,46,56.04,2811.95,Month-to-month,DSL,Yes,Yes,No,Yes,No,Yes,No,Electronic check,No,No,Yes,No,0
CUST-003286,45,79.49,3832.84,Two year,DSL,Yes,Yes,No,No,Yes,Yes,No,Mailed check,Yes,No,Yes,Yes,0
CUST-003287,34,100.38,3478.31,Month-to-month,Fiber optic,No,No,Yes,Yes,No,Yes,Yes,Electronic check,Yes,No,No,Yes,1
CUST-003288,3,70.59,284.11,Month-to-month,DSL,Yes,No,No,Yes,No,Yes,No,Bank transfer,No,No,No,No,1
CUST-003289,7,88.74,726.3,Month-to-month,Fiber optic,No,Yes,No,No,No,Yes,Yes,Bank transfer,Yes,Yes,No,Yes,1
CUST-003290,1,111.19,123.92,Month-to-month,Fiber optic,Yes,Yes,Yes,Yes,No,Yes,Yes,Credit card,Yes,Yes,No,No,0
CUST-003291,36,127.62,4618.09,Two year,Fiber optic,Yes,No,No,Yes,Yes,Yes,No,Electronic check,Yes,No,Yes,Yes,0
CUST-003292,56,82.03,4461.91,Month-to-month,DSL,No,No,Yes,Yes,No,Yes,Yes,Mailed check,Yes,No,No,No,1
CUST-003293,42,112.27,4615.78,Month-to-month,Fiber optic,Yes,No,No,Yes,Yes,Yes,Yes,Bank transfer,Yes,Yes,Yes,No,1
CUST-003294,22,83.5,1901.67,One year,DSL,Yes,No,Yes,No,Yes,Yes,Yes,Electronic check,Yes,No,No,Yes,1
CUST-003295,48,101.06,4607.77,Month-to-month,Fiber optic,Yes,No,No,Yes,No,No,No,Electronic check,Yes,No,Yes,No,1
CUST-003296,45,79.84,3395.8,Month-to-month,Fiber optic,Yes,No,No,No,No,No,Yes,Credit card,No,No,No,Yes,1
CUST-003297,37,91.78,3331.8,Month-to-month,DSL,No,Yes,Yes,No,Yes,Yes,Yes,Bank transfer,No,No,No,Yes,1
CUST-003298,32,79.11,2362.02,Month-to-month,DSL,Yes,No,No,No,No,Yes,Yes,Mailed check,No,No,Yes,Yes,0
CUST-003299,48,119.26,5947.22,Month-to-month,Fiber optic,Yes,No,No,No,Yes,Yes,Yes,Credit card,No,No,No,No,1
CUST-003300,72,64.37,4491.19,Two year,DSL,Yes,Yes,Yes,No,No,Yes,No,Electronic check,No,Yes,No,No,0
CUST-003301,23,92.05,2375.15,Month-to-month,Fiber optic,Yes,No,No,No,No,Yes,No,Bank transfer,No,No,No,No,1
CUST-003302,6,107.95,590.99,One year,Fiber optic,Yes,No,No,Yes,Yes,Yes,Yes,Mailed check,Yes,No,Yes,No,1
CUST-003303,65,61.24,3962.42,Month-to-month,No,Yes,No,Yes,No,Yes,Yes,Yes,Bank transfer,Yes,No,Yes,No,0
CUST-003304,71,122.81,8854.84,Month-to-month,Fiber optic,Yes,Yes,Yes,Yes,No,Yes,No,Credit card,No,Yes,Yes,Yes,1
CUST-003305,66,84.98,5754.15,One year,DSL,Yes,No,No,Yes,No,Yes,Yes,Bank transfer,Yes,No,No,No,1
CUST-003306,50,61.77,3072.5,Month-to-month,DSL,No,Yes,No,No,No,Yes,No,Electronic check,Yes,Yes,Yes,No,0
CUST-003307,39,94.28,3750.65,Month-to-month,DSL,Yes,No,Yes,Yes,Yes,Yes,Yes,Mailed check,Yes,Yes,Yes,No,1
CUST-003308,72,107.72,7758.91,One year,Fiber optic,No,No,No,Yes,No,Yes,No,Bank transfer,No,No,No,No,0
CUST-003309,37,31.33,1144.47,Month-to-month,No,No,No,No,Yes,No,Yes,No,Mailed check,Yes,No,Yes,No,1
CUST-003310,13,74.17,941.11,Month-to-month,DSL,Yes,No,No,No,Yes,Yes,No,Electronic check,Yes,Yes,Yes,No,1
CUST-003311,34,89.92,3299.14,Two year,Fiber optic,No,Yes,No,No,Yes,Yes,Yes,Electronic check,No,No,No,No,0
CUST-003312,21,92.22,2311.36,Month-to-month,Fiber optic,No,Yes,No,No,Yes,No,No,Mailed check,Yes,No,Yes,No,0
CUST-003313,7,112.21,675.41,Two year,Fiber optic,No,No,Yes,Yes,No,Yes,Yes,Electronic check,Yes,No,No,No,0
CUST-003314,8,113.59,1158.21,Month-to-month,Fiber optic,Yes,No,No,No,Yes,Yes,Yes,Mailed check,No,No,No,No,1
CUST-003315,7,45.53,442.35,One year,No,No,Yes,Yes,No,Yes,Yes,No,Electronic check,Yes,No,No,No,0
CUST-003316,72,79.46,5465.54,Month-to-month,DSL,No,Yes,Yes,Yes,No,No,Yes,Bank transfer,Yes,No,No,No,0
CUST-003317,62,115.53,7278.52,Two year,Fiber optic,Yes,No,Yes,No,Yes,Yes,No,Bank transfer,Yes,No,No,No,0
CUST-003318,21,71.7,1636.96,Two year,DSL,No,Yes,Yes,No,Yes,Yes,No,Credit card,Yes,No,Yes,No,0
CUST-003319,18,80.83,1360.44,Month-to-month,DSL,No,No,No,Yes,Yes,Yes,No,Mailed check,No,No,Yes,No,1
CUST-003320,18,98.94,1670.22,Month-to-month,Fiber optic,No,No,Yes,No,Yes,Yes,No,Credit card,Yes,No,No,No,1
CUST-003321,19,91.56,1810.39,One year,DSL,No,Yes,Yes,No,Yes,Yes,No,Credit card,Yes,No,No,Yes,1
CUST-003322,39,85.39,3140.7,Month-to-month,DSL,No,Yes,Yes,No,Yes,Yes,No,Mailed check,Yes,No,Yes,No,0
CUST-003323,44,116.8,4903.26,Month-to-month,Fiber optic,No,Yes,No,No,Yes,Yes,Yes,Bank transfer,Yes,No,No,No,1
CUST-003324,64,59.17,3907.62,One year,DSL,No,Yes,No,No,No,Yes,No,Electronic check,No,No,Yes,No,0
CUST-003325,62,79.9,5063.35,Month-to-month,DSL,No,Yes,No,Yes,No,Yes,No,Bank transfer,No,Yes,Yes,No,0
CUST-003326,39,92.85,3645.59,Month-to-month,DSL,Yes,No,No,Yes,Yes,No,No,Bank transfer,No,No,Yes,Yes,0
CUST-003327,17,114.93,2015.25,Month-to-month,Fiber optic,No,Yes,No,Yes,Yes,Yes,Yes,Bank transfer,No,Yes,Yes,No,1
CUST-003328,1,60.2,121.27,Month-to-month,No,No,Yes,Yes,No,No,Yes,Yes,Electronic check,Yes,No,Yes,No,1
CUST-003329,16,100.23,1605.36,Two year,DSL,Yes,Yes,Yes,Yes,Yes,Yes,Yes,Electronic check,Yes,No,Yes,No,0
CUST-003330,23,126.07,2855.97,Two year,Fiber optic,No,Yes,Yes,Yes,Yes,Yes,No,Bank transfer,Yes,No,No,No,0
CUST-003331,17,94.53,1693.2,Month-to-month,Fiber optic,Yes,Yes,Yes,Yes,No,Yes,No,Credit card,Yes,No,No,No,0
CUST-003332,46,117.08,5036.42,One year,Fiber optic,Yes,Yes,No,No,Yes,Yes,Yes,Electronic check,Yes,Yes,Yes,Yes,1
CUST-003333,44,63.81,2898.94,Month-to-month,No,Yes,Yes,No,Yes,Yes,Yes,Yes,Electronic check,Yes,No,No,No,0
CUST-003334,34,67.14,2310.3,Month-to-month,DSL,No,No,Yes,Yes,No,Yes,No,Electronic check,No,No,No,No,1
CUST-003335,43,90.22,4019.25,Month-to-month,DSL,Yes,No,Yes,Yes,Yes,Yes,Yes,Bank transfer,Yes,No,Yes,No,0
CUST-003336,15,71.08,995.75,Month-to-month,DSL,No,No,No,Yes,No,Yes,No,Credit card,No,Yes,Yes,No,0
CUST-003337,21,105.42,2287.23,Month-to-month,Fiber optic,Yes,No,No,Yes,No,Yes,Yes,Credit card,Yes,No,Yes,Yes,1
CUST-003338,25,94.99,2446.47,Month-to-month,Fiber optic,No,No,No,No,No,Yes,No,Mailed check,Yes,No,No,No,1
CUST-003339,29,104.77,3378.14,Month-to-month,Fiber optic,No,Yes,No,Yes,Yes,Yes,No,Mailed check,Yes,No,Yes,No,1
CUST-003340,31,112.05,3421.63,Month-to-month,Fiber optic,No,Yes,No,Yes,Yes,Yes,No,Bank transfer,No,No,Yes,No,1
CUST-003341,71,119.36,8401.74,Month-to-month,Fiber optic,Yes,Yes,No,Yes,No,Yes,Yes,Mailed check,No,No,No,No,1
CUST-003342,0,102.4,0.0,One year,Fiber optic,Yes,No,No,Yes,No,Yes,No,Credit card,No,No,Yes,No,1
CUST-003343,33,74.15,2336.45,One year,DSL,Yes,No,Yes,Yes,No,Yes,Yes,Credit card,Yes,Yes,No,No,0
CUST-003344,45,99.19,4598.6,Month-to-month,Fiber optic,Yes,No,Yes,No,No,Yes,No,Credit card,Yes,No,No,No,0
CUST-003345,0,112.58,0.0,Two year,Fiber optic,Yes,No,No,No,Yes,Yes,Yes,Electronic check,No,No,No,Yes,0
CUST-003346,62,87.71,5327.24,Month-to-month,DSL,Yes,Yes,Yes,Yes,No,Yes,No,Mailed check,Yes,No,Yes,No,0
CUST-003347,30,47.99,1243.91,One year,No,No,No,Yes,No,Yes,Yes,No,Electronic check,Yes,No,No,Yes,0
CUST-003348,12,116.58,1449.16,Month-to-month,Fiber optic,Yes,Yes,Yes,No,No,Yes,Yes,Bank transfer,Yes,No,No,Yes,1
CUST-003349,65,79.73,5222.41,One year,DSL,No,No,No,Yes,Yes,Yes,Yes,Mailed check,Yes,No,No,Yes,0
CUST-003350,57,32.9,1809.08,One year,No,No,Yes,No,No,No,Yes,Yes,Credit card,Yes,No,Yes,No,0
CUST-003351,24,99.23,2372.29,Month-to-month,Fiber optic,No,No,No,Yes,No,Yes,No,Electronic check,Yes,No,No,No,1
CUST-003352,29,102.5,2652.93,Two year,Fiber optic,Yes,No,No,Yes,No,Yes,No,Bank transfer,No,Yes,No,Yes,0
CUST-003353,4,72.37,348.9,Two year,DSL,No,Yes,No,Yes,No,Yes,No,Credit card,No,Yes,No,No,0
CUST-003354,19,108.37,1936.41,Two year,Fiber optic,No,Yes,Yes,No,Yes,No,Yes,Electronic check,Yes,Yes,No,No,1
CUST-003355,2,103.85,280.59,Month-to-month,DSL,Yes,Yes,No,Yes,No,Yes,Yes,Mailed check,No,No,No,No,1
CUST-003356,41,72.09,3076.87,Month-to-month,DSL,No,Yes,Yes,No,No,Yes,Yes,Mailed check,No,No,Yes,Yes,0
CUST-003357,19,46.37,722.15,Month-to-month,No,No,Yes,Yes,Yes,No,No,No,Electronic check,Yes,No,Yes,No,1
CUST-003358,13,96.54,1106.86,One year,Fiber optic,Yes,No,Yes,No,No,Yes,No,Credit card,Yes,No,Yes,No,0
CUST-003359,25,94.85,2554.82,Month-to-month,Fiber optic,Yes,No,Yes,No,No,Yes,No,Mailed check,Yes,No,No,No,1
CUST-003360,22,116.41,2604.26,Month-to-month,Fiber optic,No,Yes,Yes,No,Yes,Yes,Yes,Electronic check,Yes,No,Yes,No,0
CUST-003361,62,102.72,6459.5,Month-to-month,Fiber optic,No,No,No,No,Yes,Yes,Yes,Bank transfer,Yes,No,Yes,Yes,0
CUST-003362,59,134.3,8114.06,Month-to-month,Fiber optic,No,Yes,Yes,No,Yes,Yes,Yes,Bank transfer,Yes,No,Yes,Yes,0
CUST-003363,57,93.81,5247.52,Month-to-month,Fiber optic,No,No,No,Yes,Yes,Yes,No,Electronic check,Yes,Yes,Yes,No,1
CUST-003364,31,97.62,3242.31,Month-to-month,Fiber optic,No,No,Yes,No,No,Yes,No,Electronic check,Yes,No,Yes,No,1
CUST-003365,49,105.52,5089.08,Month-to-month,Fiber optic,Yes,No,Yes,Yes,Yes,Yes,No,Credit card,Yes,No,No,No,1
CUST-003366,70,90.61,6463.94,Month-to-month,Fiber optic,No,No,No,No,Yes,Yes,No,Electronic check,Yes,Yes,No,No,1
CUST-003367,26,95.51,2601.62,Month-to-month,Fiber optic,Yes,No,No,No,No,Yes,Yes,Mailed check,Yes,No,No,Yes,1
CUST-003368,19,79.83,1620.72,Two year,Fiber optic,No,Yes,No,No,No,No,No,Electronic check,Yes,No,No,Yes,1
CUST-003369,14,86.29,1040.13,Two year,Fiber optic,No,No,No,Yes,No,Yes,Yes,Mailed check,Yes,No,Yes,No,0
CUST-003370,17,81.66,1436.1,One year,Fiber optic,No,Yes,No,No,No,Yes,No,Bank transfer,No,No,No,No,1
CUST-003371,7,105.6,771.09,Month-to-month,Fiber optic,Yes,Yes,No,No,No,Yes,No,Mailed check,No,No,No,No,1
CUST-003372,39,150.0,5959.78,One year,Fiber optic,Yes,No,Yes,Yes,No,Yes,Yes,Electronic check,No,No,No,No,1
CUST-003373,19,114.36,2185.1,One year,Fiber optic,Yes,Yes,Yes,No,No,Yes,No,Electronic check,Yes,Yes,No,Yes,1
CUST-003374,59,60.17,3643.42,One year,DSL,No,No,No,No,Yes,Yes,No,Bank transfer,No,No,No,No,0
CUST-003375,50,65.5,3207.69,One year,DSL,Yes,Yes,Yes,No,No,Yes,Yes,Bank transfer,Yes,No,Yes,No,1
CUST-003376,58,110.57,6579.81,Month-to-month,Fiber optic,No,Yes,No,No,Yes,Yes,No,Mailed check,Yes,No,No,No,1
CUST-003377,23,103.79,2028.3,One year,Fiber optic,No,Yes,Yes,No,No,Yes,Yes,Electronic check,Yes,No,No,No,1
CUST-003378,17,108.96,2162.48,Month-to-month,Fiber optic,Yes,Yes,Yes,No,No,Yes,No,Credit card,Yes,No,No,No,1
CUST-003379,44,81.16,3725.67,Month-to-month,DSL,No,No,Yes,Yes,Yes,Yes,No,Credit card,No,No,Yes,Yes,0
CUST-003380,14,66.08,1070.86,One year,DSL,No,Yes,Yes,No,No,Yes,No,Mailed check,Yes,No,Yes,Yes,0
CUST-003381,8,100.64,677.29,Month-to-month,Fiber optic,Yes,Yes,No,No,No,Yes,No,Mailed check,Yes,No,Yes,No,1
CUST-003382,24,111.73,2833.18,Two year,Fiber optic,No,No,Yes,Yes,No,Yes,Yes,Credit card,No,No,Yes,No,0
CUST-003383,30,38.26,1256.41,One year,No,No,No,Yes,No,No,Yes,No,Electronic check,Yes,Yes,Yes,No,0
CUST-003384,29,97.48,2631.05,Month-to-month,Fiber optic,Yes,Yes,Yes,Yes,No,Yes,No,Credit card,Yes,No,No,No,0
CUST-003385,72,91.98,6707.37,Month-to-month,Fiber optic,Yes,No,No,Yes,Yes,Yes,No,Electronic check,Yes,Yes,No,No,1
CUST-003386,13,41.26,775.22,Month-to-month,No,No,No,Yes,No,Yes,No,Yes,Electronic check,Yes,No,Yes,No,0
CUST-003387,71,122.87,8831.35,Two year,Fiber optic,Yes,No,No,Yes,Yes,Yes,Yes,Electronic check,Yes,No,No,Yes,0
CUST-003388,12,96.47,1055.57,Month-to-month,Fiber optic,No,Yes,No,Yes,Yes,No,Yes,Electronic check,No,No,Yes,No,1
CUST-003389,62,107.49,6710.11,Month-to-month,Fiber optic,No,Yes,No,Yes,Yes,Yes,No,Electronic check,Yes,No,Yes,No,1
CUST-003390,54,123.56,6930.2,One year,Fiber optic,Yes,Yes,No,Yes,No,Yes,No,Electronic check,Yes,No,Yes,No,1
CUST-003391,64,123.33,7859.58,Month-to-month,Fiber optic,Yes,No,Yes,No,No,Yes,Yes,Bank transfer,Yes,Yes,No,No,1
CUST-003392,22,126.23,3006.17,Month-to-month,Fiber optic,No,Yes,No,Yes,Yes,Yes,Yes,Mailed check,No,No,No,Yes,1
CUST-003393,45,115.92,5354.58,Month-to-month,Fiber optic,No,No,No,Yes,Yes,Yes,Yes,Electronic check,No,No,No,Yes,1
CUST-003394,67,79.92,5019.66,Two year,DSL,No,No,No,Yes,Yes,Yes,Yes,Electronic check,Yes,No,Yes,No,0
CUST-003395,28,109.91,3034.78,One year,Fiber optic,No,Yes,Yes,No,Yes,Yes,Yes,Electronic check,No,Yes,Yes,No,0
CUST-003396,38,62.07,2593.71,Two year,DSL,No,No,Yes,Yes,No,Yes,No,Electronic check,No,No,Yes,Yes,0
CUST-003397,63,60.97,3910.61,Month-to-month,DSL,No,Yes,No,No,No,Yes,No,Mailed check,Yes,No,Yes,Yes,0
CUST-003398,2,77.32,55.08,One year,DSL,Yes,Yes,Yes,No,No,Yes,No,Electronic check,No,No,No,Yes,0
CUST-003399,44,109.11,4795.74,Month-to-month,Fiber optic,Yes,Yes,No,No,Yes,Yes,Yes,Credit card,No,No,No,No,1
CUST-003400,52,64.36,3388.2,One year,DSL,No,No,No,No,No,Yes,No,Bank transfer,Yes,Yes,Yes,No,0
CUST-003401,2,87.25,76.61,Month-to-month,DSL,Yes,No,No,Yes,No,Yes,Yes,Electronic check,Yes,No,No,No,1
CUST-003402,13,67.61,835.1,Two year,DSL,No,No,Yes,No,Yes,No,Yes,Bank transfer,No,Yes,No,No,0
CUST-003403,66,79.9,5301.53,One year,DSL,No,Yes,Yes,Yes,Yes,Yes,No,Electronic check,Yes,No,No,No,0
CUST-003404,30,117.43,3644.32,Month-to-month,Fiber optic,No,Yes,Yes,No,Yes,Yes,Yes,Bank transfer,Yes,No,No,No,0
CUST-003405,35,80.86,2604.87,Month-to-month,DSL,No,No,No,Yes,Yes,Yes,No,Bank transfer,No,Yes,Yes,No,1
CUST-003406,31,77.78,2243.86,Month-to-month,DSL,Yes,Yes,No,Yes,Yes,No,No,Credit card,Yes,No,No,No,1
CUST-003407,19,86.18,1482.47,Month-to-month,Fiber optic,No,No,Yes,No,Yes,Yes,No,Credit card,No,Yes,Yes,Yes,1
CUST-003408,3,110.45,419.54,One year,Fiber optic,Yes,No,Yes,Yes,Yes,Yes,Yes,Electronic check,Yes,No,Yes,Yes,1
CUST-003409,25,102.05,2351.27,Month-to-month,Fiber optic,No,Yes,No,No,No,Yes,Yes,Electronic check,Yes,No,No,No,1
CUST-003410,66,119.87,8122.09,Two year,Fiber optic,No,Yes,Yes,Yes,Yes,Yes,Yes,Credit card,Yes,No,No,No,0
CUST-003411,55,80.37,4588.22,Month-to-month,DSL,No,No,No,Yes,Yes,Yes,No,Electronic check,Yes,No,No,No,1
CUST-003412,20,104.68,2261.24,One year,Fiber optic,Yes,No,Yes,No,No,No,No,Credit card,Yes,No,Yes,No,0
CUST-003413,6,110.44,611.41,Month-to-month,Fiber optic,Yes,Yes,Yes,No,Yes,Yes,No,Electronic check,No,No,No,No,1
CUST-003414,44,133.59,6021.86,Month-to-month,Fiber optic,Yes,No,Yes,Yes,Yes,Yes,Yes,Mailed check,No,Yes,No,No,0
CUST-003415,49,132.78,6540.52,Month-to-month,Fiber optic,Yes,Yes,No,Yes,Yes,Yes,Yes,Mailed check,Yes,Yes,No,No,1
CUST-003416,18,119.96,2331.69,Month-to-month,Fiber optic,No,Yes,Yes,Yes,No,Yes,No,Mailed check,Yes,No,No,Yes,1
CUST-003417,41,53.65,1833.3,Two year,No,No,Yes,No,No,Yes,Yes,Yes,Credit card,Yes,No,No,Yes,1
CUST-003418,42,81.9,3354.06,One year,DSL,No,No,No,Yes,Yes,Yes,Yes,Electronic check,Yes,No,No,Yes,0
CUST-003419,25,103.88,2629.84,Two year,Fiber optic,Yes,Yes,No,No,No,Yes,No,Electronic check,Yes,No,No,No,0
CUST-003420,62,98.46,6092.46,One year,Fiber optic,Yes,No,No,No,No,Yes,No,Credit card,Yes,No,Yes,Yes,1
CUST-003421,60,85.3,4972.5,Month-to-month,DSL,Yes,Yes,Yes,No,No,Yes,Yes,Electronic check,Yes,No,No,No,0
CUST-003422,13,62.65,620.76,Month-to-month,DSL,Yes,No,Yes,No,No,Yes,Yes,Electronic check,Yes,No,Yes,No,1
CUST-003423,8,98.87,859.62,Month-to-month,Fiber optic,No,Yes,No,Yes,Yes,Yes,No,Mailed check,Yes,No,No,No,1
CUST-003424,30,64.67,1836.38,Two year,DSL,No,No,Yes,No,Yes,Yes,No,Electronic check,No,Yes,Yes,No,0
CUST-003425,39,60.22,2434.56,One year,DSL,No,Yes,No,Yes,No,Yes,No,Bank transfer,No,No,Yes,Yes,0
CUST-003426,38,115.25,4718.27,One year,Fiber optic,Yes,No,Yes,Yes,Yes,Yes,Yes,Bank transfer,Yes,No,No,Yes,1
CUST-003427,31,110.54,3455.57,Month-to-month,Fiber optic,No,No,No,No,Yes,Yes,Yes,Electronic check,No,No,Yes,No,1
CUST-003428,7,71.91,549.04,One year,DSL,Yes,No,No,Yes,No,Yes,Yes,Electronic check,Yes,Yes,No,No,0
CUST-003429,33,103.06,3462.8,Month-to-month,Fiber optic,No,No,No,No,Yes,Yes,Yes,Credit card,No,No,No,No,0
CUST-003430,43,44.54,1923.06,Month-to-month,DSL,No,No,Yes,No,No,Yes,Yes,Mailed check,Yes,No,Yes,No,0
CUST-003431,62,58.37,3906.28,Month-to-month,DSL,No,No,Yes,No,Yes,No,No,Mailed check,Yes,No,Yes,Yes,1
CUST-003432,72,109.14,7720.16,Month-to-month,Fiber optic,No,No,No,Yes,No,Yes,Yes,Bank transfer,Yes,Yes,Yes,No,0
CUST-003433,23,108.92,2490.05,Month-to-month,Fiber optic,No,No,No,Yes,No,Yes,Yes,Mailed check,Yes,No,Yes,No,0
CUST-003434,58,39.78,2416.59,Month-to-month,No,No,No,Yes,No,No,Yes,No,Bank transfer,Yes,No,No,No,0
CUST-003435,3,73.08,193.91,Month-to-month,DSL,No,No,No,Yes,Yes,Yes,No,Electronic check,No,No,Yes,Yes,1
CUST-003436,37,104.2,3879.64,Month-to-month,Fiber optic,Yes,No,No,No,Yes,No,Yes,Bank transfer,No,No,Yes,No,1
CUST-003437,28,94.29,2399.46,One year,Fiber optic,No,Yes,No,No,Yes,No,Yes,Electronic check,No,Yes,No,No,1
CUST-003438,14,69.05,811.84,One year,DSL,No,Yes,Yes,Yes,No,Yes,No,Electronic check,Yes,No,Yes,No,0
CUST-003439,25,93.17,2383.98,One year,Fiber optic,No,No,No,Yes,No,Yes,No,Electronic check,Yes,Yes,No,No,1
CUST-003440,7,74.23,441.52,One year,DSL,Yes,Yes,No,No,No,Yes,No,Mailed check,Yes,No,No,Yes,1
CUST-003441,30,83.04,2436.17,Two year,DSL,No,Yes,Yes,Yes,No,Yes,Yes,Bank transfer,Yes,No,Yes,No,0
CUST-003442,63,89.99,5792.49,Month-to-month,DSL,No,Yes,No,Yes,No,Yes,Yes,Mailed check,Yes,No,Yes,No,0
CUST-003443,0,118.77,199.56,One year,Fiber optic,No,Yes,Yes,Yes,Yes,Yes,No,Electronic check,Yes,No,Yes,No,1
CUST-003444,53,44.11,2494.89,Month-to-month,No,No,No,No,No,No,Yes,Yes,Bank transfer,Yes,No,No,No,0
CUST-003445,35,96.41,3435.96,One year,Fiber optic,No,Yes,No,Yes,No,Yes,Yes,Mailed check,Yes,No,No,No,0
CUST-003446,56,93.16,5268.82,Month-to-month,DSL,Yes,No,Yes,No,Yes,Yes,Yes,Mailed check,Yes,No,No,No,0
CUST-003447,37,84.48,3177.93,Month-to-month,DSL,No,No,Yes,No,Yes,No,Yes,Bank transfer,Yes,No,No,Yes,1
CUST-003448,34,99.6,3334.98,Month-to-month,Fiber optic,No,No,No,No,Yes,Yes,No,Electronic check,Yes,Yes,Yes,No,1
CUST-003449,19,70.71,1184.36,Month-to-month,DSL,No,No,Yes,No,No,Yes,Yes,Bank transfer,No,No,No,No,0
CUST-003450,3,97.19,329.46,Month-to-month,Fiber optic,Yes,Yes,No,No,No,Yes,No,Mailed check,Yes,No,No,No,1
CUST-003451,44,123.25,5360.98,Month-to-month,Fiber optic,Yes,No,Yes,Yes,Yes,Yes,No,Electronic check,Yes,No,Yes,Yes,1
CUST-003452,41,62.41,2855.86,Month-to-month,No,Yes,No,Yes,Yes,No,Yes,Yes,Electronic check,Yes,Yes,Yes,No,1
CUST-003453,35,111.99,3735.53,Two year,Fiber optic,Yes,No,No,No,No,Yes,No,Electronic check,Yes,No,Yes,Yes,0
CUST-003454,36,115.7,4080.12,Month-to-month,Fiber optic,Yes,Yes,No,No,No,Yes,Yes,Bank transfer,Yes,No,No,No,1
CUST-003455,4,73.75,315.81,Month-to-month,DSL,Yes,No,No,No,Yes,No,Yes,Credit card,Yes,Yes,No,No,1
CUST-003456,3,26.56,234.78,Month-to-month,No,No,No,Yes,No,No,Yes,No,Electronic check,Yes,No,No,No,0
CUST-003457,60,103.66,6327.94,Month-to-month,Fiber optic,Yes,Yes,No,No,No,No,No,Credit card,Yes,No,Yes,Yes,1
CUST-003458,28,98.57,2892.08,Month-to-month,Fiber optic,No,No,No,Yes,No,Yes,Yes,Electronic check,Yes,No,Yes,Yes,1
CUST-003459,28,82.07,2059.84,Month-to-month,DSL,Yes,Yes,Yes,Yes,Yes,No,No,Mailed check,Yes,No,Yes,No,0
CUST-003460,47,97.63,4578.86,Month-to-month,DSL,No,Yes,No,Yes,Yes,Yes,Yes,Credit card,No,No,No,Yes,1
CUST-003461,45,114.12,4868.26,Month-to-month,Fiber optic,No,No,No,Yes,Yes,Yes,Yes,Electronic check,Yes,No,No,No,1
CUST-003462,9,66.69,625.83,One year,DSL,Yes,No,No,Yes,Yes,No,Yes,Electronic check,No,No,No,Yes,1
CUST-003463,37,82.29,3075.37,Month-to-month,DSL,Yes,Yes,No,No,No,Yes,Yes,Mailed check,Yes,No,No,No,0
CUST-003464,19,90.43,1855.1,One year,Fiber optic,No,No,No,Yes,No,No,No,Electronic check,Yes,No,No,Yes,1
CUST-003465,35,110.59,3816.65,Month-to-month,Fiber optic,No,Yes,Yes,No,Yes,No,Yes,Bank transfer,No,No,Yes,No,1
CUST-003466,16,79.98,1196.38,Month-to-month,DSL,No,Yes,Yes,Yes,Yes,No,No,Bank transfer,No,No,No,No,1
CUST-003467,49,114.28,5481.37,Month-to-month,Fiber optic,Yes,Yes,Yes,Yes,No,Yes,No,Bank transfer,Yes,No,No,Yes,1
CUST-003468,53,59.96,3178.49,Two year,No,Yes,No,No,Yes,No,Yes,No,Electronic check,Yes,No,Yes,Yes,0
CUST-003469,27,104.26,2781.89,One year,DSL,Yes,Yes,Yes,Yes,No,Yes,No,Mailed check,Yes,No,No,No,0
CUST-003470,28,27.61,809.51,Month-to-month,No,No,No,Yes,No,No,Yes,No,Electronic check,Yes,No,No,No,1
CUST-003471,30,100.94,2899.48,One year,Fiber optic,No,No,No,No,Yes,Yes,No,Mailed check,Yes,No,No,No,0
CUST-003472,46,110.36,5097.78,Month-to-month,Fiber optic,Yes,Yes,No,Yes,Yes,Yes,No,Mailed check,Yes,No,Yes,Yes,0
CUST-003473,17,125.4,1952.64,Month-to-month,Fiber optic,Yes,Yes,Yes,Yes,No,Yes,Yes,Bank transfer,No,No,Yes,Yes,0
CUST-003474,29,84.13,2599.27,Month-to-month,DSL,Yes,No,Yes,No,Yes,Yes,Yes,Credit card,No,Yes,Yes,Yes,1
CUST-003475,48,66.82,2976.61,Month-to-month,No,Yes,Yes,Yes,No,Yes,Yes,Yes,Electronic check,Yes,No,No,No,0
CUST-003476,31,108.63,3151.11,Month-to-month,Fiber optic,Yes,No,No,Yes,Yes,Yes,Yes,Mailed check,Yes,Yes,No,No,0
CUST-003477,39,57.83,2028.39,Month-to-month,DSL,No,No,No,No,Yes,No,Yes,Mailed check,No,No,Yes,No,1
CUST-003478,9,69.87,524.2,One year,DSL,No,No,No,Yes,Yes,Yes,No,Mailed check,No,No,No,No,0
CUST-003479,56,109.8,6111.02,Month-to-month,Fiber optic,No,No,Yes,No,No,Yes,No,Electronic check,No,No,Yes,Yes,0
CUST-003480,31,110.16,3230.58,Month-to-month,Fiber optic,No,Yes,Yes,Yes,Yes,No,No,Bank transfer,Yes,Yes,No,No,1
CUST-003481,6,72.38,179.02,Two year,DSL,No,Yes,Yes,No,No,Yes,No,Credit card,Yes,No,No,Yes,0
CUST-003482,72,32.97,2400.22,Month-to-month,No,No,No,Yes,Yes,No,Yes,No,Credit card,No,No,Yes,Yes,0
CUST-003483,26,119.01,3067.74,Month-to-month,Fiber optic,No,Yes,Yes,Yes,No,Yes,Yes,Electronic check,Yes,No,Yes,No,1
CUST-003484,54,78.65,4494.15,Month-to-month,Fiber optic,Yes,No,No,No,No,Yes,No,Mailed check,No,No,Yes,Yes,1
CUST-003485,42,69.75,3049.51,Month-to-month,DSL,No,Yes,No,No,No,Yes,No,Electronic check,No,No,No,No,1
CUST-003486,50,59.57,3045.01,Month-to-month,No,Yes,No,No,Yes,Yes,Yes,Yes,Electronic check,Yes,No,Yes,No,0
CUST-003487,27,57.31,1449.67,Month-to-month,No,Yes,No,Yes,Yes,Yes,Yes,Yes,Bank transfer,Yes,No,Yes,No,0
CUST-003488,58,70.7,4327.76,One year,No,No,Yes,Yes,Yes,No,Yes,Yes,Electronic check,Yes,Yes,No,No,0
CUST-003489,69,65.68,4633.8,Month-to-month,DSL,No,No,Yes,Yes,Yes,Yes,No,Bank transfer,Yes,No,Yes,No,0
CUST-003490,4,95.6,356.22,Month-to-month,Fiber optic,No,Yes,Yes,No,No,Yes,No,Bank transfer,Yes,No,Yes,No,1
CUST-003491,68,110.42,7730.3,Month-to-month,Fiber optic,No,Yes,Yes,Yes,Yes,Yes,Yes,Electronic check,Yes,No,No,No,1
CUST-003492,58,75.44,4333.58,One year,DSL,Yes,Yes,No,No,No,Yes,No,Mailed check,Yes,No,No,No,0
CUST-003493,8,105.69,745.67,One year,Fiber optic,Yes,No,No,Yes,No,Yes,Yes,Mailed check,No,No,Yes,No,0
CUST-003494,58,80.01,4638.11,One year,DSL,Yes,No,No,Yes,Yes,No,No,Bank transfer,Yes,No,No,No,0
CUST-003495,7,80.19,637.84,Month-to-month,DSL,No,Yes,Yes,Yes,No,Yes,No,Credit card,Yes,No,No,Yes,1
CUST-003496,48,64.15,2979.16,Month-to-month,DSL,No,No,Yes,No,No,Yes,Yes,Credit card,Yes,No,No,No,0
CUST-003497,14,60.41,617.46,Month-to-month,DSL,No,Yes,No,Yes,No,Yes,No,Mailed check,Yes,Yes,Yes,No,1
CUST-003498,66,116.31,7402.82,Month-to-month,Fiber optic,Yes,Yes,No,Yes,No,Yes,Yes,Electronic check,Yes,No,No,No,1
CUST-003499,28,112.57,3064.69,Month-to-month,Fiber optic,No,Yes,No,Yes,Yes,Yes,No,Credit card,No,No,No,No,1
CUST-003500,4,38.06,144.84,One year,No,No,Yes,No,No,Yes,Yes,No,Electronic check,Yes,Yes,Yes,Yes,0
CUST-003501,68,44.68,3009.27,Month-to-month,No,No,No,Yes,Yes,No,No,No,Bank transfer,No,No,Yes,No,0
CUST-003502,6,108.71,411.71,Month-to-month,Fiber optic,Yes,Yes,No,Yes,No,Yes,No,Electronic check,No,No,Yes,No,1
CUST-003503,68,79.97,5580.48,Month-to-month,DSL,No,Yes,No,Yes,Yes,Yes,Yes,Credit card,Yes,No,No,Yes,1
CUST-003504,67,109.1,7378.15,Month-to-month,Fiber optic,Yes,Yes,Yes,Yes,No,Yes,No,Credit card,Yes,No,No,No,1
CUST-003505,8,52.58,314.32,Two year,No,No,Yes,No,Yes,Yes,Yes,No,Mailed check,No,No,No,No,0
CUST-003506,29,92.75,2950.04,Two year,Fiber optic,Yes,No,No,No,No,Yes,No,Electronic check,Yes,Yes,No,No,0
CUST-003507,11,53.62,852.81,Month-to-month,No,Yes,No,No,No,Yes,Yes,Yes,Credit card,No,No,Yes,No,1
CUST-003508,69,101.43,6912.97,One year,Fiber optic,No,Yes,Yes,No,No,Yes,Yes,Credit card,Yes,No,No,No,0
CUST-003509,14,51.67,648.97,Two year,No,Yes,No,No,No,No,Yes,No,Bank transfer,Yes,No,Yes,No,0
CUST-003510,34,77.51,2552.29,One year,DSL,No,No,No,Yes,No,Yes,Yes,Mailed check,Yes,Yes,No,No,1
CUST-003511,63,112.37,7091.71,Month-to-month,Fiber optic,No,No,No,Yes,Yes,Yes,Yes,Electronic check,No,No,No,No,1
CUST-003512,31,69.12,2174.06,Two year,DSL,No,No,Yes,Yes,No,Yes,No,Electronic check,Yes,No,No,No,0
CUST-003513,61,74.3,4510.01,Month-to-month,DSL,Yes,Yes,Yes,Yes,No,Yes,No,Credit card,Yes,Yes,No,Yes,0
CUST-003514,58,102.38,5912.4,Two year,Fiber optic,Yes,No,Yes,No,Yes,Yes,No,Electronic check,Yes,No,No,No,0
CUST-003515,30,99.93,2731.7,Month-to-month,Fiber optic,Yes,No,No,No,No,Yes,No,Credit card,No,No,Yes,No,0
CUST-003516,33,109.36,3459.3,Month-to-month,Fiber optic,Yes,No,Yes,No,No,Yes,Yes,Credit card,Yes,No,Yes,Yes,0
CUST-003517,28,105.22,2840.87,One year,Fiber optic,Yes,No,No,No,No,Yes,No,Bank transfer,No,No,No,No,0
CUST-003518,13,42.88,676.45,One year,No,No,Yes,Yes,No,No,Yes,Yes,Electronic check,Yes,No,No,No,0
CUST-003519,46,87.13,3970.33,Two year,DSL,No,Yes,Yes,Yes,No,No,No,Bank transfer,No,Yes,No,No,0
CUST-003520,31,81.7,2458.8,Two year,DSL,Yes,Yes,No,Yes,No,Yes,Yes,Credit card,Yes,No,No,No,0
CUST-003521,53,69.27,3818.09,Month-to-month,DSL,No,No,Yes,Yes,Yes,No,Yes,Mailed check,No,No,No,No,0
CUST-003522,15,114.84,1696.67,Month-to-month,Fiber optic,No,Yes,Yes,No,Yes,Yes,No,Electronic check,Yes,No,No,Yes,1
CUST-003523,30,103.35,3038.5,Two year,Fiber optic,No,Yes,Yes,No,No,Yes,Yes,Credit card,Yes,No,No,Yes,0
CUST-003524,66,68.87,4696.15,Month-to-month,No,No,No,No,Yes,Yes,Yes,Yes,Electronic check,No,No,Yes,No,0
CUST-003525,70,115.05,8372.35,Month-to-month,Fiber optic,Yes,Yes,No,No,Yes,Yes,Yes,Credit card,Yes,No,Yes,No,1
CUST-003526,62,88.61,5407.41,One year,Fiber optic,No,No,No,Yes,Yes,Yes,No,Electronic check,No,No,No,Yes,0
CUST-003527,46,106.16,5175.84,Two year,Fiber optic,No,Yes,No,No,Yes,Yes,Yes,Bank transfer,No,No,No,No,0
CUST-003528,9,43.61,376.24,Month-to-month,No,Yes,No,Yes,No,Yes,Yes,No,Electronic check,No,No,Yes,No,0
CUST-003529,36,89.21,3175.94,One year,DSL,No,Yes,No,Yes,Yes,Yes,Yes,Credit card,Yes,No,Yes,Yes,0
CUST-003530,25,65.22,1810.33,Month-to-month,DSL,No,Yes,Yes,No,Yes,Yes,No,Credit card,Yes,No,Yes,Yes,0
CUST-003531,14,75.66,1127.69,Two year,DSL,No,Yes,Yes,No,Yes,Yes,No,Electronic check,No,No,Yes,No,0
CUST-003532,59,99.9,5721.21,Month-to-month,Fiber optic,No,No,Yes,No,Yes,No,Yes,Mailed check,Yes,No,Yes,No,1
CUST-003533,39,72.39,2654.02,Month-to-month,DSL,No,No,Yes,Yes,No,No,No,Electronic check,No,No,No,No,0
CUST-003534,1,76.47,144.5,Two year,DSL,Yes,No,Yes,Yes,No,Yes,No,Electronic check,Yes,No,Yes,Yes,1
CUST-003535,4,68.2,229.15,Month-to-month,DSL,Yes,Yes,No,No,Yes,No,Yes,Electronic check,No,Yes,No,No,0
CUST-003536,0,72.09,154.38,Month-to-month,DSL,Yes,Yes,Yes,Yes,No,No,No,Mailed check,Yes,Yes,Yes,Yes,0
CUST-003537,43,96.26,4266.76,One year,Fiber optic,Yes,No,No,No,No,Yes,No,Electronic check,Yes,Yes,No,No,0
CUST-003538,13,67.43,1077.07,Two year,No,No,Yes,Yes,Yes,Yes,Yes,Yes,Electronic check,Yes,No,No,No,0
CUST-003539,23,104.6,2551.22,One year,Fiber optic,Yes,No,No,Yes,No,Yes,Yes,Electronic check,Yes,No,Yes,No,0
CUST-003540,67,63.84,4357.72,Month-to-month,No,No,No,Yes,Yes,Yes,Yes,No,Electronic check,No,No,No,No,0
CUST-003541,15,137.88,1982.92,One year,Fiber optic,Yes,Yes,Yes,No,Yes,Yes,Yes,Bank transfer,Yes,Yes,Yes,No,0
CUST-003542,35,107.44,3570.78,One year,Fiber optic,Yes,No,No,Yes,No,Yes,No,Electronic check,No,No,Yes,No,1
CUST-003543,24,105.55,2642.7,Month-to-month,Fiber optic,No,Yes,No,Yes,No,Yes,Yes,Bank transfer,No,No,Yes,Yes,1
CUST-003544,12,126.81,1848.0,Two year,Fiber optic,No,Yes,Yes,No,Yes,Yes,Yes,Electronic check,Yes,No,No,No,1
CUST-003545,54,82.43,4686.84,Month-to-month,Fiber optic,No,No,No,No,No,No,Yes,Electronic check,No,No,No,No,1
CUST-003546,15,73.52,951.18,One year,Fiber optic,No,No,No,No,No,Yes,Yes,Bank transfer,Yes,No,Yes,Yes,0
CUST-003547,54,103.59,5322.86,Month-to-month,DSL,No,Yes,Yes,Yes,Yes,Yes,No,Mailed check,No,No,Yes,Yes,0
CUST-003548,9,100.23,1075.99,Two year,Fiber optic,No,Yes,Yes,Yes,No,Yes,No,Bank transfer,Yes,No,No,No,0
CUST-003549,46,76.67,3846.02,Month-to-month,Fiber optic,No,No,No,Yes,No,No,No,Bank transfer,Yes,No,No,No,1
CUST-003550,41,110.5,4638.05,Two year,Fiber optic,No,No,Yes,Yes,No,Yes,No,Credit card,Yes,No,Yes,Yes,1
CUST-003551,56,90.36,5067.29,Month-to-month,Fiber optic,No,No,No,Yes,No,No,No,Credit card,No,No,Yes,Yes,0
CUST-003552,14,108.07,1561.51,One year,DSL,Yes,No,Yes,Yes,No,Yes,Yes,Electronic check,Yes,No,No,Yes,0
CUST-003553,50,116.61,5986.65,Month-to-month,Fiber optic,No,Yes,Yes,Yes,Yes,Yes,No,Mailed check,Yes,No,Yes,Yes,1
CUST-003554,45,85.46,3719.15,One year,DSL,Yes,No,Yes,Yes,No,Yes,Yes,Credit card,Yes,No,Yes,No,1
CUST-003555,57,98.62,5631.71,Month-to-month,Fiber optic,No,No,No,Yes,No,Yes,Yes,Credit card,Yes,No,No,No,1
CUST-003556,71,28.31,1898.05,Month-to-month,No,No,Yes,Yes,No,Yes,Yes,Yes,Bank transfer,Yes,Yes,No,No,0
CUST-003557,70,106.63,7489.05,Month-to-month,Fiber optic,Yes,No,No,Yes,Yes,Yes,No,Electronic check,No,Yes,No,Yes,1
CUST-003558,45,70.23,3121.77,Month-to-month,DSL,No,Yes,Yes,Yes,Yes,Yes,No,Mailed check,Yes,No,No,Yes,0
CUST-003559,48,70.31,3251.96,One year,DSL,No,No,No,Yes,No,Yes,No,Electronic check,No,No,No,No,0
CUST-003560,17,98.68,2010.62,One year,Fiber optic,No,No,Yes,No,No,No,No,Electronic check,No,No,Yes,No,1
CUST-003561,1,119.89,180.34,Month-to-month,Fiber optic,Yes,No,Yes,Yes,Yes,Yes,Yes,Electronic check,Yes,No,Yes,No,1
CUST-003562,11,90.85,813.53,Two year,Fiber optic,No,Yes,No,No,Yes,Yes,Yes,Credit card,No,No,No,Yes,1
CUST-003563,60,74.23,4741.08,Two year,DSL,No,No,Yes,Yes,No,Yes,Yes,Bank transfer,Yes,No,Yes,No,0
CUST-003564,20,108.93,2114.29,One year,Fiber optic,No,No,Yes,No,No,Yes,Yes,Electronic check,No,No,Yes,No,1
CUST-003565,0,114.97,63.67,Two year,Fiber optic,No,No,Yes,Yes,No,Yes,No,Electronic check,Yes,No,No,Yes,0
CUST-003566,35,45.9,1577.64,Month-to-month,DSL,No,Yes,No,Yes,No,Yes,Yes,Mailed check,Yes,No,No,No,0
CUST-003567,2,51.5,103.31,Two year,DSL,No,No,Yes,No,No,Yes,No,Electronic check,No,No,No,No,0
CUST-003568,15,79.93,1567.48,Month-to-month,Fiber optic,No,No,No,No,Yes,Yes,No,Bank transfer,Yes,No,No,No,1
CUST-003569,18,68.02,1014.89,Month-to-month,DSL,No,Yes,No,No,Yes,Yes,Yes,Bank transfer,No,No,Yes,No,1
CUST-003570,0,115.99,107.01,Month-to-month,Fiber optic,Yes,Yes,Yes,No,No,No,No,Electronic check,Yes,No,No,No,1
CUST-003571,4,150.0,598.13,One year,Fiber optic,Yes,Yes,Yes,Yes,Yes,Yes,Yes,Mailed check,No,No,Yes,No,1
CUST-003572,57,98.73,5819.01,One year,Fiber optic,No,Yes,No,Yes,No,Yes,Yes,Credit card,Yes,No,Yes,Yes,0
CUST-003573,44,70.8,3066.53,Two year,DSL,No,Yes,Yes,No,Yes,Yes,No,Bank transfer,Yes,No,Yes,Yes,0
CUST-003574,40,83.63,3574.28,One year,DSL,Yes,No,Yes,Yes,Yes,Yes,No,Mailed check,No,No,Yes,No,0
CUST-003575,48,32.52,1270.19,One year,No,No,Yes,No,No,Yes,Yes,No,Electronic check,Yes,No,No,Yes,0
CUST-003576,53,79.25,4385.77,Two year,DSL,Yes,Yes,No,No,Yes,Yes,Yes,Credit card,No,No,No,No,0
CUST-003577,71,87.87,6230.46,One year,Fiber optic,No,No,No,Yes,No,Yes,Yes,Bank transfer,Yes,Yes,No,No,0
CUST-003578,28,47.9,1481.17,Month-to-month,DSL,No,No,No,No,No,Yes,Yes,Credit card,Yes,No,No,No,1
CUST-003579,64,44.69,2942.62,One year,No,Yes,No,No,No,No,Yes,No,Electronic check,No,No,Yes,No,0
CUST-003580,16,124.1,1779.59,Two year,Fiber optic,Yes,No,No,Yes,Yes,Yes,Yes,Credit card,No,No,Yes,Yes,1
CUST-003581,35,116.41,3932.14,Month-to-month,Fiber optic,No,Yes,Yes,Yes,No,Yes,No,Credit card,No,No,Yes,Yes,0
CUST-003582,44,105.05,4257.34,Month-to-month,Fiber optic,Yes,No,No,Yes,No,Yes,Yes,Bank transfer,Yes,Yes,No,No,0
CUST-003583,44,34.89,1525.34,Month-to-month,No,No,Yes,No,No,Yes,Yes,No,Credit card,Yes,No,No,No,1
CUST-003584,30,85.04,2421.39,Month-to-month,Fiber optic,No,Yes,Yes,Yes,No,Yes,No,Electronic check,No,No,Yes,Yes,1
CUST-003585,36,57.72,2068.99,Month-to-month,No,Yes,No,Yes,No,Yes,Yes,Yes,Mailed check,Yes,No,No,Yes,0
CUST-003586,20,118.46,2371.38,Month-to-month,Fiber optic,Yes,Yes,No,Yes,Yes,Yes,Yes,Credit card,Yes,No,No,No,1
CUST-003587,57,117.85,6820.66,Month-to-month,Fiber optic,No,No,No,Yes,Yes,Yes,Yes,Electronic check,Yes,No,No,Yes,1
CUST-003588,62,113.11,6882.43,One year,Fiber optic,No,Yes,No,Yes,Yes,Yes,Yes,Bank transfer,No,No,Yes,No,1
CUST-003589,41,57.58,2303.48,Month-to-month,DSL,No,Yes,No,Yes,Yes,Yes,No,Electronic check,Yes,No,Yes,No,0
CUST-003590,70,91.94,6457.13,One year,DSL,Yes,No,Yes,Yes,No,Yes,No,Mailed check,No,No,No,No,0
CUST-003591,27,78.11,1945.77,One year,Fiber optic,No,No,No,No,Yes,Yes,No,Bank transfer,No,No,Yes,No,0
CUST-003592,57,84.61,4725.63,Month-to-month,DSL,Yes,Yes,No,Yes,Yes,Yes,Yes,Electronic check,No,No,Yes,No,1
CUST-003593,32,101.86,3214.14,One year,Fiber optic,No,Yes,No,No,No,Yes,No,Bank transfer,Yes,No,No,Yes,0
CUST-003594,65,106.64,6771.06,Month-to-month,Fiber optic,Yes,No,No,Yes,Yes,Yes,No,Credit card,Yes,No,Yes,No,1
CUST-003595,72,82.66,6099.57,Month-to-month,Fiber optic,No,No,No,No,No,Yes,No,Electronic check,Yes,No,No,No,1
CUST-003596,43,115.38,5047.22,One year,Fiber optic,Yes,No,Yes,No,Yes,Yes,Yes,Credit card,Yes,No,Yes,No,0
CUST-003597,65,117.78,7317.81,Month-to-month,Fiber optic,Yes,No,No,Yes,No,Yes,Yes,Credit card,Yes,No,No,No,1
CUST-003598,18,86.56,1466.5,Month-to-month,DSL,Yes,No,Yes,Yes,No,No,No,Credit card,Yes,No,Yes,Yes,1
CUST-003599,27,64.46,1609.74,Month-to-month,DSL,Yes,No,Yes,No,Yes,Yes,No,Electronic check,No,Yes,No,No,1
CUST-003600,61,114.14,6996.96,Two year,Fiber optic,Yes,No,Yes,Yes,Yes,Yes,No,Bank transfer,Yes,No,Yes,No,1
CUST-003601,48,46.11,2204.57,One year,No,Yes,No,Yes,No,No,Yes,Yes,Bank transfer,Yes,No,No,Yes,0
CUST-003602,53,103.8,5659.59,One year,Fiber optic,No,No,No,No,No,Yes,Yes,Bank transfer,Yes,No,Yes,No,0
CUST-003603,51,113.85,5890.36,One year,Fiber optic,No,Yes,No,Yes,No,Yes,No,Bank transfer,Yes,No,Yes,No,0
CUST-003604,10,76.42,614.35,One year,DSL,Yes,Yes,No,Yes,No,Yes,No,Bank transfer,No,Yes,Yes,No,1
CUST-003605,16,65.03,1115.26,One year,DSL,No,No,No,Yes,Yes,Yes,Yes,Credit card,No,No,Yes,No,0
CUST-003606,71,111.77,7844.23,One year,Fiber optic,No,Yes,Yes,Yes,Yes,Yes,Yes,Electronic check,No,No,Yes,Yes,0
CUST-003607,38,42.47,1327.12,Month-to-month,No,No,No,No,Yes,No,Yes,No,Bank transfer,No,No,Yes,No,1
CUST-003608,68,128.27,8757.54,Two year,Fiber optic,Yes,Yes,Yes,Yes,No,Yes,Yes,Credit card,Yes,No,Yes,Yes,0
CUST-003609,2,84.76,0.0,Month-to-month,Fiber optic,Yes,No,No,No,No,Yes,No,Electronic check,Yes,Yes,No,No,1
CUST-003610,27,45.07,868.99,One year,No,No,No,Yes,No,No,Yes,Yes,Credit card,Yes,No,Yes,Yes,0
CUST-003611,48,72.99,3604.94,Month-to-month,DSL,No,No,No,No,Yes,Yes,No,Bank transfer,No,No,Yes,Yes,1
CUST-003612,32,61.95,2226.02,Month-to-month,DSL,No,No,Yes,Yes,No,Yes,Yes,Electronic check,No,No,No,No,1
CUST-003613,61,103.0,6457.22,Month-to-month,Fiber optic,No,No,No,Yes,No,Yes,Yes,Bank transfer,No,No,No,No,1
CUST-003614,29,60.75,1829.34,One year,DSL,No,No,Yes,Yes,No,Yes,No,Electronic check,Yes,Yes,No,No,0
CUST-003615,56,105.52,5570.65,One year,Fiber optic,No,Yes,Yes,No,Yes,Yes,No,Bank transfer,No,Yes,No,Yes,0
CUST-003616,36,76.89,2992.03,Two year,DSL,No,No,No,No,Yes,Yes,Yes,Credit card,Yes,No,Yes,No,0
CUST-003617,63,51.6,3277.82,Month-to-month,No,No,No,No,Yes,No,Yes,Yes,Bank transfer,Yes,No,No,No,0
CUST-003618,19,74.24,1333.19,One year,DSL,Yes,No,No,Yes,Yes,Yes,Yes,Credit card,No,No,No,Yes,0
CUST-003619,53,70.94,3987.04,Month-to-month,DSL,Yes,No,No,No,No,Yes,No,Credit card,Yes,No,Yes,No,1
CUST-003620,11,91.96,819.22,Month-to-month,DSL,No,Yes,No,No,Yes,Yes,Yes,Electronic check,No,No,No,Yes,1
CUST-003621,26,105.84,2667.54,One year,Fiber optic,No,No,Yes,Yes,No,Yes,Yes,Bank transfer,Yes,No,Yes,No,0
CUST-003622,68,59.51,4177.44,Two year,No,Yes,Yes,No,Yes,No,Yes,No,Credit card,No,Yes,Yes,No,0
CUST-003623,7,86.73,570.52,Month-to-month,DSL,No,Yes,No,Yes,Yes,Yes,Yes,Credit card,No,No,Yes,No,1
CUST-003624,48,77.88,3560.66,Month-to-month,DSL,No,No,No,Yes,Yes,Yes,Yes,Mailed check,No,Yes,No,No,1
CUST-003625,15,94.13,1239.34,Month-to-month,Fiber optic,No,No,No,Yes,No,Yes,Yes,Credit card,No,No,No,No,1
CUST-003626,71,94.67,6709.67,Month-to-month,Fiber optic,Yes,Yes,No,Yes,No,No,Yes,Electronic check,Yes,No,Yes,No,0
CUST-003627,29,121.68,3524.57,Month-to-month,Fiber optic,Yes,No,Yes,Yes,Yes,Yes,No,Electronic check,No,No,Yes,Yes,1
CUST-003628,50,98.22,4792.7,Month-to-month,Fiber optic,No,Yes,Yes,No,No,Yes,Yes,Credit card,Yes,No,Yes,No,1
CUST-003629,66,74.14,4947.0,Two year,DSL,No,No,No,Yes,Yes,Yes,No,Credit card,No,No,No,Yes,0
CUST-003630,23,72.64,1542.82,Month-to-month,DSL,No,Yes,No,No,Yes,Yes,No,Electronic check,No,No,Yes,Yes,0
CUST-003631,46,74.72,3472.89,Month-to-month,Fiber optic,No,No,No,No,No,Yes,No,Credit card,Yes,No,Yes,No,1
CUST-003632,58,95.17,5885.54,Month-to-month,Fiber optic,No,No,Yes,Yes,No,Yes,Yes,Bank transfer,No,No,No,No,0
CUST-003633,49,89.68,4448.94,Two year,Fiber optic,No,No,Yes,No,Yes,Yes,Yes,Electronic check,Yes,No,No,Yes,0
CUST-003634,17,90.27,1387.39,Month-to-month,DSL,No,Yes,No,Yes,Yes,Yes,Yes,Electronic check,Yes,No,Yes,No,0
CUST-003635,33,83.85,2649.97,Two year,DSL,Yes,No,No,Yes,Yes,Yes,Yes,Bank transfer,Yes,No,No,No,0
CUST-003636,72,78.07,5291.18,Month-to-month,DSL,No,No,No,No,Yes,Yes,No,Electronic check,Yes,No,No,No,0
CUST-003637,5,43.83,105.86,Month-to-month,No,Yes,No,No,No,No,Yes,Yes,Electronic check,Yes,No,Yes,No,0
CUST-003638,28,104.24,2978.81,One year,DSL,Yes,Yes,Yes,Yes,Yes,Yes,Yes,Credit card,No,No,No,No,0
CUST-003639,21,98.95,1822.52,Month-to-month,Fiber optic,No,No,No,Yes,Yes,Yes,Yes,Electronic check,Yes,No,Yes,No,1
CUST-003640,30,111.81,3090.03,Month-to-month,Fiber optic,No,No,Yes,Yes,No,Yes,Yes,Credit card,No,No,Yes,No,0
CUST-003641,8,34.48,823.72,Month-to-month,No,Yes,No,No,Yes,Yes,No,No,Credit card,No,No,Yes,No,1
CUST-003642,50,81.17,4138.15,Month-to-month,DSL,No,Yes,No,Yes,Yes,Yes,No,Credit card,Yes,No,No,Yes,0
CUST-003643,7,88.2,657.91,Month-to-month,Fiber optic,No,Yes,No,Yes,No,No,No,Bank transfer,No,No,No,Yes,1
CUST-003644,22,70.11,1494.93,Month-to-month,DSL,No,No,No,Yes,Yes,Yes,No,Electronic check,Yes,No,No,No,1
CUST-003645,35,89.99,3052.95,Month-to-month,Fiber optic,Yes,Yes,No,No,Yes,Yes,No,Electronic check,Yes,No,No,No,0
CUST-003646,32,53.19,1796.42,Month-to-month,DSL,No,No,No,No,No,Yes,No,Electronic check,Yes,No,Yes,No,0
CUST-003647,11,101.92,1267.11,Month-to-month,Fiber optic,No,No,Yes,No,No,No,Yes,Electronic check,Yes,No,No,No,1
CUST-003648,25,84.28,1908.06,One year,DSL,No,No,No,Yes,Yes,Yes,No,Mailed check,No,No,No,Yes,0
CUST-003649,49,107.46,5615.02,Two year,Fiber optic,Yes,Yes,No,Yes,Yes,Yes,No,Credit card,Yes,No,Yes,No,0
CUST-003650,1,109.29,65.77,Month-to-month,Fiber optic,No,Yes,Yes,No,No,Yes,Yes,Credit card,Yes,No,No,No,1
CUST-003651,62,67.31,4160.27,Month-to-month,DSL,No,Yes,Yes,No,No,Yes,No,Electronic check,No,No,No,No,0
CUST-003652,42,96.41,3915.17,Month-to-month,DSL,Yes,No,Yes,Yes,Yes,Yes,Yes,Electronic check,Yes,No,Yes,No,1
CUST-003653,55,126.48,6992.65,Two year,Fiber optic,Yes,Yes,No,Yes,Yes,Yes,No,Electronic check,Yes,No,No,No,0
CUST-003654,42,107.89,4452.18,Month-to-month,Fiber optic,No,No,Yes,No,Yes,Yes,Yes,Mailed check,Yes,No,No,No,1
CUST-003655,72,102.09,7335.07,Month-to-month,Fiber optic,No,Yes,No,No,Yes,Yes,No,Electronic check,No,No,Yes,No,1
CUST-003656,25,119.77,2967.87,Month-to-month,Fiber optic,Yes,Yes,Yes,Yes,Yes,Yes,Yes,Mailed check,No,No,No,No,0
CUST-003657,1,110.25,267.57,Two year,Fiber optic,No,Yes,Yes,Yes,No,Yes,No,Electronic check,Yes,No,Yes,No,0
CUST-003658,27,79.2,2105.37,One year,DSL,Yes,No,No,Yes,Yes,Yes,Yes,Credit card,No,No,No,No,0
CUST-003659,56,93.44,5379.59,Month-to-month,DSL,Yes,No,Yes,No,Yes,Yes,No,Electronic check,No,No,Yes,No,1
CUST-003660,2,71.14,115.99,Month-to-month,Fiber optic,No,No,No,No,No,Yes,No,Bank transfer,Yes,No,No,No,1
CUST-003661,42,63.43,2863.17,Two year,DSL,Yes,Yes,No,No,No,Yes,No,Electronic check,Yes,No,Yes,No,0
CUST-003662,22,53.46,806.21,Two year,DSL,No,No,No,No,Yes,Yes,Yes,Bank transfer,Yes,No,Yes,No,0
CUST-003663,54,70.05,3466.03,One year,DSL,No,Yes,No,No,Yes,Yes,Yes,Electronic check,Yes,No,No,Yes,1
CUST-003664,53,88.55,4835.28,One year,Fiber optic,Yes,No,Yes,No,Yes,Yes,No,Bank transfer,Yes,No,No,No,0
CUST-003665,8,57.34,468.35,Two year,No,Yes,Yes,No,No,No,Yes,Yes,Credit card,Yes,No,Yes,Yes,0
CUST-003666,35,102.83,3691.66,Two year,Fiber optic,No,No,No,Yes,Yes,No,Yes,Electronic check,Yes,No,Yes,No,1
CUST-003667,36,74.54,2620.06,Month-to-month,DSL,No,No,Yes,No,Yes,Yes,No,Electronic check,No,Yes,Yes,No,0
CUST-003668,13,108.54,1301.54,Two year,Fiber optic,No,Yes,Yes,No,No,Yes,Yes,Electronic check,No,No,No,No,0
CUST-003669,3,106.23,757.31,One year,Fiber optic,No,No,No,Yes,Yes,Yes,No,Electronic check,No,Yes,No,No,0
CUST-003670,9,82.34,446.07,One year,DSL,Yes,Yes,Yes,No,Yes,Yes,Yes,Bank transfer,Yes,Yes,Yes,No,0
CUST-003671,14,82.95,1449.06,Month-to-month,DSL,Yes,Yes,No,Yes,No,Yes,Yes,Credit card,No,No,No,Yes,1
CUST-003672,35,118.06,4010.18,Two year,Fiber optic,No,Yes,Yes,Yes,Yes,Yes,No,Credit card,Yes,No,No,No,0
CUST-003673,32,78.31,2399.92,One year,DSL,Yes,No,No,Yes,No,No,No,Electronic check,Yes,No,Yes,No,1
CUST-003674,34,74.05,2585.85,Month-to-month,No,No,Yes,Yes,Yes,No,Yes,Yes,Credit card,Yes,No,No,Yes,0
CUST-003675,64,79.67,5338.0,Two year,DSL,No,Yes,Yes,No,Yes,Yes,Yes,Mailed check,Yes,No,Yes,Yes,0
CUST-003676,33,48.87,1607.91,Month-to-month,No,No,Yes,No,No,Yes,Yes,No,Mailed check,Yes,Yes,Yes,No,0
CUST-003677,13,64.06,624.57,Month-to-month,DSL,No,Yes,No,No,Yes,Yes,Yes,Electronic check,Yes,No,No,Yes,1
CUST-003678,43,83.73,3800.41,One year,DSL,No,No,No,No,Yes,Yes,No,Bank transfer,No,No,Yes,No,0
CUST-003679,71,60.25,4432.09,Month-to-month,DSL,No,No,Yes,No,No,Yes,Yes,Mailed check,No,No,Yes,No,0
CUST-003680,25,76.77,1582.15,Month-to-month,DSL,No,Yes,No,Yes,Yes,Yes,Yes,Bank transfer,No,No,No,No,1
CUST-003681,4,91.15,219.72,Month-to-month,DSL,Yes,No,No,Yes,Yes,Yes,Yes,Electronic check,No,No,Yes,Yes,1
CUST-003682,28,95.04,2618.59,One year,Fiber optic,No,No,No,No,Yes,Yes,No,Bank transfer,Yes,Yes,Yes,No,0
CUST-003683,46,33.09,1600.56,One year,No,No,No,Yes,No,No,Yes,No,Electronic check,No,No,Yes,No,0
CUST-003684,24,123.58,2797.21,One year,Fiber optic,No,Yes,Yes,Yes,Yes,Yes,No,Bank transfer,Yes,No,Yes,No,0
CUST-003685,38,124.49,4559.68,Two year,Fiber optic,Yes,No,Yes,No,Yes,Yes,Yes,Credit card,No,No,No,Yes,1
CUST-003686,45,69.19,3164.01,One year,DSL,No,No,Yes,Yes,No,Yes,No,Bank transfer,Yes,No,Yes,No,1
CUST-003687,3,106.93,279.06,One year,Fiber optic,No,No,No,No,Yes,Yes,Yes,Mailed check,Yes,Yes,Yes,No,0
CUST-003688,2,73.02,0.0,Month-to-month,Fiber optic,No,No,No,No,No,Yes,No,Electronic check,Yes,No,No,No,1
CUST-003689,50,61.67,3139.93,Two year,No,Yes,Yes,No,No,Yes,Yes,Yes,Bank transfer,No,No,No,No,0
CUST-003690,51,128.0,6740.77,Month-to-month,Fiber optic,Yes,Yes,No,No,Yes,Yes,Yes,Mailed check,Yes,No,No,Yes,1
CUST-003691,22,86.14,1983.07,One year,DSL,Yes,No,Yes,No,Yes,Yes,No,Electronic check,Yes,No,No,Yes,0
CUST-003692,58,45.19,2377.12,Month-to-month,No,No,No,Yes,Yes,No,Yes,Yes,Bank transfer,Yes,No,No,Yes,0
CUST-003693,51,121.48,6307.67,One year,Fiber optic,No,Yes,No,No,No,Yes,Yes,Bank transfer,Yes,No,Yes,No,0
CUST-003694,26,96.6,2699.29,Two year,Fiber optic,No,Yes,Yes,Yes,Yes,No,Yes,Credit card,No,Yes,Yes,No,1
CUST-003695,9,91.89,857.97,Two year,Fiber optic,No,Yes,Yes,Yes,No,Yes,Yes,Credit card,Yes,No,No,No,0
CUST-003696,2,104.23,215.14,Month-to-month,Fiber optic,No,Yes,No,Yes,No,Yes,No,Bank transfer,Yes,No,No,No,1
CUST-003697,18,69.8,1210.64,One year,No,Yes,No,Yes,Yes,No,Yes,Yes,Mailed check,Yes,No,Yes,No,0
CUST-003698,51,58.48,2908.74,Month-to-month,No,Yes,No,No,No,Yes,Yes,Yes,Credit card,No,No,Yes,No,1
CUST-003699,46,91.54,4140.14,Two year,Fiber optic,No,No,Yes,No,No,Yes,Yes,Electronic check,Yes,No,No,No,1
CUST-003700,46,115.77,5514.54,Two year,Fiber optic,Yes,Yes,No,No,Yes,Yes,No,Bank transfer,Yes,No,No,No,1
CUST-003701,22,60.19,1349.69,Two year,DSL,Yes,Yes,No,No,No,Yes,No,Bank transfer,Yes,No,Yes,Yes,0
CUST-003702,55,69.49,3907.38,One year,DSL,No,No,No,No,Yes,Yes,Yes,Mailed check,Yes,No,No,No,0
CUST-003703,6,92.02,688.83,Month-to-month,Fiber optic,Yes,Yes,Yes,No,No,Yes,No,Electronic check,Yes,No,No,No,0
CUST-003704,10,101.45,979.52,Month-to-month,Fiber optic,No,No,Yes,No,Yes,Yes,No,Electronic check,Yes,Yes,No,No,1
CUST-003705,35,122.68,4320.16,Month-to-month,Fiber optic,No,No,Yes,Yes,Yes,Yes,Yes,Bank transfer,Yes,No,No,Yes,1
CUST-003706,41,77.48,3248.86,Month-to-month,DSL,Yes,No,No,No,No,Yes,Yes,Bank transfer,Yes,Yes,No,No,0
CUST-003707,48,129.0,5961.69,Month-to-month,Fiber optic,Yes,Yes,Yes,Yes,No,Yes,Yes,Bank transfer,No,No,Yes,No,0
CUST-003708,28,70.75,1831.3,Month-to-month,DSL,No,Yes,No,No,Yes,Yes,Yes,Credit card,No,No,No,No,0
CUST-003709,9,62.28,413.07,One year,No,No,No,No,Yes,Yes,Yes,No,Bank transfer,Yes,No,No,Yes,0
CUST-003710,4,65.17,67.32,One year,No,Yes,No,Yes,Yes,No,Yes,Yes,Bank transfer,Yes,No,Yes,No,0
CUST-003711,64,64.44,3913.07,One year,DSL,Yes,No,No,No,Yes,Yes,No,Mailed check,No,No,Yes,No,0
CUST-003712,46,101.1,4979.12,One year,Fiber optic,Yes,No,Yes,No,Yes,Yes,Yes,Electronic check,No,Yes,Yes,Yes,0
CUST-003713,17,50.04,798.63,One year,No,No,Yes,Yes,Yes,No,Yes,Yes,Electronic check,Yes,No,No,No,0
CUST-003714,36,81.87,3199.39,One year,DSL,No,No,No,Yes,No,Yes,Yes,Electronic check,No,No,No,No,0
CUST-003715,69,74.87,4578.08,Month-to-month,DSL,Yes,No,No,No,Yes,Yes,No,Mailed check,No,Yes,Yes,No,0
CUST-003716,58,80.42,4301.5,One year,Fiber optic,No,No,No,No,Yes,No,Yes,Electronic check,Yes,No,Yes,No,0
CUST-003717,45,92.7,4416.62,Two year,DSL,No,Yes,Yes,No,Yes,Yes,Yes,Bank transfer,Yes,No,Yes,No,0
CUST-003718,25,93.67,2220.91,Two year,Fiber optic,Yes,Yes,Yes,No,No,Yes,No,Bank transfer,Yes,No,No,No,0
CUST-003719,11,75.68,1101.86,Month-to-month,DSL,No,Yes,Yes,No,No,Yes,Yes,Bank transfer,Yes,No,Yes,No,1
CUST-003720,29,79.66,2185.35,One year,DSL,No,Yes,Yes,Yes,Yes,Yes,No,Electronic check,Yes,No,Yes,Yes,0
CUST-003721,20,80.82,1392.81,Month-to-month,DSL,Yes,No,Yes,Yes,Yes,Yes,No,Electronic check,No,No,Yes,No,0
CUST-003722,18,105.13,1580.79,Month-to-month,Fiber optic,Yes,Yes,No,No,Yes,Yes,Yes,Credit card,Yes,No,Yes,No,1
CUST-003723,47,77.73,3659.92,One year,DSL,Yes,No,Yes,No,Yes,Yes,Yes,Mailed check,Yes,No,No,No,0
CUST-003724,35,101.85,3374.92,Two year,Fiber optic,Yes,No,Yes,Yes,No,Yes,No,Mailed check,No,No,No,No,0
CUST-003725,36,48.56,1940.45,Two year,No,No,No,Yes,No,No,Yes,Yes,Mailed check,No,Yes,No,No,0
CUST-003726,34,98.7,3461.68,Month-to-month,Fiber optic,No,No,No,No,Yes,Yes,No,Electronic check,Yes,Yes,Yes,Yes,1
CUST-003727,1,111.1,73.32,Two year,Fiber optic,Yes,No,No,Yes,Yes,Yes,No,Mailed check,Yes,No,No,No,0
CUST-003728,5,109.35,577.52,Two year,Fiber optic,Yes,No,No,Yes,No,Yes,No,Credit card,No,No,No,Yes,0
CUST-003729,24,105.21,2454.22,One year,Fiber optic,No,No,No,No,Yes,Yes,Yes,Bank transfer,Yes,No,Yes,Yes,1
CUST-003730,69,82.34,5538.24,Month-to-month,DSL,Yes,No,No,Yes,Yes,Yes,Yes,Bank transfer,Yes,No,No,No,1
CUST-003731,62,52.94,3396.0,One year,No,No,Yes,Yes,Yes,No,Yes,Yes,Bank transfer,Yes,No,Yes,Yes,0
CUST-003732,60,62.97,3990.92,One year,DSL,No,No,Yes,Yes,No,No,No,Electronic check,Yes,No,No,Yes,0
CUST-003733,69,32.95,2323.69,One year,No,No,Yes,No,Yes,No,Yes,Yes,Bank transfer,No,No,No,No,0
CUST-003734,62,96.4,5955.61,Month-to-month,DSL,Yes,No,No,Yes,Yes,Yes,Yes,Electronic check,Yes,Yes,Yes,No,0
CUST-003735,60,86.1,5153.18,Month-to-month,Fiber optic,No,No,No,Yes,No,Yes,No,Credit card,Yes,No,Yes,No,1
CUST-003736,35,48.8,1828.64,Two year,No,No,Yes,No,No,No,Yes,No,Mailed check,No,No,No,Yes,0
CUST-003737,11,61.81,609.46,Month-to-month,DSL,No,Yes,No,No,Yes,Yes,Yes,Mailed check,Yes,No,Yes,Yes,0
CUST-003738,27,61.54,1914.02,Month-to-month,No,Yes,Yes,Yes,Yes,Yes,Yes,No,Electronic check,No,Yes,No,No,0
CUST-003739,19,120.9,2586.02,Month-to-month,Fiber optic,Yes,No,Yes,Yes,Yes,Yes,No,Bank transfer,No,No,No,No,1
CUST-003740,52,106.23,5659.57,One year,Fiber optic,No,Yes,No,Yes,No,Yes,Yes,Credit card,No,No,Yes,No,1
CUST-003741,38,68.34,2593.2,Two year,DSL,No,No,No,Yes,Yes,Yes,No,Electronic check,No,No,Yes,No,0
CUST-003742,72,95.18,6729.13,Month-to-month,Fiber optic,Yes,No,Yes,Yes,No,No,No,Bank transfer,Yes,No,Yes,No,1
CUST-003743,19,34.23,623.05,Month-to-month,No,Yes,No,No,No,No,Yes,No,Bank transfer,No,Yes,No,No,0
CUST-003744,55,106.94,5970.46,Month-to-month,Fiber optic,No,Yes,Yes,Yes,No,Yes,No,Electronic check,No,No,Yes,Yes,0
CUST-003745,13,117.9,1601.29,Month-to-month,Fiber optic,No,Yes,Yes,Yes,Yes,Yes,No,Mailed check,No,No,No,No,1
CUST-003746,6,111.75,541.11,Month-to-month,Fiber optic,No,No,No,Yes,No,Yes,No,Credit card,Yes,Yes,No,No,1
CUST-003747,49,57.37,3008.99,Two year,DSL,No,No,Yes,No,Yes,No,Yes,Credit card,No,Yes,No,No,0
CUST-003748,58,54.36,3234.85,Month-to-month,No,No,Yes,No,No,Yes,Yes,No,Mailed check,No,No,No,No,1
CUST-003749,59,66.07,3924.46,One year,DSL,No,Yes,No,No,Yes,Yes,No,Mailed check,Yes,No,Yes,Yes,0
CUST-003750,33,56.47,1858.59,Two year,No,No,No,Yes,Yes,Yes,Yes,Yes,Credit card,Yes,No,Yes,No,1
CUST-003751,35,74.58,2434.02,Month-to-month,DSL,Yes,No,No,No,Yes,Yes,Yes,Electronic check,No,No,No,Yes,0
CUST-003752,0,67.58,455.42,Month-to-month,DSL,Yes,No,No,No,No,Yes,Yes,Credit card,Yes,No,No,No,1
CUST-003753,7,125.3,910.91,Two year,Fiber optic,Yes,No,Yes,Yes,No,Yes,No,Electronic check,Yes,No,No,No,1
CUST-003754,18,99.17,1894.02,Two year,Fiber optic,No,No,No,Yes,No,Yes,No,Credit card,Yes,No,No,No,0
CUST-003755,70,39.56,2669.17,Month-to-month,No,Yes,No,No,No,Yes,No,Yes,Electronic check,No,No,No,Yes,1
CUST-003756,66,100.05,6472.97,Month-to-month,DSL,Yes,No,Yes,Yes,Yes,Yes,Yes,Bank transfer,Yes,No,No,Yes,1
CUST-003757,67,69.7,4979.98,Two year,Fiber optic,No,No,No,No,Yes,Yes,Yes,Bank transfer,Yes,No,No,Yes,0
CUST-003758,35,87.89,3044.66,Month-to-month,Fiber optic,No,No,Yes,No,Yes,Yes,Yes,Bank transfer,No,No,No,Yes,1
CUST-003759,41,101.76,4103.86,Month-to-month,DSL,No,Yes,Yes,No,Yes,Yes,Yes,Credit card,Yes,Yes,No,No,1
CUST-003760,54,68.85,3805.65,One year,DSL,Yes,Yes,Yes,Yes,No,No,Yes,Bank transfer,No,No,Yes,No,0
CUST-003761,43,93.24,3927.28,Month-to-month,DSL,Yes,Yes,Yes,Yes,Yes,Yes,No,Credit card,No,No,No,No,0
CUST-003762,32,99.8,3161.32,Two year,Fiber optic,No,No,Yes,No,Yes,Yes,No,Mailed check,No,No,No,No,1
CUST-003763,29,68.78,2348.43,One year,DSL,No,No,No,No,Yes,Yes,Yes,Bank transfer,No,No,Yes,Yes,1
CUST-003764,0,99.52,117.09,Two year,DSL,Yes,No,Yes,Yes,No,Yes,Yes,Credit card,Yes,No,Yes,No,1
CUST-003765,19,104.02,2047.82,One year,Fiber optic,Yes,No,No,No,Yes,No,No,Credit card,No,Yes,No,No,0
CUST-003766,44,36.54,1579.87,Month-to-month,No,No,No,No,No,Yes,Yes,Yes,Electronic check,Yes,No,Yes,No,1
CUST-003767,12,145.13,2051.59,Month-to-month,Fiber optic,Yes,No,Yes,Yes,No,Yes,Yes,Electronic check,Yes,No,Yes,Yes,1
CUST-003768,20,114.69,2534.65,One year,Fiber optic,No,Yes,Yes,Yes,Yes,Yes,Yes,Credit card,Yes,No,Yes,No,0
CUST-003769,57,106.88,6167.56,Month-to-month,Fiber optic,No,No,No,Yes,Yes,Yes,Yes,Electronic check,Yes,No,No,No,1
CUST-003770,10,47.09,328.23,Month-to-month,No,No,No,Yes,Yes,No,No,Yes,Electronic check,Yes,No,Yes,No,0
CUST-003771,47,104.16,5064.44,Month-to-month,DSL,Yes,Yes,No,Yes,Yes,Yes,Yes,Electronic check,No,No,No,No,1
CUST-003772,50,119.86,6047.77,One year,Fiber optic,Yes,Yes,No,Yes,No,Yes,Yes,Mailed check,No,No,No,No,0
CUST-003773,50,87.3,4398.85,Two year,DSL,No,Yes,No,Yes,Yes,Yes,Yes,Electronic check,Yes,No,No,No,0
CUST-003774,44,42.35,1836.09,Two year,No,Yes,Yes,No,Yes,No,Yes,No,Electronic check,Yes,Yes,Yes,No,0
CUST-003775,63,59.96,3589.46,One year,DSL,No,Yes,Yes,No,Yes,No,No,Credit card,Yes,No,No,Yes,0
CUST-003776,18,114.54,2050.56,Month-to-month,Fiber optic,No,No,Yes,No,No,Yes,No,Electronic check,No,No,Yes,Yes,1
CUST-003777,40,63.08,2157.9,Two year,DSL,No,Yes,No,No,No,Yes,No,Bank transfer,No,No,Yes,No,1
CUST-003778,3,73.61,420.92,Month-to-month,DSL,Yes,No,No,No,Yes,Yes,Yes,Electronic check,No,No,Yes,Yes,0
CUST-003779,24,113.01,2745.47,Month-to-month,Fiber optic,Yes,Yes,Yes,No,Yes,Yes,No,Mailed check,Yes,No,Yes,No,1
CUST-003780,59,114.32,6636.53,Month-to-month,Fiber optic,No,Yes,Yes,Yes,Yes,Yes,No,Electronic check,Yes,No,No,No,1
CUST-003781,63,55.73,3516.88,Month-to-month,DSL,No,No,No,Yes,Yes,No,No,Bank transfer,No,No,Yes,No,0
CUST-003782,50,83.8,4128.15,Month-to-month,DSL,No,Yes,No,Yes,Yes,Yes,No,Electronic check,No,No,No,No,0
CUST-003783,70,71.84,4929.03,Month-to-month,DSL,No,Yes,No,No,Yes,No,Yes,Bank transfer,No,No,No,Yes,0
CUST-003784,9,49.33,499.81,One year,No,Yes,Yes,No,No,Yes,Yes,No,Bank transfer,Yes,No,Yes,No,0
CUST-003785,13,107.32,1520.68,Month-to-month,Fiber optic,No,Yes,Yes,No,Yes,Yes,Yes,Credit card,No,No,No,Yes,1
CUST-003786,57,113.02,6597.68,Month-to-month,Fiber optic,Yes,Yes,No,No,Yes,Yes,No,Credit card,Yes,No,Yes,No,1
CUST-003787,49,76.31,3603.44,Month-to-month,DSL,No,No,Yes,Yes,Yes,Yes,No,Electronic check,Yes,No,No,No,0
CUST-003788,28,74.74,2234.3,Month-to-month,DSL,No,Yes,Yes,No,Yes,Yes,Yes,Bank transfer,No,No,Yes,Yes,0
CUST-003789,32,62.39,1891.61,Two year,DSL,No,No,No,No,Yes,No,No,Bank transfer,Yes,No,No,Yes,0
CUST-003790,57,110.76,6627.65,Month-to-month,DSL,Yes,No,Yes,Yes,Yes,Yes,Yes,Electronic check,Yes,No,No,No,1
CUST-003791,55,79.45,4394.76,Two year,DSL,No,Yes,No,Yes,No,Yes,Yes,Electronic check,Yes,No,Yes,No,0
CUST-003792,62,66.98,4254.15,Month-to-month,No,Yes,Yes,No,Yes,Yes,No,Yes,Electronic check,Yes,No,No,Yes,1
CUST-003793,4,85.43,362.27,One year,Fiber optic,No,No,Yes,No,No,Yes,Yes,Mailed check,Yes,No,Yes,No,0
CUST-003794,11,108.19,1073.96,Month-to-month,Fiber optic,Yes,Yes,No,No,No,Yes,No,Electronic check,Yes,No,No,No,0
CUST-003795,24,115.19,2633.43,Month-to-month,Fiber optic,No,No,Yes,Yes,No,Yes,Yes,Electronic check,Yes,No,Yes,No,1
CUST-003796,35,58.11,1944.73,Month-to-month,No,Yes,No,Yes,No,No,Yes,Yes,Credit card,No,No,No,No,1
CUST-003797,9,92.79,1017.14,Month-to-month,Fiber optic,No,No,Yes,No,No,Yes,Yes,Credit card,Yes,No,No,No,1
CUST-003798,56,123.77,6841.95,Two year,Fiber optic,Yes,No,Yes,No,Yes,Yes,No,Electronic check,Yes,No,Yes,No,1
CUST-003799,32,72.13,2363.36,One year,DSL,No,Yes,No,No,No,Yes,No,Mailed check,No,No,Yes,No,0
CUST-003800,69,68.18,4568.41,Month-to-month,No,No,No,No,Yes,Yes,Yes,Yes,Electronic check,Yes,No,No,No,0
CUST-003801,67,103.09,6781.68,Month-to-month,DSL,Yes,Yes,No,Yes,Yes,Yes,No,Mailed check,No,No,Yes,No,1
CUST-003802,48,81.91,3962.76,One year,DSL,Yes,Yes,No,No,Yes,Yes,No,Credit card,Yes,Yes,No,No,1
CUST-003803,61,118.08,7150.58,One year,Fiber optic,Yes,No,No,No,No,Yes,Yes,Electronic check,Yes,Yes,Yes,No,0
CUST-003804,47,62.81,3076.3,One year,No,Yes,No,No,No,No,Yes,Yes,Electronic check,Yes,No,Yes,No,0
CUST-003805,7,58.57,293.58,Two year,No,Yes,Yes,No,Yes,No,Yes,Yes,Bank transfer,No,No,No,No,1
CUST-003806,69,99.19,6700.5,Month-to-month,Fiber optic,Yes,No,No,No,Yes,Yes,Yes,Credit card,No,No,Yes,No,0
CUST-003807,49,67.73,3094.22,Two year,DSL,No,Yes,Yes,No,No,Yes,No,Electronic check,Yes,No,No,No,0
CUST-003808,9,47.26,546.67,One year,No,No,No,No,Yes,Yes,Yes,No,Credit card,No,Yes,No,No,1
CUST-003809,42,95.47,4014.43,Two year,Fiber optic,No,No,Yes,No,Yes,No,No,Electronic check,Yes,No,No,Yes,0
CUST-003810,44,112.45,4621.74,Month-to-month,Fiber optic,Yes,Yes,Yes,Yes,No,Yes,Yes,Credit card,No,No,No,Yes,0
CUST-003811,28,58.61,1717.62,Month-to-month,No,No,Yes,Yes,No,Yes,No,Yes,Bank transfer,No,No,No,Yes,1
CUST-003812,51,103.27,5319.86,Two year,Fiber optic,No,No,No,Yes,Yes,Yes,Yes,Bank transfer,Yes,No,No,Yes,0
CUST-003813,59,75.78,4261.21,One year,Fiber optic,Yes,No,No,No,No,Yes,No,Bank transfer,Yes,No,No,No,0
CUST-003814,28,87.37,2471.84,Month-to-month,DSL,Yes,No,Yes,Yes,Yes,Yes,Yes,Electronic check,Yes,Yes,Yes,No,0
CUST-003815,35,18.0,474.0,Month-to-month,No,Yes,No,Yes,No,No,Yes,No,Credit card,No,No,Yes,No,1
CUST-003816,42,74.78,3283.94,One year,DSL,No,No,Yes,Yes,Yes,Yes,No,Credit card,No,No,No,No,0
CUST-003817,45,105.57,4638.81,One year,Fiber optic,No,No,Yes,No,Yes,Yes,No,Bank transfer,No,No,No,No,0
CUST-003818,32,86.88,2955.17,One year,DSL,Yes,No,No,Yes,Yes,Yes,Yes,Bank transfer,Yes,No,Yes,Yes,0
CUST-003819,40,100.36,3986.89,Two year,Fiber optic,Yes,No,No,Yes,No,No,Yes,Mailed check,Yes,No,Yes,Yes,0
CUST-003820,5,97.01,325.25,Two year,Fiber optic,No,No,No,Yes,Yes,Yes,No,Electronic check,No,Yes,Yes,No,0
CUST-003821,31,106.13,3227.87,One year,Fiber optic,No,Yes,Yes,No,No,Yes,No,Credit card,Yes,No,Yes,Yes,0
CUST-003822,28,94.62,2597.4,Two year,Fiber optic,Yes,No,No,No,Yes,Yes,No,Credit card,No,No,Yes,No,0
CUST-003823,19,109.87,2325.43,One year,Fiber optic,Yes,Yes,No,Yes,Yes,Yes,No,Bank transfer,Yes,No,Yes,No,0
CUST-003824,0,61.37,328.82,One year,DSL,No,No,Yes,No,No,Yes,Yes,Mailed check,Yes,No,No,No,1
CUST-003825,56,66.21,3512.61,Month-to-month,DSL,No,No,Yes,No,No,Yes,No,Bank transfer,Yes,No,No,No,0
CUST-003826,52,85.3,4324.39,One year,DSL,Yes,No,No,Yes,Yes,Yes,No,Electronic check,Yes,No,No,No,0
CUST-003827,55,52.78,2810.2,One year,No,Yes,Yes,No,No,Yes,Yes,No,Credit card,No,No,No,No,0
CUST-003828,65,117.72,7554.18,Month-to-month,Fiber optic,No,No,Yes,Yes,No,Yes,Yes,Electronic check,Yes,No,Yes,No,0
CUST-003829,66,96.3,6513.53,One year,Fiber optic,Yes,No,No,No,Yes,Yes,No,Electronic check,Yes,No,No,Yes,0
CUST-003830,13,89.31,1078.88,One year,DSL,No,No,No,Yes,No,Yes,Yes,Credit card,No,Yes,No,No,1
CUST-003831,52,101.14,5465.11,Two year,Fiber optic,Yes,No,Yes,No,Yes,No,Yes,Mailed check,Yes,No,No,No,0
CUST-003832,64,75.26,4889.49,One year,DSL,No,No,No,Yes,Yes,Yes,Yes,Electronic check,Yes,No,No,No,1
CUST-003833,43,109.97,4668.88,Two year,Fiber optic,Yes,No,Yes,No,Yes,Yes,Yes,Electronic check,Yes,No,Yes,No,0
CUST-003834,18,79.23,1511.19,Month-to-month,DSL,Yes,Yes,Yes,No,No,Yes,No,Mailed check,Yes,Yes,No,No,0
CUST-003835,27,59.1,1562.29,Two year,No,No,No,No,Yes,Yes,Yes,Yes,Credit card,Yes,Yes,No,Yes,0
CUST-003836,1,83.01,59.48,Month-to-month,DSL,No,No,No,Yes,Yes,Yes,No,Bank transfer,Yes,Yes,No,Yes,1
CUST-003837,60,64.98,3904.68,Month-to-month,No,Yes,No,Yes,No,Yes,Yes,No,Electronic check,Yes,Yes,Yes,Yes,1
CUST-003838,23,77.12,2030.33,Month-to-month,DSL,No,Yes,No,No,No,Yes,Yes,Electronic check,No,No,No,No,0
CUST-003839,4,101.17,506.85,Month-to-month,Fiber optic,Yes,No,No,No,No,No,No,Electronic check,Yes,No,No,No,1
CUST-003840,32,127.73,4159.4,Month-to-month,Fiber optic,Yes,No,No,Yes,Yes,Yes,No,Bank transfer,Yes,No,No,Yes,1
CUST-003841,46,113.39,5191.01,Month-to-month,Fiber optic,Yes,No,No,Yes,No,Yes,Yes,Electronic check,Yes,No,Yes,No,1
CUST-003842,61,84.57,5229.59,Month-to-month,DSL,Yes,Yes,No,Yes,Yes,No,No,Credit card,Yes,No,No,No,1
CUST-003843,10,95.6,953.82,One year,Fiber optic,No,No,No,Yes,No,Yes,No,Bank transfer,No,No,Yes,No,0
CUST-003844,42,104.95,4261.05,One year,DSL,No,No,Yes,Yes,Yes,Yes,Yes,Bank transfer,No,No,No,No,0
CUST-003845,32,74.2,2678.0,Month-to-month,DSL,Yes,No,Yes,No,Yes,Yes,No,Mailed check,Yes,No,No,Yes,1
CUST-003846,6,98.8,469.43,Two year,Fiber optic,No,Yes,Yes,Yes,No,Yes,No,Credit card,No,No,No,Yes,0
CUST-003847,50,72.54,3446.97,Month-to-month,No,Yes,No,No,Yes,No,Yes,Yes,Electronic check,No,Yes,No,No,0
CUST-003848,15,75.28,1212.79,Month-to-month,DSL,Yes,Yes,No,Yes,No,No,No,Electronic check,Yes,No,Yes,No,1
CUST-003849,20,65.98,1249.2,Two year,DSL,Yes,Yes,No,Yes,No,Yes,No,Bank transfer,Yes,No,Yes,Yes,0
CUST-003850,52,85.55,4723.23,Month-to-month,Fiber optic,No,No,No,No,No,Yes,No,Credit card,No,No,No,No,0
CUST-003851,51,77.39,3889.89,Two year,DSL,No,No,No,No,Yes,Yes,Yes,Electronic check,Yes,No,Yes,No,0
CUST-003852,35,63.82,2347.0,Two year,DSL,Yes,No,No,Yes,No,Yes,No,Credit card,No,No,No,No,0
CUST-003853,44,123.15,5495.03,One year,Fiber optic,No,Yes,Yes,Yes,Yes,Yes,Yes,Electronic check,Yes,No,Yes,No,0
CUST-003854,44,80.28,3495.57,Two year,DSL,No,Yes,Yes,No,Yes,Yes,Yes,Credit card,No,No,Yes,No,0
CUST-003855,65,74.55,4613.73,Two year,DSL,No,No,Yes,Yes,Yes,Yes,No,Electronic check,Yes,No,No,No,0
CUST-003856,10,43.84,456.12,Month-to-month,No,Yes,Yes,Yes,No,No,Yes,Yes,Credit card,Yes,No,Yes,No,0
CUST-003857,1,108.04,361.71,Two year,Fiber optic,Yes,No,No,No,Yes,Yes,Yes,Electronic check,Yes,No,Yes,Yes,1
CUST-003858,42,52.69,2316.77,Month-to-month,No,Yes,No,No,Yes,No,Yes,Yes,Bank transfer,Yes,Yes,No,No,1
CUST-003859,23,99.32,2247.11,Month-to-month,Fiber optic,No,No,No,Yes,No,Yes,Yes,Bank transfer,Yes,No,Yes,No,1
CUST-003860,23,96.03,1799.53,Month-to-month,DSL,Yes,Yes,Yes,Yes,Yes,Yes,No,Credit card,No,No,Yes,No,0
CUST-003861,50,55.84,2631.09,One year,DSL,Yes,No,No,No,No,Yes,No,Credit card,No,No,No,No,0
CUST-003862,3,96.84,434.99,Month-to-month,DSL,Yes,No,Yes,Yes,Yes,Yes,No,Bank transfer,Yes,No,No,Yes,0
CUST-003863,35,96.56,3473.21,Month-to-month,Fiber optic,Yes,No,Yes,No,No,Yes,No,Credit card,Yes,Yes,Yes,No,0
CUST-003864,27,110.31,3218.6,Month-to-month,Fiber optic,No,No,Yes,Yes,No,No,Yes,Bank transfer,Yes,No,No,No,1
CUST-003865,60,52.93,3232.79,One year,No,No,Yes,Yes,No,Yes,Yes,Yes,Credit card,Yes,No,No,Yes,0
CUST-003866,43,87.82,3790.16,One year,DSL,Yes,No,Yes,Yes,No,Yes,Yes,Electronic check,Yes,No,Yes,No,1
CUST-003867,68,90.85,6165.09,One year,DSL,Yes,No,No,Yes,No,Yes,Yes,Electronic check,Yes,No,No,Yes,0
CUST-003868,42,86.09,3630.32,One year,DSL,No,Yes,No,Yes,No,Yes,Yes,Credit card,Yes,No,No,Yes,1
CUST-003869,1,97.77,0.0,Month-to-month,Fiber optic,No,No,No,No,Yes,Yes,Yes,Electronic check,No,No,Yes,Yes,1
CUST-003870,22,103.5,2043.74,Month-to-month,Fiber optic,Yes,No,No,Yes,No,Yes,Yes,Electronic check,No,No,Yes,No,1
CUST-003871,36,109.36,4078.17,One year,Fiber optic,No,Yes,No,No,Yes,Yes,No,Electronic check,No,No,Yes,Yes,1
CUST-003872,33,107.05,3769.6,One year,Fiber optic,No,No,Yes,Yes,Yes,Yes,Yes,Electronic check,Yes,No,Yes,No,1
CUST-003873,3,82.68,42.74,One year,DSL,Yes,Yes,Yes,Yes,No,Yes,Yes,Credit card,Yes,No,Yes,No,0
CUST-003874,23,124.65,3037.82,Two year,Fiber optic,No,Yes,Yes,Yes,No,Yes,Yes,Credit card,Yes,No,No,No,0
CUST-003875,14,93.74,1509.77,One year,Fiber optic,No,Yes,Yes,No,Yes,Yes,No,Electronic check,Yes,Yes,No,No,1
CUST-003876,34,81.13,2676.01,One year,DSL,Yes,No,Yes,No,No,Yes,Yes,Bank transfer,No,No,Yes,No,0
CUST-003877,26,109.25,2785.26,Month-to-month,Fiber optic,No,No,Yes,No,Yes,Yes,Yes,Bank transfer,Yes,No,No,No,1
CUST-003878,57,113.11,6407.25,Month-to-month,Fiber optic,Yes,Yes,No,Yes,No,Yes,Yes,Bank transfer,Yes,No,No,Yes,0
CUST-003879,46,105.94,5007.35,Month-to-month,Fiber optic,No,No,No,Yes,Yes,Yes,No,Electronic check,Yes,No,Yes,Yes,1
CUST-003880,46,100.41,4698.41,Month-to-month,Fiber optic,No,No,No,Yes,Yes,Yes,No,Electronic check,Yes,No,No,No,1
CUST-003881,50,126.42,6557.19,Month-to-month,Fiber optic,Yes,No,Yes,Yes,Yes,Yes,No,Electronic check,No,No,No,Yes,1
CUST-003882,32,122.19,4158.81,Month-to-month,Fiber optic,Yes,Yes,Yes,No,Yes,Yes,No,Credit card,Yes,No,No,Yes,0
CUST-003883,24,106.1,2572.86,Month-to-month,Fiber optic,No,No,Yes,No,Yes,Yes,Yes,Electronic check,No,No,No,No,1
CUST-003884,13,51.79,336.85,Month-to-month,No,No,No,Yes,Yes,No,Yes,Yes,Electronic check,Yes,Yes,Yes,No,1
CUST-003885,27,67.27,1644.12,Month-to-month,DSL,Yes,No,No,No,No,Yes,No,Credit card,No,No,Yes,Yes,0
CUST-003886,16,74.17,1055.45,One year,DSL,Yes,No,No,No,No,Yes,Yes,Credit card,Yes,No,Yes,Yes,0
CUST-003887,30,57.6,1900.06,Two year,DSL,No,Yes,No,No,Yes,No,No,Electronic check,No,No,Yes,No,0
CUST-003888,55,24.48,1475.79,Two year,No,No,No,Yes,No,No,No,No,Credit card,No,No,Yes,Yes,0
CUST-003889,66,88.3,5895.47,One year,DSL,Yes,Yes,No,No,Yes,Yes,Yes,Bank transfer,Yes,No,Yes,Yes,0
CUST-003890,21,75.77,1627.48,One year,No,Yes,No,Yes,Yes,No,Yes,Yes,Credit card,Yes,Yes,Yes,Yes,0
CUST-003891,25,75.8,2015.36,Two year,DSL,Yes,No,Yes,Yes,Yes,Yes,Yes,Electronic check,Yes,No,Yes,No,0
CUST-003892,50,110.96,5539.95,One year,Fiber optic,No,Yes,Yes,No,No,Yes,Yes,Credit card,No,No,Yes,No,0
CUST-003893,65,64.94,4163.47,Month-to-month,DSL,No,Yes,No,No,No,Yes,Yes,Credit card,Yes,No,Yes,Yes,0
CUST-003894,10,100.45,1105.63,Month-to-month,Fiber optic,No,Yes,No,Yes,No,Yes,No,Electronic check,No,No,Yes,Yes,1
CUST-003895,34,65.18,2197.43,One year,DSL,Yes,Yes,No,No,Yes,Yes,No,Electronic check,Yes,Yes,No,No,0
CUST-003896,10,111.31,832.64,Month-to-month,Fiber optic,Yes,No,Yes,No,No,Yes,No,Credit card,Yes,No,No,No,1
CUST-003897,23,107.34,2218.91,One year,Fiber optic,Yes,No,No,Yes,Yes,Yes,Yes,Credit card,No,Yes,Yes,No,1
CUST-003898,61,112.77,6915.93,Two year,Fiber optic,Yes,No,Yes,No,No,Yes,Yes,Bank transfer,No,Yes,Yes,Yes,0
CUST-003899,30,75.55,2293.41,Month-to-month,DSL,No,Yes,Yes,Yes,No,Yes,No,Bank transfer,Yes,No,Yes,No,1
CUST-003900,47,68.41,3229.49,Month-to-month,DSL,Yes,Yes,No,No,No,No,No,Bank transfer,No,Yes,Yes,No,0
CUST-003901,35,125.32,4492.16,Month-to-month,Fiber optic,Yes,Yes,Yes,Yes,No,Yes,No,Electronic check,Yes,No,No,Yes,1
CUST-003902,10,70.8,352.13,Month-to-month,DSL,No,No,No,Yes,Yes,Yes,No,Electronic check,No,Yes,Yes,No,1
CUST-003903,38,121.74,4576.06,Month-to-month,Fiber optic,No,Yes,Yes,No,No,No,No,Electronic check,Yes,No,Yes,No,0
CUST-003904,66,76.1,4696.44,One year,DSL,No,Yes,Yes,Yes,Yes,Yes,No,Credit card,No,Yes,No,No,0
CUST-003905,61,63.01,3781.28,One year,DSL,No,No,Yes,No,Yes,Yes,No,Mailed check,Yes,No,No,No,0
CUST-003906,62,94.22,6121.27,Month-to-month,Fiber optic,Yes,No,No,No,Yes,Yes,Yes,Electronic check,No,No,No,No,1
CUST-003907,13,49.67,428.28,One year,No,No,Yes,No,No,No,Yes,Yes,Bank transfer,No,No,Yes,No,0
CUST-003908,40,64.23,2455.04,Two year,No,Yes,No,Yes,Yes,No,Yes,No,Credit card,No,Yes,No,No,0
CUST-003909,0,130.82,205.67,Two year,Fiber optic,Yes,No,Yes,Yes,No,Yes,No,Electronic check,Yes,No,Yes,Yes,1
CUST-003910,26,70.69,1640.17,Month-to-month,DSL,Yes,Yes,No,No,No,Yes,Yes,Bank transfer,Yes,Yes,No,Yes,1
CUST-003911,41,63.42,2534.9,Month-to-month,DSL,No,No,No,No,Yes,Yes,Yes,Credit card,Yes,Yes,No,No,1
CUST-003912,16,87.61,1464.86,One year,DSL,Yes,Yes,Yes,Yes,No,Yes,No,Credit card,Yes,No,Yes,Yes,0
CUST-003913,72,53.52,3730.17,Month-to-month,DSL,No,No,Yes,Yes,No,Yes,Yes,Bank transfer,Yes,No,No,Yes,0
CUST-003914,24,112.51,2436.82,Month-to-month,Fiber optic,Yes,No,Yes,Yes,Yes,Yes,No,Electronic check,No,No,Yes,No,0
CUST-003915,45,36.08,1480.89,One year,No,No,Yes,Yes,No,No,No,No,Credit card,Yes,No,Yes,Yes,0
CUST-003916,50,68.03,3171.15,One year,DSL,Yes,No,Yes,No,Yes,No,Yes,Bank transfer,Yes,Yes,Yes,No,0
CUST-003917,22,101.67,2217.84,One year,Fiber optic,No,No,No,No,Yes,Yes,No,Credit card,Yes,No,No,Yes,1
CUST-003918,14,99.1,1654.12,One year,Fiber optic,Yes,No,Yes,Yes,Yes,Yes,No,Electronic check,Yes,No,No,Yes,1
CUST-003919,1,96.86,63.24,Two year,Fiber optic,No,No,Yes,No,No,No,No,Electronic check,Yes,No,No,No,1
CUST-003920,54,100.39,5547.51,Month-to-month,Fiber optic,No,No,Yes,No,Yes,Yes,No,Electronic check,Yes,No,No,Yes,0
CUST-003921,15,59.84,917.65,Month-to-month,DSL,Yes,No,No,No,No,No,Yes,Credit card,Yes,No,No,Yes,1
CUST-003922,71,60.4,4262.53,Month-to-month,DSL,Yes,Yes,No,No,No,Yes,Yes,Electronic check,Yes,No,Yes,No,0
CUST-003923,35,110.64,4122.24,One year,Fiber optic,No,No,Yes,No,No,Yes,Yes,Electronic check,Yes,No,No,Yes,1
CUST-003924,53,125.69,6774.46,Two year,Fiber optic,No,Yes,Yes,Yes,Yes,Yes,No,Bank transfer,Yes,Yes,No,Yes,0
CUST-003925,12,96.99,1035.11,One year,Fiber optic,No,Yes,No,No,No,Yes,No,Bank transfer,Yes,Yes,No,No,1
CUST-003926,5,28.32,80.63,Month-to-month,No,No,Yes,Yes,No,No,Yes,No,Electronic check,Yes,No,Yes,Yes,0
CUST-003927,70,100.71,7253.93,Month-to-month,DSL,Yes,Yes,Yes,Yes,Yes,No,No,Credit card,Yes,No,No,No,1
CUST-003928,18,121.24,2310.14,Month-to-month,Fiber optic,Yes,Yes,No,Yes,No,Yes,No,Electronic check,Yes,No,Yes,No,1
CUST-003929,2,94.65,224.14,Month-to-month,Fiber optic,No,Yes,No,Yes,No,Yes,No,Credit card,Yes,Yes,No,Yes,1
CUST-003930,8,99.82,899.86,Two year,Fiber optic,No,Yes,No,No,No,Yes,Yes,Electronic check,Yes,No,Yes,No,1
CUST-003931,64,96.83,6277.47,Two year,DSL,Yes,Yes,Yes,Yes,Yes,Yes,Yes,Electronic check,Yes,No,No,No,1
CUST-003932,42,79.71,3403.61,One year,DSL,Yes,No,Yes,No,No,Yes,No,Bank transfer,Yes,No,No,Yes,0
CUST-003933,45,65.22,3010.06,Two year,DSL,No,No,No,Yes,Yes,Yes,No,Credit card,Yes,No,Yes,No,0
CUST-003934,18,107.03,2037.21,Two year,Fiber optic,Yes,No,Yes,No,Yes,Yes,No,Bank transfer,Yes,Yes,Yes,No,0
CUST-003935,61,76.44,4836.39,One year,DSL,No,Yes,No,No,Yes,Yes,No,Mailed check,Yes,No,Yes,No,0
CUST-003936,22,86.9,1800.86,Month-to-month,DSL,Yes,Yes,Yes,Yes,Yes,Yes,No,Electronic check,Yes,No,Yes,Yes,0
CUST-003937,3,113.47,36.1,Two year,Fiber optic,Yes,No,No,Yes,Yes,Yes,Yes,Electronic check,Yes,No,No,Yes,1
CUST-003938,2,108.69,282.59,Month-to-month,Fiber optic,No,No,No,No,Yes,Yes,Yes,Credit card,No,No,No,No,0
CUST-003939,57,58.92,3520.67,Month-to-month,DSL,No,No,Yes,No,No,Yes,No,Electronic check,Yes,No,No,No,1
CUST-003940,46,67.27,2703.37,Month-to-month,DSL,No,No,No,Yes,No,Yes,Yes,Credit card,Yes,No,No,Yes,1
CUST-003941,13,112.36,1380.63,One year,Fiber optic,No,Yes,No,No,No,Yes,No,Bank transfer,Yes,No,No,No,0
CUST-003942,50,53.5,2972.42,One year,No,Yes,Yes,Yes,Yes,Yes,Yes,No,Electronic check,Yes,Yes,Yes,No,0
CUST-003943,55,79.63,4463.79,One year,DSL,Yes,Yes,No,No,Yes,Yes,No,Mailed check,Yes,No,No,Yes,1
CUST-003944,40,110.19,4187.51,Two year,Fiber optic,Yes,Yes,No,No,Yes,Yes,No,Credit card,No,No,Yes,No,0
CUST-003945,46,93.39,4245.58,Month-to-month,Fiber optic,No,Yes,Yes,No,No,Yes,Yes,Credit card,Yes,No,Yes,No,1
CUST-003946,7,97.48,772.49,Month-to-month,Fiber optic,No,No,Yes,Yes,Yes,Yes,No,Electronic check,Yes,No,Yes,Yes,1
CUST-003947,59,105.86,6328.79,One year,Fiber optic,No,No,No,Yes,No,Yes,No,Bank transfer,No,No,Yes,No,0
CUST-003948,51,41.96,2206.95,Month-to-month,No,Yes,No,Yes,No,Yes,Yes,Yes,Credit card,Yes,No,No,Yes,0
CUST-003949,9,122.3,875.16,Month-to-month,Fiber optic,No,Yes,No,Yes,Yes,Yes,Yes,Electronic check,No,No,Yes,No,0
CUST-003950,67,70.42,4612.31,Month-to-month,DSL,No,Yes,No,No,No,Yes,Yes,Electronic check,Yes,No,No,Yes,0
CUST-003951,71,58.11,4498.53,Two year,DSL,No,No,Yes,No,No,Yes,No,Mailed check,Yes,No,Yes,No,0
CUST-003952,66,91.24,6391.33,Two year,Fiber optic,Yes,No,No,No,No,Yes,Yes,Credit card,Yes,No,Yes,No,0
CUST-003953,28,74.49,2217.89,Month-to-month,DSL,No,No,No,Yes,Yes,No,Yes,Bank transfer,Yes,No,No,No,1
CUST-003954,70,66.68,5187.4,Month-to-month,DSL,Yes,No,No,No,No,Yes,Yes,Electronic check,Yes,No,No,Yes,0
CUST-003955,42,98.53,3787.07,Month-to-month,Fiber optic,No,No,No,Yes,No,Yes,Yes,Electronic check,No,Yes,No,No,1
CUST-003956,63,94.55,5835.43,Month-to-month,Fiber optic,Yes,No,No,No,Yes,No,Yes,Electronic check,Yes,No,Yes,No,1
CUST-003957,62,92.22,5561.33,One year,Fiber optic,No,No,Yes,Yes,No,Yes,Yes,Bank transfer,Yes,Yes,No,No,0
CUST-003958,51,83.39,4370.07,Month-to-month,DSL,Yes,No,No,Yes,No,Yes,Yes,Credit card,Yes,No,Yes,Yes,0
CUST-003959,3,102.27,522.6,Two year,Fiber optic,No,Yes,No,No,Yes,Yes,No,Electronic check,No,No,No,No,1
CUST-003960,12,71.37,915.09,Month-to-month,DSL,No,No,No,No,Yes,No,No,Credit card,Yes,No,Yes,No,1
CUST-003961,52,57.51,2996.18,One year,No,No,Yes,Yes,No,Yes,Yes,Yes,Electronic check,No,No,No,No,0
CUST-003962,72,115.58,8308.22,Month-to-month,Fiber optic,Yes,No,Yes,Yes,Yes,No,Yes,Bank transfer,No,Yes,Yes,No,1
CUST-003963,8,114.05,954.35,One year,Fiber optic,No,No,No,Yes,No,No,No,Credit card,Yes,No,Yes,No,0
CUST-003964,16,117.99,1918.43,One year,Fiber optic,No,Yes,Yes,Yes,No,Yes,Yes,Bank transfer,No,No,No,Yes,0
CUST-003965,9,64.91,647.33,Month-to-month,DSL,No,Yes,Yes,No,No,Yes,No,Credit card,Yes,No,Yes,Yes,0
CUST-003966,28,45.37,1317.89,Month-to-month,No,No,No,No,No,Yes,Yes,Yes,Bank transfer,Yes,No,No,No,1
CUST-003967,50,89.48,4802.26,Month-to-month,Fiber optic,No,No,No,No,No,Yes,No,Bank transfer,No,No,No,No,1
CUST-003968,68,58.73,4038.7,Month-to-month,DSL,Yes,Yes,No,Yes,No,No,Yes,Bank transfer,Yes,No,No,Yes,0
CUST-003969,19,35.15,330.52,Two year,No,Yes,No,No,Yes,No,Yes,No,Electronic check,Yes,No,Yes,No,0
CUST-003970,72,70.62,4874.35,Month-to-month,DSL,No,No,No,No,Yes,Yes,Yes,Electronic check,Yes,No,No,No,0
CUST-003971,32,88.32,2853.69,Month-to-month,Fiber optic,No,No,Yes,No,No,Yes,Yes,Mailed check,No,Yes,Yes,Yes,1
CUST-003972,22,119.21,2717.95,Two year,Fiber optic,Yes,No,No,Yes,Yes,Yes,Yes,Credit card,Yes,No,No,Yes,0
CUST-003973,57,65.26,3828.58,One year,DSL,Yes,Yes,No,No,Yes,Yes,No,Electronic check,Yes,No,Yes,No,0
CUST-003974,68,67.4,4776.24,One year,No,No,No,Yes,Yes,Yes,Yes,No,Credit card,No,No,Yes,Yes,0
CUST-003975,21,74.23,1596.93,Month-to-month,DSL,No,Yes,No,Yes,No,Yes,Yes,Electronic check,Yes,Yes,No,No,1
CUST-003976,11,120.77,1092.77,Month-to-month,Fiber optic,Yes,No,Yes,Yes,Yes,Yes,Yes,Mailed check,No,No,No,No,0
CUST-003977,28,103.59,2856.3,Month-to-month,Fiber optic,No,No,No,Yes,No,No,Yes,Credit card,Yes,No,Yes,No,1
CUST-003978,17,64.81,1099.9,One year,No,Yes,Yes,No,Yes,No,Yes,Yes,Electronic check,Yes,No,Yes,Yes,0
CUST-003979,15,104.96,1532.84,Two year,Fiber optic,No,Yes,No,Yes,No,Yes,No,Electronic check,Yes,Yes,No,Yes,1
CUST-003980,4,87.75,627.85,Month-to-month,DSL,No,No,Yes,No,Yes,Yes,Yes,Bank transfer,Yes,No,No,No,1
CUST-003981,20,106.0,2125.76,One year,Fiber optic,No,No,Yes,No,Yes,Yes,No,Electronic check,No,No,No,No,0
CUST-003982,50,61.95,3110.96,One year,DSL,Yes,No,No,No,Yes,Yes,No,Credit card,Yes,No,No,Yes,0
CUST-003983,59,66.97,4079.6,Month-to-month,Fiber optic,No,No,No,Yes,No,Yes,No,Mailed check,Yes,Yes,Yes,No,1
CUST-003984,5,83.32,451.81,Two year,DSL,Yes,No,No,No,Yes,Yes,Yes,Electronic check,Yes,No,Yes,Yes,1
CUST-003985,6,105.59,684.09,Two year,Fiber optic,No,No,Yes,Yes,No,Yes,Yes,Electronic check,No,No,Yes,No,0
CUST-003986,40,73.93,2901.93,Month-to-month,DSL,Yes,Yes,Yes,Yes,Yes,Yes,No,Credit card,Yes,No,Yes,Yes,0
CUST-003987,57,67.5,3822.43,Month-to-month,DSL,No,Yes,Yes,Yes,No,Yes,No,Electronic check,Yes,No,Yes,No,0
CUST-003988,31,61.47,1988.23,One year,DSL,No,No,Yes,No,No,Yes,Yes,Mailed check,Yes,No,Yes,No,0
CUST-003989,51,97.79,4978.31,Two year,Fiber optic,Yes,No,Yes,No,Yes,Yes,No,Bank transfer,Yes,No,No,No,0
CUST-003990,22,84.1,2165.66,One year,DSL,Yes,No,No,Yes,Yes,Yes,No,Electronic check,Yes,No,Yes,Yes,0
CUST-003991,8,53.15,498.54,Month-to-month,No,No,Yes,Yes,Yes,Yes,Yes,No,Credit card,Yes,No,Yes,Yes,1
CUST-003992,53,101.9,5486.62,Month-to-month,Fiber optic,Yes,No,No,No,No,Yes,No,Electronic check,Yes,No,No,No,0
CUST-003993,62,84.81,5275.67,Two year,DSL,Yes,Yes,Yes,Yes,Yes,Yes,Yes,Mailed check,Yes,No,No,No,0
CUST-003994,46,88.66,3652.28,Two year,Fiber optic,No,No,Yes,No,No,Yes,No,Electronic check,No,Yes,Yes,Yes,0
CUST-003995,61,122.52,7256.53,One year,Fiber optic,Yes,No,Yes,Yes,Yes,Yes,Yes,Electronic check,No,No,No,Yes,0
CUST-003996,25,54.03,1017.94,One year,DSL,No,No,No,No,Yes,Yes,No,Credit card,No,No,No,No,0
CUST-003997,45,84.26,3658.65,Month-to-month,DSL,No,No,Yes,No,No,Yes,Yes,Credit card,No,No,No,No,0
CUST-003998,15,101.62,1694.19,Month-to-month,Fiber optic,No,Yes,Yes,No,Yes,Yes,No,Electronic check,Yes,No,No,No,1
CUST-003999,30,44.06,1153.72,Month-to-month,No,No,Yes,No,No,No,Yes,Yes,Bank transfer,Yes,No,No,Yes,0
CUST-004000,60,73.38,4496.5,One year,DSL,No,No,Yes,Yes,No,Yes,No,Electronic check,Yes,No,Yes,No,0
CUST-004001,29,40.05,869.95,Month-to-month,No,No,No,No,Yes,No,Yes,No,Electronic check,Yes,No,Yes,No,1
CUST-004002,47,118.57,5599.25,One year,Fiber optic,Yes,No,Yes,No,Yes,Yes,No,Bank transfer,Yes,No,Yes,No,0
CUST-004003,68,80.7,5506.59,Month-to-month,DSL,Yes,No,No,Yes,No,Yes,Yes,Mailed check,Yes,No,Yes,No,0
CUST-004004,71,67.89,4739.24,Month-to-month,DSL,Yes,No,No,Yes,No,Yes,Yes,Electronic check,Yes,Yes,Yes,No,0
CUST-004005,37,64.25,2339.52,Month-to-month,No,Yes,No,Yes,Yes,No,Yes,No,Electronic check,Yes,Yes,No,No,1
CUST-004006,14,125.72,1948.5,One year,Fiber optic,Yes,Yes,Yes,No,No,Yes,Yes,Electronic check,Yes,No,No,Yes,1
CUST-004007,14,52.0,734.98,Month-to-month,No,No,Yes,Yes,No,Yes,No,Yes,Electronic check,Yes,Yes,No,Yes,0
CUST-004008,70,112.17,7790.77,Month-to-month,DSL,No,No,No,Yes,Yes,Yes,Yes,Bank transfer,Yes,No,No,No,1
CUST-004009,66,63.56,4030.34,Two year,DSL,Yes,No,No,No,No,Yes,No,Mailed check,No,No,Yes,No,0
CUST-004010,69,87.48,5997.62,One year,DSL,No,Yes,Yes,Yes,Yes,Yes,Yes,Credit card,No,Yes,No,No,0
CUST-004011,12,83.27,1196.76,Month-to-month,Fiber optic,Yes,No,No,No,No,Yes,Yes,Electronic check,No,No,No,No,1
CUST-004012,67,118.34,7699.95,Month-to-month,Fiber optic,Yes,No,Yes,No,Yes,Yes,Yes,Credit card,No,No,Yes,No,1
CUST-004013,43,38.58,1701.51,Two year,No,No,Yes,Yes,No,Yes,Yes,No,Credit card,Yes,No,No,Yes,0
CUST-004014,30,70.9,2325.26,Month-to-month,DSL,No,No,Yes,Yes,Yes,Yes,No,Mailed check,No,No,Yes,Yes,0
CUST-004015,41,91.48,3597.42,Month-to-month,Fiber optic,No,Yes,No,Yes,No,Yes,No,Bank transfer,Yes,No,No,Yes,0
CUST-004016,57,78.28,4685.03,Month-to-month,DSL,No,Yes,No,No,Yes,Yes,Yes,Credit card,No,No,No,Yes,1
CUST-004017,49,71.34,3458.95,Month-to-month,DSL,Yes,No,Yes,No,No,Yes,Yes,Bank transfer,Yes,No,No,Yes,0
CUST-004018,35,96.32,3654.0,One year,Fiber optic,Yes,Yes,No,No,No,Yes,No,Bank transfer,Yes,No,No,Yes,0
CUST-004019,11,86.29,1150.65,Month-to-month,DSL,No,No,Yes,No,Yes,No,No,Credit card,No,No,No,Yes,0
CUST-004020,59,80.1,4939.21,One year,DSL,Yes,No,No,Yes,Yes,Yes,No,Credit card,No,No,No,No,0
CUST-004021,22,61.61,1314.59,One year,DSL,No,No,Yes,No,No,Yes,Yes,Bank transfer,Yes,No,Yes,Yes,1
CUST-004022,19,111.21,2355.61,Month-to-month,Fiber optic,No,Yes,Yes,Yes,No,Yes,Yes,Mailed check,Yes,No,Yes,Yes,1
CUST-004023,10,66.65,766.55,Two year,DSL,Yes,No,No,No,Yes,Yes,No,Credit card,Yes,No,Yes,No,0
CUST-004024,55,99.03,5440.15,Two year,Fiber optic,No,Yes,No,Yes,No,Yes,Yes,Mailed check,Yes,No,Yes,No,0
CUST-004025,47,61.74,2888.33,One year,DSL,Yes,No,No,No,No,Yes,No,Electronic check,No,No,No,Yes,0
CUST-004026,11,59.88,515.44,Month-to-month,No,No,Yes,Yes,Yes,Yes,Yes,Yes,Mailed check,No,No,No,No,1
CUST-004027,55,109.3,6011.53,Month-to-month,Fiber optic,No,No,Yes,No,Yes,Yes,No,Electronic check,Yes,No,No,No,1
CUST-004028,21,48.23,959.67,One year,No,Yes,Yes,No,Yes,No,Yes,No,Electronic check,No,No,Yes,No,0
CUST-004029,50,44.31,2107.75,Two year,No,No,No,No,No,Yes,Yes,Yes,Credit card,Yes,No,Yes,No,0
CUST-004030,31,52.33,1184.17,Month-to-month,No,Yes,No,No,Yes,No,Yes,No,Bank transfer,No,No,Yes,No,1
CUST-004031,42,108.11,4619.29,Month-to-month,Fiber optic,Yes,No,No,No,Yes,Yes,No,Credit card,No,No,No,No,0
CUST-004032,10,29.27,201.12,Month-to-month,No,No,No,No,No,Yes,Yes,No,Electronic check,Yes,No,No,No,1
CUST-004033,14,97.97,1445.22,One year,DSL,No,No,Yes,Yes,Yes,Yes,Yes,Mailed check,No,Yes,Yes,No,0
CUST-004034,20,90.94,1421.08,Month-to-month,Fiber optic,No,Yes,No,No,Yes,Yes,Yes,Mailed check,Yes,No,No,No,1
CUST-004035,33,105.33,3453.38,Month-to-month,DSL,Yes,No,Yes,Yes,Yes,Yes,Yes,Electronic check,Yes,No,No,No,1
CUST-004036,52,81.27,4182.27,Month-to-month,DSL,Yes,No,Yes,No,No,Yes,No,Mailed check,No,No,Yes,Yes,0
CUST-004037,34,105.29,3556.92,Two year,Fiber optic,Yes,No,No,Yes,No,Yes,No,Electronic check,Yes,No,Yes,No,1
CUST-004038,51,78.16,3947.41,One year,No,Yes,No,No,No,Yes,Yes,No,Electronic check,Yes,Yes,Yes,No,0
CUST-004039,36,111.65,4118.59,One year,Fiber optic,Yes,Yes,No,Yes,No,No,No,Electronic check,No,No,No,No,1
CUST-004040,61,99.88,5958.8,Month-to-month,Fiber optic,No,No,Yes,No,Yes,Yes,No,Bank transfer,Yes,No,No,No,1
CUST-004041,0,115.35,182.87,One year,Fiber optic,Yes,Yes,Yes,Yes,No,Yes,Yes,Credit card,No,No,Yes,No,0
CUST-004042,66,67.24,4592.09,Month-to-month,DSL,Yes,No,No,No,Yes,Yes,Yes,Electronic check,No,No,No,No,0
CUST-004043,11,51.0,752.6,Month-to-month,No,No,No,No,Yes,Yes,Yes,Yes,Bank transfer,Yes,Yes,Yes,No,0
CUST-004044,18,93.37,1754.94,Month-to-month,Fiber optic,No,No,Yes,No,Yes,Yes,No,Bank transfer,No,No,Yes,No,1
CUST-004045,55,93.54,5560.07,One year,Fiber optic,No,No,Yes,Yes,Yes,No,Yes,Credit card,No,No,Yes,No,0
CUST-004046,54,65.76,3521.1,Month-to-month,DSL,Yes,Yes,No,No,Yes,Yes,Yes,Electronic check,Yes,No,Yes,No,1
CUST-004047,46,51.24,2271.35,Month-to-month,No,Yes,No,No,Yes,No,Yes,Yes,Mailed check,No,No,No,No,0
CUST-004048,11,109.46,993.72,Two year,Fiber optic,Yes,No,No,No,No,Yes,No,Electronic check,Yes,No,Yes,No,1
CUST-004049,11,51.22,395.98,Two year,No,No,No,No,Yes,Yes,Yes,No,Bank transfer,No,No,No,No,0
CUST-004050,49,66.55,3459.88,Month-to-month,DSL,No,No,No,Yes,Yes,Yes,Yes,Mailed check,Yes,No,Yes,No,1
CUST-004051,49,85.85,4041.79,Month-to-month,DSL,No,Yes,No,Yes,No,Yes,No,Bank transfer,No,No,Yes,No,1
CUST-004052,1,82.65,0.0,Month-to-month,DSL,No,Yes,No,No,Yes,Yes,No,Electronic check,Yes,Yes,No,Yes,1
CUST-004053,25,113.6,2999.61,Month-to-month,Fiber optic,No,No,Yes,Yes,Yes,Yes,No,Bank transfer,Yes,No,Yes,No,1
CUST-004054,2,122.05,190.59,Month-to-month,Fiber optic,No,Yes,No,Yes,No,Yes,Yes,Electronic check,Yes,No,No,Yes,1
CUST-004055,60,124.85,7720.19,Month-to-month,Fiber optic,No,No,Yes,Yes,Yes,Yes,Yes,Electronic check,No,No,No,No,1
CUST-004056,61,93.86,6049.46,Month-to-month,DSL,Yes,Yes,Yes,Yes,Yes,Yes,No,Credit card,No,No,No,Yes,0
CUST-004057,8,96.92,697.67,One year,Fiber optic,No,No,Yes,No,Yes,Yes,Yes,Electronic check,No,No,Yes,No,1
CUST-004058,52,113.81,5824.36,Month-to-month,Fiber optic,Yes,Yes,Yes,No,No,Yes,Yes,Mailed check,Yes,No,Yes,No,0
CUST-004059,5,78.84,367.44,Month-to-month,DSL,Yes,No,No,Yes,No,Yes,No,Credit card,No,No,No,Yes,1
CUST-004060,21,107.02,2206.46,One year,Fiber optic,No,Yes,Yes,Yes,No,Yes,No,Bank transfer,Yes,No,No,No,0
CUST-004061,54,81.24,4149.83,Month-to-month,Fiber optic,No,Yes,No,Yes,No,Yes,No,Electronic check,No,Yes,Yes,Yes,0
CUST-004062,54,73.89,4232.83,Two year,DSL,No,No,No,No,Yes,Yes,Yes,Electronic check,Yes,No,No,No,0
CUST-004063,65,88.05,5913.95,Month-to-month,DSL,No,Yes,Yes,Yes,Yes,No,No,Mailed check,No,No,No,No,0
CUST-004064,22,126.39,2748.53,One year,Fiber optic,No,No,Yes,Yes,Yes,Yes,Yes,Bank transfer,No,No,No,Yes,1
CUST-004065,39,55.31,2141.83,Month-to-month,DSL,Yes,No,No,No,No,Yes,No,Credit card,No,No,Yes,Yes,0
CUST-004066,40,85.69,3662.32,Two year,Fiber optic,No,Yes,No,No,No,Yes,Yes,Electronic check,Yes,No,Yes,No,0
CUST-004067,24,56.9,1339.37,Two year,No,Yes,No,No,Yes,Yes,Yes,Yes,Electronic check,Yes,No,Yes,Yes,0
CUST-004068,56,76.77,4224.98,Month-to-month,DSL,Yes,Yes,Yes,Yes,No,Yes,No,Mailed check,No,Yes,Yes,No,0
CUST-004069,36,105.0,4020.63,Month-to-month,Fiber optic,Yes,No,No,No,Yes,Yes,No,Mailed check,No,No,Yes,Yes,0
CUST-004070,13,55.21,774.48,Two year,DSL,No,Yes,No,No,No,Yes,No,Mailed check,Yes,No,Yes,Yes,0
CUST-004071,30,73.04,2360.35,Two year,DSL,No,No,No,No,Yes,Yes,Yes,Mailed check,No,No,Yes,Yes,0
CUST-004072,26,44.95,951.4,One year,No,Yes,Yes,No,No,No,Yes,Yes,Electronic check,No,No,No,Yes,0
CUST-004073,64,95.49,6101.89,Month-to-month,DSL,Yes,Yes,Yes,Yes,Yes,Yes,Yes,Electronic check,Yes,No,Yes,No,0
CUST-004074,25,110.3,3044.88,Month-to-month,Fiber optic,No,No,Yes,Yes,Yes,Yes,Yes,Electronic check,No,No,No,No,1
CUST-004075,66,56.05,3683.64,One year,No,No,No,No,No,Yes,Yes,No,Bank transfer,Yes,Yes,No,No,0
CUST-004076,49,68.34,3289.35,One year,DSL,No,Yes,No,No,No,Yes,No,Bank transfer,Yes,No,No,No,0
CUST-004077,33,109.79,3240.55,Month-to-month,Fiber optic,Yes,No,Yes,No,Yes,Yes,Yes,Mailed check,Yes,Yes,Yes,Yes,1
CUST-004078,15,62.53,1070.11,Month-to-month,DSL,No,No,No,No,Yes,Yes,No,Mailed check,Yes,No,Yes,No,1
CUST-004079,68,47.15,3222.88,Month-to-month,DSL,No,No,Yes,No,No,Yes,Yes,Electronic check,No,Yes,No,No,0
CUST-004080,45,61.58,2769.95,Month-to-month,No,No,No,No,Yes,Yes,Yes,Yes,Credit card,No,No,Yes,No,0
CUST-004081,63,116.98,7171.63,One year,Fiber optic,Yes,No,Yes,No,No,Yes,No,Mailed check,No,No,No,No,0
CUST-004082,55,110.85,6186.74,Month-to-month,Fiber optic,Yes,No,Yes,Yes,Yes,Yes,Yes,Electronic check,No,No,No,No,1
CUST-004083,32,66.86,1924.38,Month-to-month,No,Yes,Yes,Yes,No,Yes,Yes,No,Bank transfer,Yes,No,Yes,No,0
CUST-004084,16,76.67,1269.23,One year,DSL,No,No,Yes,No,Yes,Yes,Yes,Bank transfer,Yes,Yes,Yes,No,0
CUST-004085,34,93.27,3089.02,Month-to-month,DSL,No,Yes,Yes,Yes,Yes,No,Yes,Mailed check,Yes,No,Yes,No,1
CUST-004086,26,69.12,1717.57,Month-to-month,Fiber optic,No,No,Yes,Yes,No,Yes,No,Credit card,No,No,No,Yes,1
CUST-004087,26,98.45,2648.03,One year,Fiber optic,No,Yes,No,No,Yes,Yes,Yes,Mailed check,No,No,Yes,Yes,0
CUST-004088,3,78.62,40.84,One year,DSL,No,Yes,Yes,Yes,Yes,Yes,No,Electronic check,No,No,No,Yes,0
CUST-004089,40,98.77,4050.37,Two year,Fiber optic,Yes,No,Yes,No,No,Yes,Yes,Electronic check,Yes,No,No,Yes,0
CUST-004090,39,108.05,4090.65,Month-to-month,Fiber optic,No,No,No,Yes,Yes,Yes,Yes,Bank transfer,No,No,Yes,No,1
CUST-004091,3,112.52,328.18,Month-to-month,Fiber optic,Yes,No,No,No,Yes,Yes,Yes,Electronic check,No,No,No,No,1
CUST-004092,36,41.09,1353.53,Month-to-month,No,No,No,No,Yes,Yes,Yes,Yes,Bank transfer,No,No,No,No,1
CUST-004093,29,81.23,2339.68,Month-to-month,DSL,Yes,No,Yes,No,No,Yes,Yes,Credit card,Yes,No,No,No,1
CUST-004094,50,115.66,5825.73,One year,Fiber optic,Yes,No,Yes,Yes,No,Yes,No,Credit card,Yes,No,Yes,No,1
CUST-004095,67,109.22,7277.26,Two year,Fiber optic,Yes,No,No,Yes,Yes,Yes,Yes,Credit card,Yes,No,No,Yes,0
CUST-004096,39,56.53,2211.8,Month-to-month,No,Yes,Yes,No,No,No,No,Yes,Electronic check,No,No,Yes,No,0
CUST-004097,65,106.58,6792.36,Month-to-month,Fiber optic,Yes,No,No,No,Yes,Yes,Yes,Electronic check,Yes,No,Yes,No,1
CUST-004098,63,87.36,5504.79,Month-to-month,DSL,Yes,Yes,Yes,Yes,Yes,Yes,No,Mailed check,Yes,No,No,No,0
CUST-004099,11,102.0,1228.02,Month-to-month,Fiber optic,No,No,Yes,No,No,Yes,No,Mailed check,No,No,Yes,Yes,1
CUST-004100,61,72.97,4630.7,Month-to-month,DSL,No,No,Yes,No,Yes,Yes,No,Credit card,Yes,Yes,Yes,No,1
CUST-004101,12,65.42,840.58,Month-to-month,DSL,Yes,Yes,No,Yes,Yes,Yes,No,Electronic check,No,No,Yes,Yes,0
CUST-004102,8,106.01,511.68,Month-to-month,Fiber optic,Yes,No,Yes,No,No,Yes,Yes,Electronic check,No,No,Yes,No,1
CUST-004103,13,74.0,892.01,Month-to-month,DSL,No,No,Yes,No,No,Yes,Yes,Bank transfer,No,No,No,No,1
CUST-004104,43,37.02,1824.7,Month-to-month,No,No,Yes,Yes,Yes,No,Yes,No,Electronic check,No,No,Yes,Yes,0
CUST-004105,3,109.63,348.76,Month-to-month,Fiber optic,No,Yes,No,Yes,No,Yes,Yes,Mailed check,No,No,No,No,1
CUST-004106,49,117.23,5699.99,Month-to-month,Fiber optic,No,Yes,No,No,Yes,Yes,No,Bank transfer,Yes,No,No,No,0
CUST-004107,46,65.03,2944.77,Month-to-month,No,Yes,Yes,Yes,Yes,Yes,Yes,No,Bank transfer,Yes,No,No,No,0
CUST-004108,33,33.21,887.02,Month-to-month,No,No,No,No,Yes,Yes,Yes,No,Electronic check,Yes,No,Yes,No,1
CUST-004109,2,71.22,10.48,Two year,DSL,Yes,No,Yes,No,No,Yes,No,Electronic check,No,No,No,No,0
CUST-004110,20,110.65,2595.23,Month-to-month,Fiber optic,No,Yes,No,Yes,Yes,Yes,Yes,Credit card,Yes,No,Yes,Yes,1
CUST-004111,41,121.3,5060.69,Month-to-month,Fiber optic,Yes,No,No,Yes,No,Yes,No,Credit card,Yes,No,No,Yes,1
CUST-004112,10,121.61,974.74,One year,Fiber optic,No,Yes,No,Yes,Yes,Yes,No,Electronic check,No,No,No,No,1
CUST-004113,44,73.56,3347.58,Two year,DSL,Yes,Yes,No,No,Yes,Yes,Yes,Bank transfer,No,No,No,No,0
CUST-004114,54,129.74,7208.3,Month-to-month,Fiber optic,Yes,Yes,No,Yes,No,Yes,No,Electronic check,Yes,No,Yes,No,1
CUST-004115,56,87.66,5051.55,Month-to-month,DSL,Yes,Yes,Yes,Yes,Yes,No,No,Electronic check,No,No,No,No,0
CUST-004116,1,104.44,0.0,One year,DSL,Yes,Yes,No,No,Yes,Yes,Yes,Mailed check,Yes,Yes,Yes,Yes,0
CUST-004117,35,91.87,3501.86,Month-to-month,Fiber optic,No,No,No,No,No,Yes,Yes,Bank transfer,Yes,No,No,No,0
CUST-004118,38,55.16,1975.76,One year,DSL,No,Yes,No,Yes,No,No,Yes,Electronic check,No,No,Yes,Yes,0
CUST-004119,23,68.9,1388.02,Two year,DSL,No,No,No,Yes,Yes,Yes,Yes,Electronic check,No,No,No,No,0
CUST-004120,72,103.62,7373.36,One year,Fiber optic,Yes,No,Yes,Yes,Yes,Yes,No,Credit card,No,No,Yes,Yes,0
CUST-004121,26,108.32,3083.15,Month-to-month,Fiber optic,Yes,No,Yes,No,No,Yes,No,Electronic check,Yes,No,Yes,Yes,1
CUST-004122,52,94.96,5166.35,Month-to-month,Fiber optic,No,No,Yes,Yes,No,Yes,Yes,Bank transfer,Yes,No,Yes,No,1
CUST-004123,48,110.45,5043.95,Month-to-month,Fiber optic,No,No,Yes,No,Yes,Yes,No,Electronic check,No,No,No,Yes,1
CUST-004124,12,100.35,1083.95,One year,Fiber optic,No,No,Yes,No,Yes,Yes,Yes,Bank transfer,Yes,No,No,No,1
CUST-004125,4,106.82,290.24,Month-to-month,Fiber optic,Yes,Yes,No,No,Yes,Yes,No,Electronic check,Yes,No,No,No,1
CUST-004126,61,49.09,3057.33,One year,No,No,Yes,No,Yes,No,Yes,No,Mailed check,Yes,No,No,No,0
CUST-004127,18,113.18,1841.74,Month-to-month,Fiber optic,Yes,No,Yes,Yes,Yes,Yes,Yes,Bank transfer,Yes,No,Yes,No,1
CUST-004128,47,116.72,5341.71,Month-to-month,Fiber optic,Yes,No,Yes,Yes,Yes,Yes,Yes,Mailed check,Yes,No,No,No,0
CUST-004129,31,87.2,2862.66,Two year,DSL,No,Yes,No,No,Yes,Yes,Yes,Electronic check,Yes,No,No,No,0
CUST-004130,57,34.52,1828.41,Month-to-month,No,No,No,No,No,No,Yes,No,Credit card,Yes,Yes,No,No,1
CUST-004131,37,93.47,3523.28,Month-to-month,Fiber optic,No,No,Yes,Yes,No,Yes,No,Bank transfer,Yes,No,No,Yes,1
CUST-004132,19,81.42,1288.25,Month-to-month,Fiber optic,Yes,No,Yes,No,No,Yes,No,Credit card,No,No,No,Yes,1
CUST-004133,14,120.31,2063.83,Two year,Fiber optic,No,No,No,Yes,No,Yes,Yes,Mailed check,Yes,No,No,Yes,1
CUST-004134,68,99.26,6888.06,One year,Fiber optic,Yes,Yes,No,Yes,No,Yes,No,Bank transfer,Yes,No,No,Yes,0
CUST-004135,49,55.26,2963.1,Month-to-month,No,Yes,No,No,No,Yes,Yes,No,Credit card,Yes,No,Yes,No,0
CUST-004136,49,64.46,3110.23,Month-to-month,DSL,No,Yes,No,No,Yes,Yes,No,Electronic check,No,No,Yes,No,0
CUST-004137,41,60.05,2468.0,One year,No,No,Yes,Yes,Yes,Yes,Yes,No,Bank transfer,Yes,Yes,No,Yes,0
CUST-004138,17,18.0,0.0,One year,No,No,No,Yes,No,No,Yes,No,Mailed check,Yes,No,Yes,Yes,0
CUST-004139,18,89.47,1446.62,One year,Fiber optic,No,No,Yes,No,No,Yes,No,Electronic check,Yes,No,Yes,No,0
CUST-004140,25,118.55,3207.05,One year,Fiber optic,Yes,No,No,Yes,Yes,Yes,No,Credit card,Yes,No,No,No,0
CUST-004141,68,66.06,4361.66,One year,DSL,Yes,Yes,No,No,Yes,Yes,No,Credit card,No,No,Yes,No,0
CUST-004142,12,65.32,635.78,One year,DSL,Yes,No,Yes,No,No,Yes,No,Bank transfer,Yes,No,Yes,No,0
CUST-004143,33,83.39,2712.11,Month-to-month,DSL,Yes,No,Yes,No,Yes,Yes,No,Electronic check,Yes,Yes,No,No,1
CUST-004144,0,103.86,8.91,Month-to-month,Fiber optic,Yes,Yes,Yes,No,No,Yes,No,Electronic check,Yes,No,No,Yes,0
CUST-004145,8,116.0,997.09,Two year,Fiber optic,Yes,Yes,No,Yes,No,Yes,Yes,Mailed check,Yes,No,No,No,0
CUST-004146,5,63.24,483.66,One year,No,Yes,No,Yes,No,No,Yes,Yes,Electronic check,Yes,No,No,No,0
CUST-004147,54,36.42,1961.96,Month-to-month,No,No,No,Yes,Yes,No,Yes,No,Electronic check,Yes,No,No,No,0
CUST-004148,11,96.67,1064.5,One year,Fiber optic,Yes,Yes,No,No,Yes,Yes,No,Credit card,Yes,No,No,Yes,1
CUST-004149,14,88.02,1149.52,Month-to-month,DSL,No,No,No,Yes,Yes,Yes,No,Mailed check,Yes,No,No,No,1
CUST-004150,63,91.92,5740.2,Month-to-month,DSL,No,No,No,Yes,Yes,Yes,No,Credit card,Yes,Yes,No,No,1
CUST-004151,52,51.22,2766.24,Month-to-month,DSL,Yes,No,No,No,No,No,Yes,Bank transfer,No,No,No,No,0
CUST-004152,44,51.63,2021.24,Month-to-month,No,No,No,No,Yes,No,Yes,Yes,Bank transfer,No,No,No,No,0
CUST-004153,65,90.27,5645.08,Two year,Fiber optic,No,No,Yes,No,Yes,Yes,No,Mailed check,No,No,Yes,No,0
CUST-004154,32,89.98,2774.05,Month-to-month,DSL,Yes,No,No,Yes,Yes,Yes,Yes,Credit card,No,No,No,No,1
CUST-004155,40,95.93,3773.34,Month-to-month,Fiber optic,No,No,Yes,No,No,Yes,Yes,Electronic check,Yes,No,No,No,1
CUST-004156,37,66.77,2324.93,Month-to-month,Fiber optic,No,No,Yes,No,Yes,Yes,No,Electronic check,Yes,No,No,No,0
CUST-004157,63,63.1,4313.93,Month-to-month,DSL,No,No,No,No,No,Yes,Yes,Mailed check,Yes,No,Yes,No,0
CUST-004158,68,88.91,6066.81,Month-to-month,DSL,No,Yes,No,No,Yes,Yes,No,Electronic check,Yes,No,Yes,No,0
CUST-004159,21,98.13,1946.52,Month-to-month,Fiber optic,Yes,No,No,No,No,Yes,Yes,Electronic check,Yes,No,Yes,No,1
CUST-004160,28,77.02,2229.12,Two year,DSL,No,No,Yes,Yes,No,Yes,Yes,Mailed check,Yes,No,Yes,Yes,0
CUST-004161,46,115.35,5563.27,Month-to-month,Fiber optic,Yes,Yes,Yes,No,Yes,Yes,Yes,Bank transfer,No,Yes,No,No,1
CUST-004162,29,70.46,1664.24,Two year,DSL,No,No,Yes,No,Yes,No,Yes,Credit card,No,No,Yes,No,1
CUST-004163,12,22.21,319.64,Month-to-month,No,No,No,No,No,Yes,No,No,Mailed check,No,No,No,Yes,0
CUST-004164,12,103.82,1093.25,Month-to-month,Fiber optic,No,No,No,Yes,No,No,No,Bank transfer,Yes,No,No,No,1
CUST-004165,6,86.11,631.93,Month-to-month,DSL,No,No,No,Yes,No,Yes,Yes,Electronic check,No,No,Yes,No,1
CUST-004166,10,90.96,922.82,Two year,DSL,Yes,Yes,Yes,Yes,No,Yes,No,Electronic check,Yes,No,No,No,0
CUST-004167,57,81.86,4768.77,Two year,DSL,Yes,No,No,No,Yes,Yes,No,Electronic check,No,Yes,No,No,0
CUST-004168,1,67.79,0.0,Month-to-month,DSL,No,No,No,No,Yes,Yes,Yes,Electronic check,Yes,No,Yes,No,1
CUST-004169,51,73.13,3803.01,Two year,Fiber optic,No,No,No,No,No,Yes,Yes,Electronic check,No,No,No,No,0
CUST-004170,40,127.19,5410.4,Month-to-month,Fiber optic,Yes,Yes,Yes,Yes,Yes,Yes,Yes,Bank transfer,No,No,No,No,1
CUST-004171,68,36.12,2183.68,Month-to-month,No,No,No,Yes,Yes,No,Yes,Yes,Bank transfer,Yes,No,No,No,0
CUST-004172,41,93.54,3936.47,Month-to-month,Fiber optic,No,No,Yes,No,Yes,Yes,No,Bank transfer,No,No,Yes,No,0
CUST-004173,66,76.03,4809.77,Month-to-month,DSL,No,No,No,Yes,Yes,Yes,No,Electronic check,Yes,No,Yes,No,0
CUST-004174,38,67.23,2473.82,Month-to-month,DSL,No,No,No,No,Yes,Yes,No,Mailed check,No,No,Yes,No,0
CUST-004175,63,86.15,5546.02,Month-to-month,Fiber optic,No,No,Yes,No,No,Yes,Yes,Bank transfer,No,No,No,Yes,0
CUST-004176,53,105.2,5628.69,Month-to-month,Fiber optic,No,No,Yes,No,No,Yes,Yes,Credit card,Yes,No,Yes,No,1
CUST-004177,45,81.34,3722.32,Month-to-month,DSL,No,Yes,No,Yes,No,Yes,No,Credit card,No,No,Yes,No,0
CUST-004178,10,98.83,1139.58,One year,DSL,No,Yes,Yes,Yes,Yes,Yes,No,Electronic check,No,No,No,Yes,0
CUST-004179,40,47.71,1755.26,Month-to-month,DSL,No,No,Yes,Yes,No,Yes,No,Credit card,No,No,No,No,0
CUST-004180,42,54.84,2396.7,One year,DSL,No,No,No,No,Yes,Yes,No,Bank transfer,No,Yes,Yes,No,0
CUST-004181,18,69.15,1307.2,Month-to-month,DSL,No,Yes,Yes,Yes,Yes,Yes,No,Bank transfer,Yes,No,No,Yes,1
CUST-004182,68,100.55,6934.02,Month-to-month,Fiber optic,No,No,No,No,Yes,Yes,No,Electronic check,Yes,Yes,Yes,Yes,0
CUST-004183,13,82.62,1038.74,Month-to-month,DSL,Yes,No,No,No,Yes,Yes,Yes,Mailed check,No,No,Yes,No,1
CUST-004184,44,121.5,5287.52,Two year,Fiber optic,Yes,Yes,No,Yes,No,Yes,No,Electronic check,Yes,No,No,Yes,0
CUST-004185,32,43.5,1332.46,Month-to-month,No,No,No,Yes,Yes,No,Yes,Yes,Mailed check,No,No,No,No,0
CUST-004186,56,69.34,3776.82,Two year,DSL,No,No,No,No,Yes,Yes,Yes,Electronic check,Yes,No,Yes,No,0
CUST-004187,44,106.01,4710.86,Two year,Fiber optic,Yes,Yes,Yes,No,Yes,Yes,Yes,Mailed check,Yes,Yes,No,No,0
CUST-004188,37,92.49,3450.43,Month-to-month,Fiber optic,Yes,No,No,No,No,Yes,No,Bank transfer,Yes,No,Yes,No,1
CUST-004189,29,77.18,2331.87,Month-to-month,DSL,No,Yes,Yes,No,Yes,Yes,No,Electronic check,Yes,No,Yes,No,0
CUST-004190,8,68.39,292.5,Month-to-month,DSL,No,No,No,No,No,Yes,No,Mailed check,Yes,No,No,No,1
CUST-004191,71,109.77,8000.34,Month-to-month,Fiber optic,Yes,Yes,Yes,Yes,No,No,Yes,Mailed check,Yes,No,No,Yes,0
CUST-004192,71,50.04,3621.42,Month-to-month,No,Yes,Yes,Yes,No,Yes,Yes,Yes,Credit card,No,No,Yes,No,0
CUST-004193,60,121.66,7112.17,Month-to-month,Fiber optic,Yes,No,Yes,Yes,No,Yes,No,Electronic check,No,No,No,No,1
CUST-004194,25,96.65,2656.93,Month-to-month,Fiber optic,No,No,No,Yes,No,Yes,No,Electronic check,No,No,Yes,No,1
CUST-004195,45,44.56,1613.07,Two year,DSL,No,No,Yes,Yes,No,No,No,Bank transfer,Yes,No,Yes,Yes,0
CUST-004196,12,106.47,1294.74,Month-to-month,Fiber optic,No,No,Yes,No,Yes,Yes,No,Electronic check,No,No,No,No,1
CUST-004197,29,97.79,2756.54,One year,DSL,Yes,No,No,Yes,Yes,Yes,Yes,Electronic check,No,Yes,Yes,No,0
CUST-004198,41,83.05,3387.35,Month-to-month,Fiber optic,No,Yes,No,No,No,Yes,Yes,Credit card,No,Yes,No,No,1
CUST-004199,4,85.76,402.35,Month-to-month,Fiber optic,No,No,No,No,No,No,No,Electronic check,Yes,No,Yes,No,1
CUST-004200,8,96.27,770.88,One year,Fiber optic,No,Yes,No,No,Yes,Yes,Yes,Electronic check,No,No,No,No,0
CUST-004201,65,90.08,5846.34,One year,Fiber optic,Yes,No,No,No,No,Yes,No,Mailed check,Yes,No,Yes,Yes,0
CUST-004202,27,121.45,3369.48,Month-to-month,Fiber optic,Yes,Yes,No,Yes,No,Yes,No,Credit card,Yes,No,Yes,No,1
CUST-004203,56,53.62,3063.78,One year,Fiber optic,No,No,No,No,No,No,No,Electronic check,Yes,Yes,No,No,0
CUST-004204,39,73.25,2851.51,Month-to-month,DSL,No,Yes,No,Yes,Yes,Yes,No,Bank transfer,Yes,No,Yes,No,1
CUST-004205,24,116.34,2713.42,One year,Fiber optic,Yes,No,Yes,Yes,No,Yes,No,Credit card,No,No,No,Yes,0
CUST-004206,0,97.25,0.0,One year,DSL,No,Yes,Yes,Yes,No,Yes,No,Mailed check,No,No,Yes,No,0
CUST-004207,11,97.78,1154.57,Month-to-month,Fiber optic,Yes,No,Yes,Yes,No,Yes,Yes,Mailed check,No,Yes,No,Yes,1
CUST-004208,64,66.49,4116.1,Month-to-month,DSL,No,No,Yes,No,Yes,Yes,Yes,Credit card,Yes,No,No,No,0
CUST-004209,56,111.29,6245.5,Two year,Fiber optic,No,No,Yes,Yes,Yes,Yes,No,Credit card,Yes,Yes,No,Yes,0
CUST-004210,17,96.37,1810.18,Month-to-month,Fiber optic,No,No,No,Yes,Yes,Yes,Yes,Bank transfer,Yes,No,No,No,1
CUST-004211,38,115.86,4559.34,Month-to-month,Fiber optic,No,Yes,Yes,Yes,No,Yes,Yes,Electronic check,Yes,No,Yes,Yes,1
CUST-004212,41,112.06,4799.86,Month-to-month,Fiber optic,No,No,No,No,No,Yes,Yes,Bank transfer,Yes,Yes,No,No,1
CUST-004213,50,56.88,3027.03,Month-to-month,No,Yes,No,Yes,Yes,Yes,Yes,No,Mailed check,Yes,No,Yes,No,0
CUST-004214,49,112.67,5468.91,Month-to-month,Fiber optic,No,Yes,Yes,Yes,No,Yes,Yes,Credit card,Yes,Yes,No,No,1
CUST-004215,46,69.49,3191.67,Month-to-month,DSL,Yes,No,Yes,No,No,Yes,No,Electronic check,Yes,No,No,No,1
CUST-004216,29,76.36,2019.81,One year,DSL,No,No,Yes,No,No,Yes,Yes,Mailed check,No,No,No,No,1
CUST-004217,47,81.2,3931.0,Month-to-month,DSL,No,Yes,No,Yes,Yes,Yes,No,Bank transfer,No,No,No,Yes,1
CUST-004218,66,106.91,6459.5,Month-to-month,Fiber optic,Yes,No,Yes,No,No,Yes,No,Credit card,No,No,No,Yes,0
CUST-004219,9,100.65,731.52,Two year,Fiber optic,No,Yes,No,Yes,No,Yes,No,Credit card,Yes,No,Yes,No,0
CUST-004220,56,66.17,3631.86,Month-to-month,DSL,No,No,Yes,No,No,Yes,No,Bank transfer,Yes,No,No,Yes,1
CUST-004221,30,99.4,2978.07,One year,Fiber optic,Yes,No,No,Yes,Yes,No,No,Mailed check,No,No,Yes,No,1
CUST-004222,48,83.83,4143.39,Month-to-month,DSL,Yes,No,Yes,Yes,Yes,Yes,Yes,Electronic check,Yes,No,No,No,0
CUST-004223,34,89.22,2941.51,Month-to-month,Fiber optic,No,No,No,No,No,No,No,Electronic check,No,Yes,No,No,1
CUST-004224,42,71.15,2717.66,Month-to-month,DSL,Yes,No,Yes,No,Yes,Yes,Yes,Electronic check,Yes,No,No,Yes,1
CUST-004225,47,38.21,2015.29,Two year,No,Yes,Yes,No,Yes,No,No,No,Electronic check,Yes,Yes,No,No,0
CUST-004226,58,126.83,7008.6,Month-to-month,Fiber optic,Yes,Yes,Yes,No,Yes,Yes,Yes,Credit card,No,No,No,No,0
CUST-004227,33,78.71,2906.32,One year,DSL,No,No,No,No,Yes,Yes,Yes,Electronic check,Yes,No,No,Yes,0
CUST-004228,6,64.78,141.7,Month-to-month,DSL,No,No,Yes,Yes,No,Yes,No,Credit card,No,No,No,Yes,0
CUST-004229,3,100.56,439.95,Month-to-month,Fiber optic,No,Yes,Yes,No,No,Yes,Yes,Electronic check,No,No,No,No,1
CUST-004230,64,107.83,7257.72,Two year,Fiber optic,Yes,Yes,Yes,No,No,No,No,Bank transfer,No,No,No,No,0
CUST-004231,64,65.28,4300.61,Two year,DSL,No,No,No,No,Yes,Yes,Yes,Mailed check,Yes,No,No,Yes,0
CUST-004232,23,121.77,2997.46,Month-to-month,Fiber optic,Yes,Yes,No,Yes,No,Yes,No,Bank transfer,Yes,No,No,No,1
CUST-004233,67,94.7,6003.39,Two year,DSL,No,Yes,Yes,Yes,Yes,Yes,No,Credit card,Yes,Yes,No,No,0
CUST-004234,3,51.99,0.0,One year,No,No,Yes,No,Yes,Yes,Yes,No,Electronic check,Yes,No,Yes,Yes,1
CUST-004235,61,40.34,2529.06,Two year,No,Yes,Yes,No,Yes,No,Yes,No,Credit card,Yes,No,No,No,0
CUST-004236,26,78.16,2089.98,Two year,DSL,No,No,No,No,No,Yes,No,Credit card,No,No,Yes,No,0
CUST-004237,19,108.98,2006.07,Two year,Fiber optic,Yes,No,No,Yes,Yes,Yes,Yes,Bank transfer,Yes,No,Yes,No,0
CUST-004238,24,68.02,1639.97,Month-to-month,DSL,Yes,Yes,No,No,No,Yes,No,Mailed check,Yes,No,No,No,0
CUST-004239,57,63.2,3636.33,Two year,No,Yes,No,No,No,No,Yes,No,Electronic check,Yes,Yes,Yes,Yes,0
CUST-004240,72,18.3,885.55,Month-to-month,No,No,No,No,No,No,Yes,No,Bank transfer,Yes,No,No,Yes,0
CUST-004241,13,72.68,920.42,Two year,DSL,No,No,Yes,Yes,No,Yes,No,Electronic check,Yes,No,No,Yes,0
CUST-004242,21,71.26,1366.41,One year,No,Yes,No,No,Yes,Yes,Yes,Yes,Bank transfer,Yes,No,Yes,Yes,0
CUST-004243,16,94.52,1393.59,Two year,Fiber optic,No,Yes,No,Yes,No,Yes,No,Electronic check,Yes,No,No,No,0
CUST-004244,25,73.04,1648.76,One year,DSL,Yes,Yes,Yes,Yes,No,Yes,Yes,Electronic check,No,No,Yes,No,0
CUST-004245,19,89.22,1781.44,Month-to-month,DSL,Yes,Yes,Yes,No,Yes,Yes,Yes,Mailed check,No,No,Yes,Yes,1
CUST-004246,60,65.04,3930.67,One year,DSL,No,No,No,Yes,No,Yes,Yes,Electronic check,Yes,No,Yes,Yes,0
CUST-004247,63,52.86,3151.49,Month-to-month,No,Yes,No,Yes,No,No,Yes,Yes,Credit card,Yes,No,No,Yes,0
CUST-004248,59,110.85,6531.53,Month-to-month,Fiber optic,No,Yes,No,No,Yes,Yes,Yes,Electronic check,No,No,No,No,1
CUST-004249,66,39.93,2995.8,Two year,No,No,No,Yes,No,No,Yes,No,Credit card,Yes,No,Yes,Yes,0
CUST-004250,33,85.06,2720.06,Two year,DSL,No,Yes,No,Yes,No,Yes,Yes,Credit card,Yes,Yes,Yes,Yes,1
CUST-004251,58,47.82,2873.43,Month-to-month,No,Yes,Yes,No,No,Yes,Yes,Yes,Electronic check,Yes,Yes,Yes,Yes,0
CUST-004252,63,68.67,4296.66,Month-to-month,DSL,Yes,No,No,No,Yes,Yes,No,Mailed check,Yes,No,Yes,Yes,0
CUST-004253,32,104.98,3170.56,Month-to-month,Fiber optic,No,Yes,Yes,Yes,No,Yes,Yes,Mailed check,No,No,No,No,1
CUST-004254,1,75.48,179.62,One year,DSL,No,Yes,Yes,Yes,No,No,Yes,Bank transfer,Yes,No,Yes,Yes,0
CUST-004255,60,88.7,5362.02,Month-to-month,Fiber optic,Yes,Yes,No,No,No,No,No,Bank transfer,No,No,No,Yes,0
CUST-004256,52,99.68,5160.5,Month-to-month,Fiber optic,No,No,Yes,No,No,Yes,Yes,Electronic check,Yes,No,Yes,No,1
CUST-004257,64,56.17,3935.76,Month-to-month,No,No,Yes,No,Yes,No,Yes,No,Mailed check,No,No,No,Yes,0
CUST-004258,5,73.78,556.05,Month-to-month,DSL,No,No,No,Yes,No,Yes,No,Electronic check,Yes,No,Yes,No,1
CUST-004259,71,90.22,6168.74,Two year,DSL,No,Yes,No,Yes,No,Yes,Yes,Electronic check,Yes,Yes,No,No,0
CUST-004260,12,119.35,1779.35,Month-to-month,Fiber optic,No,Yes,Yes,No,Yes,Yes,No,Electronic check,Yes,No,Yes,Yes,1
CUST-004261,49,113.38,5468.26,One year,Fiber optic,Yes,Yes,No,Yes,Yes,Yes,No,Bank transfer,No,No,Yes,No,0
CUST-004262,70,44.3,2971.14,One year,DSL,No,No,No,No,No,No,No,Bank transfer,Yes,No,No,Yes,0
CUST-004263,67,44.11,2867.2,Two year,No,No,Yes,No,Yes,No,Yes,No,Credit card,No,No,No,Yes,0
CUST-004264,72,53.64,3981.77,Month-to-month,No,No,Yes,Yes,No,Yes,Yes,No,Electronic check,No,Yes,Yes,No,0
CUST-004265,68,81.39,5620.02,Month-to-month,Fiber optic,No,No,No,Yes,No,Yes,No,Credit card,No,No,Yes,No,0
CUST-004266,46,104.88,4899.55,One year,Fiber optic,Yes,No,No,No,No,Yes,No,Credit card,Yes,No,No,No,0
CUST-004267,49,62.59,3034.24,Month-to-month,DSL,No,Yes,Yes,No,No,Yes,No,Credit card,Yes,No,Yes,No,0
CUST-004268,32,113.39,3601.54,Month-to-month,Fiber optic,Yes,Yes,No,Yes,Yes,Yes,No,Bank transfer,Yes,No,No,No,1
CUST-004269,30,60.67,2096.61,Month-to-month,No,Yes,Yes,No,Yes,No,Yes,Yes,Mailed check,Yes,No,Yes,No,0
CUST-004270,63,102.71,6508.67,Month-to-month,Fiber optic,No,No,Yes,Yes,Yes,Yes,Yes,Credit card,No,No,No,No,1
CUST-004271,29,140.45,3928.41,Month-to-month,Fiber optic,Yes,No,No,Yes,Yes,Yes,Yes,Credit card,Yes,No,Yes,No,1
CUST-004272,30,88.65,2997.19,One year,DSL,Yes,Yes,No,Yes,Yes,Yes,Yes,Bank transfer,Yes,No,Yes,Yes,0
CUST-004273,17,106.14,1832.41,One year,Fiber optic,No,Yes,Yes,No,Yes,Yes,No,Mailed check,Yes,No,Yes,No,0
CUST-004274,40,86.48,3339.52,Month-to-month,Fiber optic,No,No,No,No,Yes,Yes,No,Mailed check,No,Yes,Yes,No,0
CUST-004275,68,66.95,4460.51,Two year,DSL,Yes,No,Yes,No,Yes,Yes,No,Credit card,Yes,No,Yes,Yes,0
CUST-004276,8,70.63,599.37,Two year,DSL,No,Yes,No,No,Yes,Yes,No,Credit card,No,No,Yes,No,0
CUST-004277,46,101.32,4711.24,One year,Fiber optic,No,Yes,Yes,Yes,Yes,No,No,Mailed check,No,Yes,Yes,No,1
CUST-004278,37,108.01,4007.84,One year,Fiber optic,Yes,No,Yes,No,No,Yes,Yes,Credit card,No,Yes,Yes,No,0
CUST-004279,52,105.47,5364.49,Month-to-month,Fiber optic,No,No,No,Yes,Yes,Yes,No,Credit card,No,Yes,Yes,No,1
CUST-004280,9,94.47,576.29,Two year,Fiber optic,No,No,No,No,No,Yes,No,Mailed check,Yes,No,No,No,1
CUST-004281,5,113.09,607.68,Two year,Fiber optic,Yes,No,Yes,Yes,Yes,Yes,No,Bank transfer,No,No,No,Yes,0
CUST-004282,23,48.08,1159.42,Month-to-month,No,No,No,No,Yes,No,Yes,Yes,Electronic check,Yes,No,Yes,Yes,1
CUST-004283,39,53.04,1988.34,Month-to-month,DSL,No,No,No,No,Yes,Yes,No,Electronic check,Yes,No,Yes,No,0
CUST-004284,18,141.19,2592.6,One year,Fiber optic,Yes,Yes,No,Yes,Yes,Yes,Yes,Bank transfer,Yes,Yes,No,No,1
CUST-004285,42,93.73,3934.71,One year,DSL,Yes,Yes,Yes,Yes,No,Yes,Yes,Electronic check,Yes,No,No,Yes,0
CUST-004286,53,90.95,4791.24,One year,Fiber optic,No,No,Yes,Yes,No,Yes,Yes,Electronic check,No,No,Yes,Yes,0
CUST-004287,1,91.51,0.0,Month-to-month,DSL,Yes,Yes,Yes,Yes,Yes,Yes,Yes,Bank transfer,Yes,No,No,No,0
CUST-004288,47,116.1,5417.61,Month-to-month,Fiber optic,No,Yes,No,Yes,Yes,Yes,Yes,Mailed check,Yes,No,No,Yes,0
CUST-004289,26,56.85,1430.56,Two year,No,No,Yes,Yes,No,Yes,Yes,Yes,Electronic check,Yes,No,Yes,No,0
CUST-004290,61,123.18,7484.99,Month-to-month,Fiber optic,Yes,Yes,Yes,Yes,No,Yes,No,Electronic check,No,No,No,No,0
CUST-004291,68,57.67,3666.05,Month-to-month,Fiber optic,No,No,No,No,No,No,No,Bank transfer,Yes,No,No,No,0
CUST-004292,64,61.27,4057.2,Month-to-month,DSL,Yes,No,No,Yes,No,Yes,No,Bank transfer,Yes,Yes,No,No,0
CUST-004293,11,81.3,984.69,Month-to-month,Fiber optic,No,No,No,Yes,No,Yes,Yes,Mailed check,Yes,No,Yes,No,1
CUST-004294,8,110.62,1012.41,One year,Fiber optic,Yes,Yes,No,No,No,Yes,Yes,Electronic check,Yes,No,No,No,1
CUST-004295,58,124.66,7325.22,Month-to-month,Fiber optic,No,Yes,No,Yes,Yes,Yes,Yes,Bank transfer,Yes,No,No,No,1
CUST-004296,72,113.84,8103.52,Two year,Fiber optic,No,Yes,No,Yes,Yes,Yes,No,Mailed check,No,No,Yes,No,0
CUST-004297,19,78.3,1274.43,One year,DSL,No,No,No,Yes,Yes,Yes,Yes,Credit card,Yes,No,Yes,No,0
CUST-004298,62,69.44,4215.66,Month-to-month,Fiber optic,Yes,No,No,No,No,Yes,No,Electronic check,Yes,No,Yes,No,0
CUST-004299,42,97.69,3809.52,Month-to-month,Fiber optic,No,Yes,No,Yes,No,Yes,No,Electronic check,Yes,No,Yes,No,1
CUST-004300,25,100.92,2436.56,Two year,Fiber optic,No,No,No,Yes,Yes,Yes,No,Credit card,No,No,Yes,No,1
CUST-004301,4,63.89,190.33,Month-to-month,DSL,No,No,No,No,Yes,Yes,Yes,Mailed check,No,No,No,No,1
CUST-004302,41,68.03,2596.54,Month-to-month,DSL,No,No,No,Yes,Yes,Yes,Yes,Bank transfer,Yes,No,No,No,1
CUST-004303,45,109.14,4911.15,Month-to-month,Fiber optic,Yes,No,No,No,No,Yes,No,Credit card,Yes,Yes,No,No,1
CUST-004304,5,42.86,268.07,Two year,No,No,No,Yes,No,Yes,Yes,Yes,Mailed check,Yes,No,No,Yes,0
CUST-004305,27,116.77,3196.84,Month-to-month,Fiber optic,Yes,Yes,No,No,No,Yes,Yes,Credit card,Yes,No,Yes,No,0
CUST-004306,15,78.14,1316.73,One year,DSL,Yes,No,No,Yes,Yes,Yes,Yes,Electronic check,Yes,No,Yes,No,0
CUST-004307,8,78.32,483.13,One year,DSL,Yes,Yes,Yes,No,Yes,Yes,No,Mailed check,Yes,No,Yes,Yes,0
CUST-004308,23,118.36,2791.41,One year,Fiber optic,No,No,Yes,Yes,No,Yes,No,Credit card,Yes,No,Yes,No,1
CUST-004309,7,87.56,622.98,Month-to-month,DSL,No,No,No,Yes,Yes,Yes,No,Electronic check,No,Yes,No,No,1
CUST-004310,37,53.21,1877.02,Month-to-month,No,No,No,Yes,No,Yes,No,No,Electronic check,No,No,No,No,0
CUST-004311,59,31.93,1742.58,Month-to-month,No,No,No,Yes,Yes,No,No,No,Bank transfer,Yes,Yes,No,No,0
CUST-004312,6,67.58,239.8,Month-to-month,DSL,Yes,No,No,No,Yes,Yes,No,Bank transfer,No,No,Yes,No,1
CUST-004313,54,104.59,5800.43,Month-to-month,Fiber optic,No,No,Yes,No,Yes,Yes,No,Electronic check,No,Yes,Yes,Yes,0
CUST-004314,72,76.98,5831.59,Month-to-month,DSL,No,No,No,No,Yes,Yes,No,Bank transfer,Yes,No,No,No,0
CUST-004315,13,61.27,1156.69,Month-to-month,DSL,No,No,No,No,No,Yes,No,Electronic check,Yes,No,No,No,0
CUST-004316,66,108.77,7385.55,Month-to-month,Fiber optic,Yes,Yes,No,No,No,Yes,Yes,Mailed check,Yes,Yes,No,No,0
CUST-004317,70,108.83,7648.58,Month-to-month,Fiber optic,No,No,Yes,Yes,Yes,Yes,No,Mailed check,Yes,No,Yes,Yes,0
CUST-004318,28,73.89,2293.85,One year,DSL,Yes,No,Yes,Yes,No,Yes,No,Credit card,No,No,Yes,No,0
CUST-004319,4,108.52,637.17,Month-to-month,Fiber optic,Yes,No,Yes,Yes,Yes,Yes,No,Electronic check,Yes,No,No,Yes,1
CUST-004320,60,97.08,5901.22,One year,Fiber optic,No,Yes,No,Yes,Yes,Yes,Yes,Electronic check,Yes,No,Yes,No,0
CUST-004321,3,104.04,246.43,Month-to-month,Fiber optic,No,No,Yes,No,Yes,Yes,Yes,Credit card,No,No,No,No,1
CUST-004322,36,85.63,2981.73,Month-to-month,DSL,No,Yes,Yes,No,Yes,Yes,Yes,Electronic check,Yes,No,Yes,No,1
CUST-004323,23,127.2,3110.47,Two year,Fiber optic,Yes,Yes,Yes,No,No,Yes,Yes,Electronic check,Yes,Yes,No,Yes,1
CUST-004324,17,115.35,1877.8,One year,Fiber optic,No,Yes,Yes,Yes,Yes,No,Yes,Mailed check,Yes,No,No,Yes,0
CUST-004325,33,112.14,3559.67,Month-to-month,Fiber optic,Yes,Yes,No,No,Yes,Yes,Yes,Credit card,No,Yes,Yes,No,1
CUST-004326,39,90.59,3412.41,Month-to-month,DSL,Yes,Yes,Yes,No,Yes,Yes,No,Mailed check,No,No,Yes,No,1
CUST-004327,10,111.78,1071.5,Month-to-month,Fiber optic,No,Yes,Yes,No,Yes,Yes,Yes,Electronic check,Yes,No,No,No,1
CUST-004328,9,50.09,447.68,Month-to-month,DSL,No,No,No,No,Yes,Yes,Yes,Credit card,Yes,Yes,No,No,1
CUST-004329,69,106.2,7220.3,One year,Fiber optic,No,No,Yes,Yes,No,Yes,Yes,Mailed check,Yes,No,Yes,No,0
CUST-004330,46,98.33,4577.63,Month-to-month,Fiber optic,Yes,No,Yes,No,Yes,Yes,Yes,Electronic check,No,No,Yes,No,1
CUST-004331,52,102.81,5733.11,One year,Fiber optic,No,No,Yes,No,No,Yes,Yes,Electronic check,Yes,No,Yes,No,0
CUST-004332,61,72.52,4520.03,One year,DSL,No,No,Yes,No,No,Yes,No,Bank transfer,Yes,No,No,No,0
CUST-004333,13,66.47,1042.72,Month-to-month,DSL,Yes,No,Yes,No,No,Yes,No,Electronic check,Yes,No,No,No,0
CUST-004334,3,97.94,230.92,One year,Fiber optic,Yes,No,Yes,No,No,Yes,No,Credit card,Yes,Yes,No,No,1
CUST-004335,30,81.52,2603.62,Month-to-month,DSL,Yes,Yes,Yes,No,Yes,Yes,Yes,Mailed check,No,No,Yes,No,0
CUST-004336,6,71.01,249.78,Month-to-month,DSL,Yes,No,Yes,No,No,Yes,Yes,Credit card,Yes,No,No,No,1
CUST-004337,15,85.55,1168.08,Month-to-month,DSL,Yes,No,No,Yes,No,Yes,Yes,Bank transfer,Yes,No,Yes,No,1
CUST-004338,18,57.46,1009.21,Two year,No,No,Yes,Yes,No,No,No,Yes,Bank transfer,Yes,No,Yes,No,1
CUST-004339,10,50.15,605.38,Month-to-month,DSL,No,No,No,No,No,Yes,No,Credit card,No,Yes,No,Yes,0
CUST-004340,11,102.77,1129.09,Month-to-month,Fiber optic,No,No,No,Yes,Yes,Yes,No,Electronic check,Yes,No,Yes,No,1
CUST-004341,68,40.79,2706.41,One year,No,Yes,No,Yes,No,No,Yes,No,Mailed check,No,No,No,No,0
CUST-004342,6,60.77,368.77,One year,DSL,No,No,Yes,Yes,No,Yes,No,Electronic check,Yes,No,Yes,No,1
CUST-004343,18,105.89,1847.52,One year,Fiber optic,No,No,No,No,No,Yes,Yes,Electronic check,Yes,No,No,Yes,1
CUST-004344,55,120.05,6681.51,Month-to-month,Fiber optic,Yes,Yes,Yes,Yes,Yes,Yes,No,Electronic check,Yes,No,Yes,No,0
CUST-004345,15,47.23,746.08,One year,DSL,No,No,No,No,No,Yes,No,Mailed check,Yes,Yes,No,Yes,1
CUST-004346,17,128.54,2239.43,One year,Fiber optic,Yes,Yes,Yes,No,Yes,Yes,Yes,Electronic check,Yes,No,No,No,1
CUST-004347,23,74.0,1841.17,One year,DSL,No,No,Yes,Yes,Yes,Yes,Yes,Electronic check,No,No,No,Yes,0
CUST-004348,54,49.49,2483.42,Month-to-month,No,No,No,Yes,Yes,No,Yes,No,Electronic check,Yes,No,No,No,1
CUST-004349,64,48.12,3191.3,One year,DSL,No,No,Yes,No,No,No,No,Bank transfer,No,No,Yes,Yes,0
CUST-004350,21,49.49,1329.22,Month-to-month,No,No,Yes,No,No,Yes,Yes,Yes,Mailed check,Yes,No,Yes,Yes,0
CUST-004351,60,46.35,2737.02,One year,No,Yes,No,Yes,No,No,Yes,Yes,Mailed check,Yes,No,Yes,No,0
CUST-004352,32,127.24,4052.68,One year,Fiber optic,Yes,Yes,Yes,Yes,Yes,Yes,Yes,Electronic check,No,No,No,Yes,0
CUST-004353,52,37.64,1956.38,Month-to-month,DSL,No,No,Yes,No,No,No,Yes,Credit card,Yes,No,Yes,No,1
CUST-004354,53,102.9,5376.1,One year,Fiber optic,No,No,No,Yes,Yes,Yes,No,Mailed check,Yes,No,Yes,Yes,0
CUST-004355,34,85.45,2962.62,Month-to-month,DSL,No,No,No,Yes,No,Yes,Yes,Credit card,Yes,No,No,No,0
CUST-004356,66,35.57,2330.74,One year,No,No,No,No,Yes,Yes,Yes,No,Electronic check,Yes,No,Yes,Yes,0
CUST-004357,0,40.07,188.42,Month-to-month,No,No,No,No,Yes,Yes,Yes,Yes,Electronic check,Yes,No,Yes,No,1
CUST-004358,33,111.51,3809.76,Two year,Fiber optic,No,Yes,No,Yes,Yes,Yes,No,Electronic check,Yes,No,Yes,Yes,0
CUST-004359,20,126.69,2796.73,Month-to-month,Fiber optic,No,No,Yes,Yes,Yes,Yes,Yes,Bank transfer,Yes,No,No,Yes,1
CUST-004360,25,101.41,2751.78,Month-to-month,Fiber optic,Yes,No,Yes,Yes,Yes,No,Yes,Electronic check,Yes,No,Yes,Yes,0
CUST-004361,25,100.08,2599.84,One year,Fiber optic,Yes,No,Yes,Yes,No,No,Yes,Electronic check,Yes,No,Yes,No,1
CUST-004362,48,101.75,4994.2,Two year,Fiber optic,No,No,Yes,Yes,No,Yes,No,Electronic check,Yes,No,No,No,0
CUST-004363,55,105.16,5764.89,Two year,DSL,Yes,Yes,Yes,Yes,Yes,Yes,Yes,Credit card,Yes,No,No,No,0
CUST-004364,18,98.79,1751.95,Month-to-month,Fiber optic,Yes,No,No,Yes,Yes,Yes,No,Credit card,Yes,No,No,No,1
CUST-004365,21,60.88,1335.27,One year,DSL,No,No,No,No,Yes,Yes,Yes,Bank transfer,Yes,No,Yes,Yes,0
CUST-004366,17,38.55,531.4,Month-to-month,No,No,No,Yes,Yes,No,Yes,No,Credit card,Yes,No,No,Yes,0
CUST-004367,65,66.68,4556.26,One year,No,Yes,No,No,Yes,Yes,Yes,No,Credit card,Yes,No,Yes,Yes,0
CUST-004368,10,102.5,824.4,Month-to-month,Fiber optic,No,No,No,Yes,No,Yes,Yes,Credit card,Yes,No,Yes,No,1
CUST-004369,65,54.62,3495.52,One year,No,No,No,No,Yes,Yes,Yes,Yes,Electronic check,Yes,No,No,Yes,1
CUST-004370,20,94.57,1784.47,Month-to-month,Fiber optic,Yes,No,No,No,No,No,No,Credit card,No,No,No,No,1
CUST-004371,57,36.55,2218.13,Month-to-month,No,No,No,No,Yes,No,Yes,Yes,Credit card,Yes,Yes,No,No,1
CUST-004372,40,82.23,3501.14,One year,DSL,Yes,Yes,No,Yes,Yes,Yes,No,Mailed check,No,No,Yes,Yes,0
CUST-004373,1,99.49,83.94,Month-to-month,Fiber optic,No,No,No,No,Yes,Yes,Yes,Credit card,Yes,No,No,No,0
CUST-004374,46,83.12,3382.89,One year,Fiber optic,No,No,Yes,No,No,Yes,Yes,Bank transfer,Yes,No,No,Yes,1
CUST-004375,35,110.27,3859.77,Month-to-month,Fiber optic,Yes,Yes,Yes,No,No,Yes,No,Electronic check,Yes,Yes,No,No,1
CUST-004376,68,39.39,2853.16,Two year,No,No,No,No,Yes,Yes,Yes,No,Mailed check,Yes,No,Yes,Yes,0
CUST-004377,24,87.76,2018.24,One year,DSL,No,Yes,Yes,Yes,Yes,Yes,No,Credit card,Yes,No,Yes,No,0
CUST-004378,21,71.77,1469.58,One year,No,No,No,No,Yes,No,No,Yes,Bank transfer,No,No,Yes,No,1
CUST-004379,23,87.02,1741.38,Month-to-month,DSL,No,Yes,Yes,Yes,No,Yes,Yes,Electronic check,No,Yes,Yes,No,1
CUST-004380,54,40.23,2339.63,Month-to-month,No,Yes,Yes,Yes,No,Yes,Yes,Yes,Mailed check,Yes,No,No,No,0
CUST-004381,5,71.54,485.88,One year,DSL,Yes,Yes,No,No,No,Yes,Yes,Mailed check,No,No,No,No,0
CUST-004382,45,57.75,2630.52,Month-to-month,DSL,No,Yes,Yes,No,No,Yes,Yes,Mailed check,Yes,No,Yes,Yes,0
CUST-004383,28,87.42,2622.33,Two year,Fiber optic,No,Yes,No,Yes,No,No,Yes,Bank transfer,Yes,No,No,Yes,0
CUST-004384,69,95.44,6825.41,Two year,Fiber optic,No,No,No,Yes,Yes,Yes,No,Electronic check,No,No,Yes,No,0
CUST-004385,34,62.26,2033.0,Month-to-month,No,No,Yes,Yes,Yes,No,Yes,No,Mailed check,Yes,No,No,No,1
CUST-004386,70,70.03,5175.59,One year,DSL,No,Yes,Yes,Yes,No,Yes,No,Electronic check,Yes,No,Yes,No,0
CUST-004387,69,86.18,6003.53,Two year,DSL,Yes,Yes,Yes,No,Yes,Yes,Yes,Mailed check,Yes,No,No,No,0
CUST-004388,34,87.38,3074.74,Month-to-month,DSL,Yes,Yes,No,Yes,No,Yes,No,Mailed check,Yes,No,Yes,No,0
CUST-004389,16,96.22,1743.7,Month-to-month,DSL,Yes,Yes,No,Yes,Yes,Yes,Yes,Electronic check,No,Yes,Yes,Yes,1
CUST-004390,29,135.76,4052.08,One year,Fiber optic,Yes,Yes,No,Yes,Yes,Yes,No,Electronic check,Yes,No,Yes,No,0
CUST-004391,20,111.37,2206.96,One year,Fiber optic,No,Yes,Yes,No,Yes,Yes,No,Bank transfer,Yes,No,No,Yes,0
CUST-004392,61,99.21,6153.47,One year,Fiber optic,No,No,Yes,Yes,No,Yes,No,Bank transfer,Yes,No,No,No,0
CUST-004393,71,100.84,7347.17,Month-to-month,Fiber optic,No,No,Yes,Yes,No,Yes,Yes,Credit card,Yes,No,Yes,No,1
CUST-004394,1,116.54,285.06,Month-to-month,Fiber optic,Yes,Yes,No,No,No,Yes,Yes,Credit card,No,No,Yes,Yes,1
CUST-004395,26,110.72,2919.45,Two year,Fiber optic,Yes,No,No,Yes,Yes,Yes,Yes,Electronic check,Yes,No,No,No,1
CUST-004396,53,67.65,3514.16,Month-to-month,DSL,No,No,Yes,No,Yes,Yes,No,Electronic check,Yes,No,No,No,0
CUST-004397,64,70.22,4521.44,Month-to-month,DSL,Yes,Yes,Yes,No,Yes,Yes,Yes,Electronic check,Yes,No,No,Yes,0
CUST-004398,61,90.64,5788.89,One year,DSL,No,No,Yes,Yes,Yes,Yes,No,Electronic check,Yes,No,No,No,0
CUST-004399,33,95.08,3195.09,One year,DSL,Yes,Yes,Yes,Yes,Yes,Yes,No,Electronic check,No,No,No,No,0
CUST-004400,64,83.18,5340.54,Two year,DSL,No,No,No,No,Yes,Yes,Yes,Electronic check,Yes,No,No,No,0
CUST-004401,51,125.85,6397.22,One year,Fiber optic,Yes,No,Yes,Yes,Yes,Yes,Yes,Electronic check,Yes,No,Yes,No,1
CUST-004402,1,98.5,125.78,Two year,Fiber optic,Yes,Yes,No,Yes,No,Yes,Yes,Credit card,Yes,No,Yes,No,0
CUST-004403,62,80.65,5072.88,One year,DSL,No,Yes,No,No,No,Yes,No,Electronic check,Yes,No,No,Yes,0
CUST-004404,44,68.35,2749.12,Month-to-month,DSL,No,No,Yes,No,Yes,No,Yes,Electronic check,No,No,Yes,No,1
CUST-004405,70,59.9,4196.28,Month-to-month,No,Yes,Yes,No,Yes,No,Yes,Yes,Bank transfer,Yes,No,No,No,0
CUST-004406,29,47.33,1279.37,Two year,No,Yes,No,No,No,No,Yes,Yes,Mailed check,No,No,Yes,Yes,0
CUST-004407,18,102.35,2083.32,One year,Fiber optic,No,Yes,No,Yes,Yes,Yes,Yes,Electronic check,Yes,No,No,Yes,0
CUST-004408,5,104.98,355.01,Month-to-month,Fiber optic,Yes,No,Yes,No,No,Yes,No,Bank transfer,Yes,No,Yes,No,0
CUST-004409,8,41.22,345.19,Month-to-month,No,No,No,Yes,Yes,No,Yes,Yes,Bank transfer,No,No,Yes,No,0
CUST-004410,58,102.48,6096.73,One year,Fiber optic,Yes,Yes,No,No,No,Yes,No,Electronic check,Yes,No,Yes,No,0
CUST-004411,47,108.15,4999.3,One year,DSL,Yes,Yes,Yes,Yes,Yes,Yes,Yes,Electronic check,Yes,No,No,Yes,0
CUST-004412,29,104.93,3012.41,Month-to-month,Fiber optic,Yes,No,Yes,No,Yes,No,Yes,Mailed check,Yes,No,Yes,No,1
CUST-004413,46,78.47,3490.94,One year,Fiber optic,No,Yes,No,Yes,No,Yes,No,Credit card,Yes,No,No,No,1
CUST-004414,41,108.26,4517.97,Month-to-month,Fiber optic,No,Yes,Yes,No,Yes,Yes,No,Credit card,Yes,No,Yes,Yes,1
CUST-004415,22,139.29,3238.34,Month-to-month,Fiber optic,Yes,Yes,Yes,Yes,No,Yes,Yes,Electronic check,Yes,No,Yes,Yes,1
CUST-004416,26,88.39,2286.71,Month-to-month,Fiber optic,No,Yes,Yes,No,No,Yes,No,Bank transfer,Yes,No,Yes,Yes,1
CUST-004417,9,47.84,593.93,Month-to-month,No,No,No,Yes,Yes,No,Yes,No,Credit card,No,No,Yes,No,0
CUST-004418,21,91.62,2013.56,One year,DSL,Yes,Yes,No,Yes,Yes,Yes,No,Credit card,Yes,Yes,Yes,Yes,1
CUST-004419,68,52.87,3889.21,One year,DSL,No,No,No,No,No,Yes,No,Electronic check,No,No,No,No,0
CUST-004420,58,70.88,4048.29,Two year,DSL,No,No,No,Yes,No,Yes,Yes,Electronic check,Yes,No,No,No,0
CUST-004421,31,98.82,2881.4,Month-to-month,Fiber optic,No,Yes,Yes,Yes,No,Yes,Yes,Mailed check,Yes,Yes,Yes,No,1
CUST-004422,60,103.93,6424.58,Month-to-month,Fiber optic,No,No,Yes,Yes,Yes,Yes,No,Bank transfer,Yes,No,Yes,Yes,0
CUST-004423,21,108.48,2164.21,Month-to-month,Fiber optic,Yes,Yes,Yes,Yes,No,Yes,No,Credit card,Yes,No,Yes,Yes,1
CUST-004424,10,71.11,811.74,Month-to-month,DSL,No,No,Yes,Yes,No,Yes,No,Mailed check,No,Yes,No,No,0
CUST-004425,12,75.87,824.71,Month-to-month,DSL,Yes,No,Yes,No,No,Yes,Yes,Credit card,No,Yes,Yes,No,1
CUST-004426,37,104.88,3885.39,Month-to-month,Fiber optic,No,Yes,Yes,No,Yes,Yes,No,Electronic check,No,No,No,No,1
CUST-004427,52,81.56,3932.81,Month-to-month,Fiber optic,No,No,No,Yes,Yes,Yes,No,Electronic check,Yes,Yes,Yes,No,1
CUST-004428,10,121.34,1298.35,Month-to-month,Fiber optic,No,Yes,No,Yes,Yes,No,Yes,Credit card,Yes,No,Yes,No,1
CUST-004429,71,70.81,5073.21,Month-to-month,DSL,No,Yes,No,Yes,Yes,Yes,No,Bank transfer,No,Yes,Yes,Yes,0
CUST-004430,8,117.35,857.45,One year,Fiber optic,Yes,No,No,Yes,Yes,Yes,Yes,Credit card,Yes,No,Yes,No,1
CUST-004431,14,110.04,1669.41,Month-to-month,Fiber optic,No,No,No,Yes,No,Yes,No,Electronic check,Yes,No,No,Yes,1
CUST-004432,9,60.33,587.22,Month-to-month,DSL,No,No,Yes,No,No,Yes,Yes,Bank transfer,No,No,Yes,No,0
CUST-004433,49,91.93,4646.83,One year,No,Yes,Yes,Yes,Yes,Yes,Yes,No,Electronic check,No,No,No,No,1
CUST-004434,57,80.0,4672.94,Two year,DSL,Yes,Yes,No,No,Yes,Yes,Yes,Credit card,Yes,No,Yes,Yes,0
CUST-004435,18,118.33,2228.06,One year,Fiber optic,Yes,Yes,No,No,Yes,Yes,Yes,Electronic check,No,No,No,No,0
CUST-004436,57,104.4,6074.82,Two year,Fiber optic,No,No,Yes,No,No,Yes,Yes,Credit card,No,No,No,No,0
CUST-004437,11,60.61,912.43,One year,DSL,Yes,No,Yes,No,No,Yes,Yes,Mailed check,No,No,Yes,No,0
CUST-004438,32,76.01,2592.45,One year,DSL,Yes,Yes,Yes,No,No,Yes,Yes,Electronic check,No,No,No,No,0
CUST-004439,25,118.71,2771.98,Month-to-month,Fiber optic,No,Yes,Yes,No,No,Yes,Yes,Electronic check,Yes,Yes,No,No,1
CUST-004440,13,69.24,745.44,Month-to-month,DSL,No,Yes,Yes,No,Yes,Yes,Yes,Electronic check,No,No,No,No,1
CUST-004441,54,131.0,7141.31,Month-to-month,Fiber optic,Yes,Yes,Yes,Yes,Yes,Yes,No,Bank transfer,Yes,No,No,No,1
CUST-004442,1,74.81,0.0,Month-to-month,DSL,Yes,No,Yes,Yes,No,Yes,No,Electronic check,No,Yes,No,No,0
CUST-004443,3,103.23,299.33,One year,Fiber optic,Yes,Yes,No,No,No,Yes,Yes,Bank transfer,No,No,No,No,0
CUST-004444,5,95.91,560.06,Month-to-month,Fiber optic,No,Yes,Yes,Yes,No,Yes,No,Mailed check,Yes,Yes,No,Yes,1
CUST-004445,4,86.92,0.0,Month-to-month,DSL,No,Yes,Yes,Yes,Yes,Yes,Yes,Electronic check,Yes,No,Yes,No,1
CUST-004446,66,42.43,2642.28,Month-to-month,No,No,Yes,No,No,No,Yes,No,Mailed check,No,No,No,Yes,0
CUST-004447,15,94.4,1448.97,Month-to-month,Fiber optic,Yes,Yes,No,No,Yes,No,No,Electronic check,No,No,No,No,1
CUST-004448,23,75.94,1753.14,Month-to-month,DSL,Yes,No,No,Yes,No,Yes,No,Mailed check,No,No,No,No,1
CUST-004449,50,129.27,6525.48,Two year,Fiber optic,No,Yes,No,Yes,Yes,Yes,Yes,Electronic check,No,No,Yes,Yes,0
CUST-004450,8,62.73,669.89,Month-to-month,DSL,Yes,No,No,No,No,Yes,Yes,Mailed check,Yes,No,Yes,No,1
CUST-004451,14,94.75,1385.36,Two year,DSL,Yes,Yes,Yes,No,No,Yes,Yes,Credit card,No,No,Yes,Yes,0
CUST-004452,67,90.72,5973.91,Two year,DSL,Yes,Yes,Yes,No,No,Yes,Yes,Credit card,No,No,Yes,No,0
CUST-004453,68,49.73,3318.17,Month-to-month,DSL,No,No,Yes,No,No,Yes,No,Electronic check,Yes,Yes,No,No,0
CUST-004454,67,120.91,8033.91,Month-to-month,Fiber optic,No,Yes,Yes,Yes,No,Yes,Yes,Credit card,No,No,Yes,No,1
CUST-004455,16,117.68,1839.73,Month-to-month,Fiber optic,Yes,Yes,No,No,Yes,Yes,Yes,Electronic check,No,No,No,No,1
CUST-004456,31,104.87,3231.51,Month-to-month,Fiber optic,Yes,Yes,No,Yes,Yes,No,No,Electronic check,Yes,No,No,No,1
CUST-004457,42,116.65,4938.69,Month-to-month,Fiber optic,Yes,No,Yes,Yes,Yes,Yes,Yes,Electronic check,No,No,Yes,No,1
CUST-004458,24,35.04,701.16,Two year,No,No,No,No,No,No,Yes,No,Mailed check,Yes,Yes,Yes,No,0
CUST-004459,5,71.22,437.82,Month-to-month,No,Yes,Yes,Yes,Yes,No,Yes,No,Electronic check,Yes,No,Yes,No,1
CUST-004460,16,45.4,795.32,Two year,No,Yes,No,Yes,No,No,Yes,No,Credit card,Yes,No,Yes,No,0
CUST-004461,1,126.74,0.0,Month-to-month,Fiber optic,Yes,No,Yes,Yes,Yes,Yes,No,Electronic check,No,No,No,No,1
CUST-004462,42,109.26,4672.98,Two year,Fiber optic,No,No,Yes,Yes,Yes,Yes,No,Mailed check,Yes,No,Yes,No,1
CUST-004463,72,122.19,8807.06,One year,Fiber optic,No,No,Yes,Yes,Yes,Yes,Yes,Electronic check,Yes,No,Yes,No,0
CUST-004464,17,57.19,878.32,Two year,DSL,No,Yes,No,No,No,Yes,No,Credit card,Yes,No,Yes,Yes,0
CUST-004465,4,80.67,216.72,Month-to-month,DSL,No,Yes,No,Yes,Yes,Yes,Yes,Credit card,Yes,No,No,Yes,1
CUST-004466,17,79.42,1373.07,Month-to-month,DSL,No,No,Yes,Yes,No,Yes,Yes,Bank transfer,Yes,No,Yes,No,1
CUST-004467,44,111.23,5003.85,Month-to-month,Fiber optic,Yes,No,No,Yes,Yes,Yes,No,Electronic check,Yes,No,No,No,1
CUST-004468,67,83.23,5492.36,Two year,Fiber optic,Yes,No,Yes,No,No,Yes,No,Mailed check,Yes,Yes,No,No,0
CUST-004469,70,99.44,6966.77,One year,Fiber optic,No,No,No,No,No,Yes,Yes,Electronic check,Yes,No,No,No,0
CUST-004470,4,21.04,0.0,One year,No,No,No,No,No,No,Yes,Yes,Electronic check,Yes,No,No,No,1
CUST-004471,7,87.19,673.68,Two year,Fiber optic,Yes,Yes,No,No,No,No,No,Bank transfer,Yes,No,No,Yes,0
CUST-004472,13,98.13,1317.26,One year,DSL,Yes,No,No,Yes,Yes,Yes,No,Credit card,Yes,No,Yes,Yes,0
CUST-004473,23,25.96,656.25,Month-to-month,No,No,No,No,No,No,No,No,Bank transfer,Yes,No,No,No,0
CUST-004474,5,64.46,288.55,Two year,DSL,No,Yes,No,No,No,Yes,No,Electronic check,Yes,No,No,Yes,0
CUST-004475,33,77.4,2324.86,Month-to-month,DSL,Yes,No,Yes,Yes,No,No,Yes,Credit card,Yes,No,Yes,No,0
CUST-004476,2,47.74,0.0,Month-to-month,DSL,No,No,No,No,Yes,Yes,No,Credit card,Yes,No,No,No,0
CUST-004477,72,93.59,6806.91,One year,Fiber optic,No,No,No,Yes,Yes,No,Yes,Electronic check,No,No,No,No,0
CUST-004478,7,96.19,548.44,One year,Fiber optic,No,No,No,Yes,No,Yes,No,Bank transfer,Yes,No,No,No,1
CUST-004479,43,68.64,2769.08,One year,DSL,No,No,No,No,No,Yes,No,Electronic check,Yes,No,Yes,Yes,0
CUST-004480,67,122.74,8218.8,One year,Fiber optic,No,No,Yes,Yes,No,Yes,Yes,Bank transfer,Yes,No,No,No,0
CUST-004481,39,99.68,3957.51,Two year,Fiber optic,Yes,Yes,Yes,Yes,No,No,No,Electronic check,Yes,No,Yes,No,0
CUST-004482,69,69.78,4730.18,Month-to-month,DSL,No,Yes,Yes,Yes,Yes,Yes,Yes,Credit card,No,No,No,Yes,0
CUST-004483,24,115.36,2743.62,One year,Fiber optic,No,No,Yes,No,Yes,Yes,No,Electronic check,Yes,No,No,No,0
CUST-004484,71,106.35,7810.29,Two year,Fiber optic,No,Yes,No,No,Yes,No,Yes,Mailed check,Yes,No,No,No,0
CUST-004485,7,66.5,573.84,Month-to-month,DSL,No,Yes,Yes,Yes,No,Yes,No,Electronic check,Yes,No,Yes,No,1
CUST-004486,25,67.79,1701.59,Month-to-month,DSL,Yes,No,No,Yes,No,Yes,No,Credit card,No,No,Yes,No,0
CUST-004487,44,73.24,3246.93,Month-to-month,DSL,No,No,Yes,Yes,No,Yes,No,Bank transfer,No,No,Yes,Yes,1
CUST-004488,71,44.03,3326.52,One year,No,Yes,No,No,No,Yes,Yes,Yes,Bank transfer,No,No,No,No,0
CUST-004489,64,70.64,4453.92,Month-to-month,No,Yes,Yes,No,Yes,No,Yes,Yes,Electronic check,Yes,No,Yes,Yes,0
CUST-004490,67,97.73,6289.96,One year,Fiber optic,No,Yes,Yes,No,Yes,No,Yes,Electronic check,Yes,No,Yes,Yes,0
CUST-004491,30,114.17,3274.13,Month-to-month,Fiber optic,No,No,Yes,Yes,Yes,Yes,Yes,Credit card,No,No,No,No,1
CUST-004492,23,101.44,2126.18,Two year,Fiber optic,Yes,No,Yes,No,Yes,No,Yes,Mailed check,Yes,No,No,No,1
CUST-004493,63,114.78,7052.84,Month-to-month,Fiber optic,Yes,Yes,No,No,Yes,No,No,Mailed check,No,No,No,No,0
CUST-004494,42,97.81,4108.81,Month-to-month,Fiber optic,Yes,No,No,No,No,Yes,Yes,Bank transfer,Yes,No,Yes,No,0
CUST-004495,3,43.68,0.0,Month-to-month,No,No,No,No,Yes,No,Yes,No,Credit card,No,No,Yes,No,1
CUST-004496,46,44.05,2183.13,One year,No,No,No,Yes,Yes,No,Yes,Yes,Bank transfer,Yes,No,Yes,Yes,0
CUST-004497,45,70.72,3215.61,Month-to-month,DSL,No,No,No,Yes,Yes,No,No,Mailed check,No,No,No,Yes,1
CUST-004498,12,74.06,635.64,Month-to-month,DSL,No,Yes,Yes,No,No,Yes,No,Electronic check,Yes,No,Yes,No,1
CUST-004499,40,69.64,2936.23,Month-to-month,DSL,No,No,No,No,Yes,Yes,No,Credit card,Yes,No,Yes,No,1
CUST-004500,56,80.67,4503.99,Two year,Fiber optic,No,No,No,Yes,No,Yes,Yes,Mailed check,No,No,No,No,0
CUST-004501,45,115.51,5078.69,Month-to-month,Fiber optic,No,No,No,Yes,No,Yes,Yes,Electronic check,Yes,No,No,Yes,1
CUST-004502,44,92.05,4349.45,One year,DSL,Yes,No,No,Yes,Yes,Yes,Yes,Credit card,Yes,No,No,No,0
CUST-004503,4,57.86,124.84,Two year,DSL,No,No,No,Yes,No,Yes,No,Electronic check,Yes,No,No,No,0
CUST-004504,23,131.39,2979.71,One year,Fiber optic,Yes,Yes,No,Yes,Yes,Yes,No,Mailed check,Yes,No,No,No,0
CUST-004505,43,71.22,3313.37,Two year,DSL,Yes,No,No,No,Yes,Yes,Yes,Electronic check,Yes,No,No,No,0
CUST-004506,53,108.55,5774.0,Month-to-month,Fiber optic,No,No,Yes,Yes,Yes,Yes,No,Bank transfer,Yes,No,Yes,No,1
CUST-004507,44,117.19,5158.7,Month-to-month,Fiber optic,Yes,No,No,Yes,Yes,Yes,Yes,Bank transfer,Yes,No,Yes,No,0
CUST-004508,32,104.04,3301.42,Two year,Fiber optic,No,Yes,No,No,Yes,Yes,No,Bank transfer,Yes,No,No,Yes,1
CUST-004509,59,78.5,4791.5,Month-to-month,DSL,No,No,No,Yes,No,Yes,Yes,Credit card,Yes,No,Yes,No,1
CUST-004510,9,96.87,823.88,Month-to-month,Fiber optic,Yes,No,No,Yes,No,Yes,No,Electronic check,Yes,Yes,Yes,No,1
CUST-004511,22,77.04,1894.21,One year,Fiber optic,No,No,No,No,No,No,Yes,Electronic check,No,No,Yes,No,1
CUST-004512,30,104.21,2952.18,Two year,Fiber optic,No,Yes,Yes,No,Yes,Yes,No,Bank transfer,Yes,No,Yes,No,0
CUST-004513,72,102.49,7260.48,Month-to-month,Fiber optic,No,No,No,No,No,Yes,No,Credit card,No,No,Yes,No,0
CUST-004514,8,56.67,514.64,One year,DSL,No,No,No,Yes,Yes,Yes,No,Bank transfer,Yes,No,No,No,0
CUST-004515,42,57.82,2473.31,Two year,DSL,Yes,No,Yes,No,No,Yes,No,Bank transfer,No,No,Yes,No,0
CUST-004516,29,75.27,2048.82,Two year,DSL,Yes,No,Yes,No,No,Yes,No,Bank transfer,No,No,No,No,0
CUST-004517,15,115.25,2046.69,Month-to-month,Fiber optic,No,Yes,No,No,Yes,Yes,Yes,Mailed check,Yes,No,Yes,Yes,1
CUST-004518,18,118.25,2388.77,Two year,Fiber optic,Yes,Yes,Yes,Yes,Yes,Yes,No,Credit card,No,No,No,No,0
CUST-004519,34,112.51,3802.63,Two year,Fiber optic,No,Yes,Yes,No,No,Yes,Yes,Bank transfer,Yes,No,Yes,Yes,1
CUST-004520,5,110.8,641.02,Month-to-month,Fiber optic,Yes,Yes,Yes,Yes,No,Yes,Yes,Credit card,Yes,No,Yes,No,1
CUST-004521,42,71.38,3088.32,One year,DSL,No,No,No,No,No,Yes,No,Bank transfer,Yes,No,Yes,Yes,0
CUST-004522,10,111.51,1266.39,Month-to-month,Fiber optic,Yes,Yes,Yes,Yes,No,Yes,No,Bank transfer,Yes,No,Yes,No,1
CUST-004523,54,94.61,5127.83,Month-to-month,Fiber optic,No,No,Yes,Yes,No,No,No,Credit card,Yes,No,Yes,No,0
CUST-004524,7,74.17,600.37,Month-to-month,DSL,Yes,No,No,Yes,Yes,Yes,No,Bank transfer,No,No,Yes,No,1
CUST-004525,12,126.03,1559.64,Month-to-month,Fiber optic,No,No,Yes,Yes,Yes,Yes,No,Credit card,Yes,No,No,Yes,1
CUST-004526,54,71.39,3855.43,One year,DSL,No,No,No,Yes,Yes,Yes,Yes,Bank transfer,Yes,No,No,Yes,0
CUST-004527,51,89.21,4606.58,Month-to-month,DSL,No,Yes,Yes,No,Yes,Yes,No,Credit card,No,No,No,No,1
CUST-004528,63,92.18,6215.63,Month-to-month,DSL,Yes,No,Yes,No,No,Yes,Yes,Credit card,No,No,Yes,No,0
CUST-004529,17,95.93,1752.77,One year,Fiber optic,Yes,No,Yes,No,Yes,Yes,No,Mailed check,Yes,No,No,No,0
CUST-004530,18,63.82,1249.84,Month-to-month,DSL,No,No,Yes,Yes,Yes,Yes,No,Electronic check,No,No,No,No,0
CUST-004531,21,18.0,557.52,Month-to-month,No,No,Yes,No,No,No,Yes,No,Credit card,No,Yes,No,No,1
CUST-004532,30,99.41,3171.24,One year,Fiber optic,No,Yes,No,Yes,No,Yes,Yes,Mailed check,Yes,No,No,No,1
CUST-004533,70,77.31,5258.8,Month-to-month,DSL,No,Yes,No,No,Yes,Yes,No,Credit card,Yes,No,No,Yes,0
CUST-004534,65,127.0,8385.32,Month-to-month,Fiber optic,No,Yes,Yes,Yes,Yes,No,No,Credit card,No,No,No,No,1
CUST-004535,71,84.94,6282.89,Month-to-month,Fiber optic,No,Yes,No,Yes,No,Yes,No,Electronic check,Yes,No,Yes,No,1
CUST-004536,24,72.05,1425.68,Month-to-month,No,Yes,Yes,No,Yes,No,Yes,Yes,Bank transfer,No,No,No,No,0
CUST-004537,70,80.46,5722.48,Two year,DSL,Yes,No,No,Yes,No,No,Yes,Bank transfer,Yes,No,No,No,0
CUST-004538,45,119.75,5342.62,Month-to-month,Fiber optic,No,No,Yes,Yes,Yes,Yes,No,Mailed check,No,No,Yes,No,0
CUST-004539,64,99.3,6308.32,Month-to-month,Fiber optic,Yes,Yes,Yes,No,No,Yes,Yes,Electronic check,No,Yes,Yes,No,1
CUST-004540,52,122.27,6381.37,Two year,Fiber optic,Yes,Yes,Yes,Yes,Yes,Yes,No,Electronic check,Yes,No,No,No,0
CUST-004541,58,87.18,5232.95,One year,DSL,Yes,No,No,Yes,Yes,Yes,Yes,Bank transfer,Yes,No,No,No,0
CUST-004542,43,33.84,1567.11,Month-to-month,No,No,No,No,Yes,No,Yes,No,Mailed check,No,No,Yes,Yes,1
CUST-004543,68,124.01,8358.55,Two year,Fiber optic,Yes,Yes,Yes,Yes,No,No,No,Electronic check,No,Yes,Yes,Yes,0
CUST-004544,72,104.74,7488.72,One year,Fiber optic,No,No,Yes,Yes,Yes,Yes,No,Bank transfer,Yes,Yes,No,Yes,1
CUST-004545,44,80.39,3636.28,Month-to-month,DSL,Yes,Yes,Yes,No,Yes,Yes,No,Credit card,Yes,No,Yes,No,1
CUST-004546,4,62.54,311.58,Two year,No,No,No,No,Yes,Yes,Yes,Yes,Bank transfer,No,No,Yes,No,0
CUST-004547,24,93.44,2016.92,Two year,Fiber optic,Yes,No,No,Yes,Yes,Yes,Yes,Bank transfer,No,No,No,Yes,1
CUST-004548,7,49.47,502.92,Two year,DSL,No,No,No,Yes,No,Yes,No,Credit card,Yes,No,Yes,Yes,0
CUST-004549,70,76.55,5244.29,One year,DSL,No,Yes,No,No,No,Yes,Yes,Electronic check,No,No,Yes,No,0
CUST-004550,72,91.33,6042.63,Month-to-month,Fiber optic,No,Yes,No,No,No,Yes,Yes,Electronic check,No,No,No,No,1
CUST-004551,8,61.24,450.34,Month-to-month,No,Yes,Yes,No,No,Yes,Yes,No,Electronic check,No,Yes,Yes,No,1
CUST-004552,41,69.83,2811.21,Month-to-month,DSL,Yes,Yes,No,No,No,Yes,Yes,Mailed check,Yes,No,Yes,No,0
CUST-004553,43,45.55,1967.0,Month-to-month,No,No,Yes,No,No,Yes,Yes,Yes,Bank transfer,Yes,No,Yes,No,1
CUST-004554,27,95.35,2650.32,One year,Fiber optic,Yes,Yes,Yes,No,No,No,No,Bank transfer,Yes,No,Yes,No,0
CUST-004555,33,100.38,3095.87,One year,DSL,No,Yes,No,Yes,Yes,No,Yes,Credit card,Yes,No,No,Yes,0
CUST-004556,68,100.23,6917.64,Month-to-month,Fiber optic,Yes,Yes,No,No,Yes,Yes,No,Mailed check,Yes,No,Yes,No,1
CUST-004557,12,73.85,947.13,Month-to-month,DSL,Yes,No,Yes,No,Yes,Yes,No,Credit card,No,Yes,No,Yes,0
CUST-004558,66,113.81,7736.34,Two year,Fiber optic,No,Yes,Yes,Yes,Yes,No,Yes,Credit card,Yes,No,Yes,No,0
CUST-004559,32,84.3,2786.23,Month-to-month,Fiber optic,Yes,No,No,No,No,Yes,No,Mailed check,No,Yes,Yes,No,0
CUST-004560,64,61.21,4275.48,Month-to-month,No,No,No,Yes,No,No,Yes,Yes,Mailed check,No,No,No,No,1
CUST-004561,67,77.27,5526.68,Month-to-month,DSL,No,Yes,No,Yes,No,Yes,No,Mailed check,Yes,No,Yes,No,0
CUST-004562,2,120.24,14.72,Month-to-month,Fiber optic,Yes,No,No,Yes,Yes,Yes,Yes,Electronic check,Yes,No,No,Yes,1
CUST-004563,28,44.7,1108.88,One year,No,No,Yes,No,Yes,No,Yes,Yes,Bank transfer,Yes,Yes,Yes,No,0
CUST-004564,29,108.55,3146.12,Two year,Fiber optic,Yes,No,Yes,No,Yes,Yes,Yes,Bank transfer,No,No,Yes,Yes,0
CUST-004565,20,62.4,1046.16,One year,No,No,No,Yes,Yes,No,Yes,Yes,Credit card,Yes,No,No,No,0
CUST-004566,60,116.41,6980.6,Two year,Fiber optic,No,No,Yes,Yes,No,No,Yes,Mailed check,Yes,No,No,Yes,0
CUST-004567,16,112.09,1673.58,One year,Fiber optic,No,No,Yes,No,No,Yes,Yes,Electronic check,Yes,No,Yes,Yes,1
CUST-004568,30,114.37,3463.93,Month-to-month,Fiber optic,Yes,No,No,No,Yes,Yes,No,Credit card,No,No,Yes,No,1
CUST-004569,51,132.1,6763.78,Month-to-month,Fiber optic,No,Yes,No,Yes,Yes,Yes,Yes,Electronic check,Yes,No,Yes,No,1
CUST-004570,50,40.91,2206.24,Two year,No,No,Yes,No,No,Yes,Yes,No,Bank transfer,Yes,No,No,Yes,0
CUST-004571,3,69.65,433.24,Month-to-month,DSL,Yes,No,No,No,No,Yes,No,Credit card,Yes,No,No,No,1
CUST-004572,60,87.4,5056.0,Month-to-month,DSL,Yes,No,No,No,Yes,Yes,Yes,Bank transfer,Yes,No,Yes,No,0
CUST-004573,71,50.01,3553.55,Month-to-month,No,Yes,Yes,No,No,Yes,Yes,Yes,Credit card,No,No,Yes,No,1
CUST-004574,49,86.29,4389.37,One year,DSL,No,Yes,No,Yes,Yes,Yes,Yes,Credit card,Yes,No,No,Yes,0
CUST-004575,40,69.48,2924.74,Two year,DSL,Yes,No,Yes,Yes,Yes,Yes,No,Bank transfer,Yes,No,No,No,0
CUST-004576,20,67.58,1288.73,One year,DSL,No,No,Yes,No,No,Yes,No,Bank transfer,No,Yes,No,No,1
CUST-004577,3,68.3,336.44,Two year,DSL,No,No,No,Yes,No,Yes,No,Electronic check,Yes,No,Yes,Yes,0
CUST-004578,52,55.55,3066.25,Month-to-month,No,Yes,No,Yes,No,Yes,Yes,Yes,Electronic check,No,No,Yes,No,0
CUST-004579,17,108.19,1646.22,Month-to-month,Fiber optic,Yes,Yes,Yes,Yes,No,Yes,No,Credit card,No,No,Yes,No,0
CUST-004580,68,86.22,5827.18,Month-to-month,DSL,Yes,No,Yes,Yes,No,Yes,Yes,Credit card,No,No,Yes,Yes,0
CUST-004581,36,102.55,3719.88,One year,Fiber optic,No,Yes,No,Yes,No,Yes,No,Credit card,Yes,No,No,Yes,1
CUST-004582,31,34.77,1225.43,Month-to-month,No,No,No,No,Yes,Yes,No,Yes,Electronic check,Yes,No,Yes,No,0
CUST-004583,14,44.03,574.15,Two year,No,No,No,No,Yes,Yes,Yes,Yes,Electronic check,Yes,No,Yes,No,0
CUST-004584,22,64.47,1423.59,Month-to-month,DSL,No,No,No,No,Yes,Yes,Yes,Bank transfer,Yes,Yes,No,Yes,1
CUST-004585,71,126.06,9060.8,Month-to-month,Fiber optic,Yes,No,No,No,Yes,Yes,No,Bank transfer,Yes,No,Yes,No,1
CUST-004586,46,106.55,4802.12,Month-to-month,Fiber optic,No,No,Yes,Yes,Yes,Yes,No,Electronic check,No,No,No,Yes,1
CUST-004587,38,95.08,3433.71,Two year,Fiber optic,No,No,Yes,Yes,Yes,Yes,No,Mailed check,Yes,No,No,No,0
CUST-004588,17,86.46,1360.42,One year,DSL,Yes,No,No,Yes,Yes,Yes,Yes,Mailed check,Yes,No,No,Yes,1
CUST-004589,27,89.19,2515.87,One year,DSL,No,No,Yes,Yes,No,Yes,Yes,Bank transfer,Yes,Yes,Yes,No,0
CUST-004590,24,105.55,2680.64,Month-to-month,Fiber optic,Yes,No,No,No,Yes,Yes,No,Credit card,Yes,No,Yes,No,1
CUST-004591,58,73.01,4229.64,One year,Fiber optic,No,No,Yes,No,No,Yes,No,Credit card,Yes,Yes,Yes,No,0
CUST-004592,27,87.76,2357.34,Month-to-month,DSL,Yes,Yes,Yes,No,Yes,Yes,No,Mailed check,Yes,No,No,No,1
CUST-004593,34,95.37,3057.18,Month-to-month,Fiber optic,No,No,No,No,Yes,Yes,No,Bank transfer,Yes,No,Yes,No,1
CUST-004594,61,67.64,4231.37,One year,Fiber optic,No,No,No,No,No,Yes,Yes,Mailed check,No,No,No,No,0
CUST-004595,18,108.21,1894.03,One year,Fiber optic,Yes,No,No,No,Yes,Yes,No,Mailed check,No,Yes,No,Yes,0
CUST-004596,54,69.7,3635.67,Month-to-month,DSL,Yes,No,Yes,Yes,Yes,Yes,No,Mailed check,No,No,Yes,Yes,0
CUST-004597,17,94.16,1492.2,Month-to-month,Fiber optic,Yes,Yes,No,Yes,Yes,No,No,Credit card,Yes,No,Yes,Yes,0
CUST-004598,62,107.75,6649.67,Month-to-month,Fiber optic,Yes,No,Yes,No,No,Yes,Yes,Electronic check,Yes,No,No,No,1
CUST-004599,24,117.57,2935.17,Two year,Fiber optic,No,Yes,Yes,Yes,No,Yes,No,Credit card,No,No,No,Yes,0
CUST-004600,0,103.21,368.94,Month-to-month,Fiber optic,Yes,Yes,Yes,No,No,Yes,No,Mailed check,Yes,Yes,Yes,Yes,1
CUST-004601,32,53.51,2227.37,One year,No,No,Yes,Yes,No,Yes,Yes,No,Mailed check,No,No,No,No,0
CUST-004602,13,57.25,1007.76,One year,DSL,No,Yes,No,Yes,No,Yes,Yes,Credit card,Yes,No,No,No,0
CUST-004603,33,75.06,2429.47,One year,DSL,No,Yes,No,Yes,Yes,Yes,Yes,Electronic check,No,No,No,No,0
CUST-004604,66,88.26,6133.14,Month-to-month,DSL,Yes,No,Yes,No,Yes,Yes,Yes,Electronic check,Yes,No,Yes,No,0
CUST-004605,28,114.17,3204.3,Month-to-month,Fiber optic,No,No,Yes,Yes,No,Yes,Yes,Credit card,Yes,No,No,No,1
CUST-004606,43,43.29,1755.89,One year,No,No,Yes,Yes,No,Yes,Yes,Yes,Electronic check,Yes,No,No,Yes,0
CUST-004607,28,100.8,2763.26,One year,Fiber optic,Yes,No,Yes,No,No,Yes,No,Bank transfer,No,No,No,No,1
CUST-004608,69,94.18,6391.47,Two year,Fiber optic,Yes,No,No,No,Yes,Yes,No,Electronic check,Yes,No,No,Yes,0
CUST-004609,34,38.3,1527.01,Two year,No,Yes,No,Yes,No,No,Yes,Yes,Bank transfer,No,No,Yes,Yes,0
CUST-004610,28,94.23,2662.14,One year,Fiber optic,No,No,Yes,No,Yes,Yes,No,Credit card,Yes,No,No,No,0
CUST-004611,19,69.38,1205.52,Month-to-month,DSL,No,Yes,Yes,No,No,Yes,Yes,Bank transfer,Yes,Yes,Yes,Yes,0
CUST-004612,14,73.76,984.79,One year,DSL,Yes,Yes,No,No,No,Yes,No,Electronic check,Yes,No,No,No,0
CUST-004613,34,74.42,2486.16,Month-to-month,DSL,No,No,No,Yes,No,Yes,Yes,Electronic check,Yes,No,No,No,1
CUST-004614,47,110.37,5285.92,Month-to-month,Fiber optic,Yes,No,Yes,Yes,Yes,Yes,No,Credit card,Yes,No,Yes,No,0
CUST-004615,62,42.74,2619.21,Month-to-month,No,No,Yes,No,No,Yes,Yes,No,Electronic check,No,No,Yes,No,0
CUST-004616,15,96.63,1456.81,One year,Fiber optic,No,No,No,Yes,Yes,Yes,No,Bank transfer,No,Yes,Yes,No,0
CUST-004617,15,83.37,1071.41,Month-to-month,Fiber optic,No,No,Yes,No,No,No,Yes,Electronic check,Yes,No,No,Yes,1
CUST-004618,20,68.37,1449.36,Month-to-month,DSL,No,Yes,No,Yes,No,Yes,No,Credit card,Yes,No,No,No,0
CUST-004619,36,73.03,2678.28,Month-to-month,DSL,No,No,No,No,Yes,Yes,No,Mailed check,Yes,No,No,Yes,1
CUST-004620,30,36.38,1159.65,Month-to-month,No,Yes,Yes,No,No,No,No,No,Bank transfer,No,No,No,Yes,0
CUST-004621,11,39.12,496.26,Month-to-month,No,No,No,No,No,No,Yes,No,Credit card,Yes,No,No,No,0
CUST-004622,55,98.96,5520.72,Month-to-month,Fiber optic,No,Yes,No,No,Yes,Yes,Yes,Credit card,Yes,No,No,No,1
CUST-004623,41,104.94,4528.73,One year,Fiber optic,No,No,Yes,No,Yes,No,Yes,Mailed check,Yes,Yes,Yes,No,0
CUST-004624,39,107.01,4052.14,Two year,Fiber optic,No,Yes,No,No,Yes,Yes,Yes,Electronic check,Yes,Yes,No,Yes,0
CUST-004625,3,93.54,289.62,Month-to-month,Fiber optic,No,Yes,No,No,No,No,Yes,Credit card,No,No,No,Yes,1
CUST-004626,41,94.38,4153.4,Month-to-month,Fiber optic,No,Yes,No,No,Yes,Yes,Yes,Electronic check,No,No,No,No,1
CUST-004627,42,84.35,3516.07,Month-to-month,DSL,Yes,No,No,Yes,Yes,Yes,Yes,Mailed check,Yes,No,Yes,No,1
CUST-004628,35,72.18,2652.64,Two year,DSL,No,No,No,No,No,Yes,No,Credit card,Yes,No,Yes,No,0
CUST-004629,20,82.63,1583.68,Month-to-month,DSL,No,Yes,Yes,Yes,Yes,Yes,No,Electronic check,No,No,No,No,1
CUST-004630,69,82.25,5488.89,Month-to-month,DSL,Yes,Yes,No,Yes,No,Yes,Yes,Bank transfer,Yes,No,No,Yes,0
CUST-004631,48,75.79,3689.75,Two year,Fiber optic,No,No,Yes,No,Yes,Yes,No,Credit card,No,No,No,No,0
CUST-004632,72,93.97,6869.23,Month-to-month,Fiber optic,No,Yes,No,No,Yes,Yes,No,Bank transfer,Yes,No,No,Yes,1
CUST-004633,49,75.22,3744.33,Two year,DSL,Yes,No,No,No,No,Yes,Yes,Electronic check,No,No,Yes,Yes,0
CUST-004634,36,110.72,3941.86,Month-to-month,Fiber optic,No,Yes,No,No,Yes,Yes,No,Bank transfer,Yes,No,No,No,1
CUST-004635,15,59.78,668.88,Month-to-month,DSL,Yes,No,No,No,No,Yes,No,Credit card,Yes,No,No,No,1
CUST-004636,39,87.24,3375.87,Month-to-month,DSL,Yes,No,No,Yes,No,Yes,Yes,Electronic check,Yes,No,Yes,No,0
CUST-004637,43,88.06,3752.59,One year,DSL,No,No,Yes,Yes,Yes,Yes,No,Electronic check,No,No,Yes,No,0
CUST-004638,0,70.67,431.86,Two year,DSL,No,Yes,No,Yes,No,Yes,No,Mailed check,Yes,No,Yes,Yes,0
CUST-004639,35,94.69,3388.08,One year,Fiber optic,No,No,No,Yes,Yes,Yes,No,Electronic check,Yes,No,No,Yes,1
CUST-004640,55,60.82,3238.11,Month-to-month,No,No,Yes,Yes,Yes,Yes,Yes,No,Credit card,Yes,No,No,Yes,0
CUST-004641,14,132.0,1906.82,Month-to-month,Fiber optic,No,Yes,Yes,Yes,Yes,Yes,No,Credit card,No,No,No,No,1
CUST-004642,51,55.0,2758.86,Month-to-month,No,Yes,No,No,No,Yes,Yes,Yes,Credit card,No,Yes,No,Yes,0
CUST-004643,68,104.71,7060.31,Month-to-month,Fiber optic,No,No,No,Yes,Yes,Yes,No,Mailed check,Yes,No,No,No,1
CUST-004644,5,61.59,462.22,One year,DSL,No,No,Yes,No,No,Yes,No,Credit card,Yes,No,No,No,0
CUST-004645,65,75.25,4706.54,Two year,DSL,Yes,No,Yes,No,No,Yes,Yes,Electronic check,Yes,No,No,No,0
CUST-004646,9,92.62,764.4,One year,Fiber optic,No,No,No,No,No,Yes,No,Electronic check,Yes,No,Yes,No,1
CUST-004647,27,37.29,984.34,One year,No,No,No,No,No,Yes,Yes,Yes,Electronic check,No,No,No,Yes,0
CUST-004648,4,63.46,78.46,Month-to-month,No,Yes,Yes,Yes,Yes,Yes,Yes,No,Bank transfer,Yes,No,Yes,No,1
CUST-004649,59,26.87,1514.68,Month-to-month,No,Yes,No,No,No,No,Yes,No,Bank transfer,No,No,Yes,No,0
CUST-004650,31,120.38,3583.32,Month-to-month,Fiber optic,Yes,Yes,No,No,Yes,Yes,No,Electronic check,Yes,No,No,No,1
CUST-004651,36,70.4,2703.36,Month-to-month,No,No,Yes,No,Yes,Yes,Yes,Yes,Mailed check,No,No,Yes,Yes,0
CUST-004652,41,87.49,3127.92,Month-to-month,Fiber optic,Yes,No,No,No,No,Yes,No,Electronic check,No,No,Yes,No,1
CUST-004653,41,61.34,2486.29,Month-to-month,DSL,No,Yes,No,No,No,Yes,No,Mailed check,Yes,No,No,No,0
CUST-004654,5,123.46,751.2,Month-to-month,Fiber optic,No,No,Yes,Yes,Yes,Yes,Yes,Electronic check,Yes,No,No,Yes,1
CUST-004655,10,83.64,783.7,One year,DSL,Yes,No,Yes,Yes,Yes,No,No,Mailed check,No,No,No,No,0
CUST-004656,69,59.03,4019.27,One year,DSL,No,Yes,No,No,No,No,No,Bank transfer,Yes,Yes,Yes,No,0
CUST-004657,42,56.36,2184.89,Month-to-month,No,No,No,Yes,Yes,Yes,Yes,No,Electronic check,No,No,Yes,No,0
CUST-004658,3,44.37,120.67,Two year,No,No,No,Yes,No,No,Yes,Yes,Mailed check,Yes,No,No,No,0
CUST-004659,12,79.38,1059.42,Month-to-month,DSL,No,Yes,No,Yes,No,Yes,No,Mailed check,Yes,No,No,No,1
CUST-004660,11,121.08,1171.84,One year,Fiber optic,Yes,Yes,Yes,Yes,Yes,Yes,No,Mailed check,Yes,No,Yes,No,1
CUST-004661,14,101.4,1470.76,Month-to-month,Fiber optic,Yes,Yes,Yes,No,No,Yes,Yes,Credit card,Yes,Yes,Yes,No,1
CUST-004662,57,109.34,6188.92,Month-to-month,Fiber optic,Yes,No,No,Yes,No,Yes,No,Credit card,No,No,Yes,No,0
CUST-004663,10,89.33,922.83,One year,Fiber optic,No,No,No,No,Yes,No,Yes,Electronic check,No,No,Yes,No,1
CUST-004664,47,99.11,4486.57,Month-to-month,Fiber optic,Yes,No,Yes,No,No,Yes,No,Electronic check,Yes,No,Yes,No,1
CUST-004665,49,91.66,4359.21,One year,Fiber optic,No,No,Yes,No,No,Yes,Yes,Electronic check,No,No,No,No,0
CUST-004666,61,76.99,4645.83,Month-to-month,Fiber optic,No,No,No,No,No,No,No,Electronic check,Yes,No,No,No,1
CUST-004667,50,58.81,3006.06,Month-to-month,DSL,No,No,No,No,Yes,No,No,Bank transfer,Yes,No,No,Yes,1
CUST-004668,66,46.25,2920.21,One year,No,No,No,Yes,No,Yes,Yes,Yes,Electronic check,Yes,Yes,No,No,0
CUST-004669,13,87.8,1313.9,Two year,Fiber optic,Yes,No,No,No,No,Yes,No,Electronic check,Yes,No,No,No,0
CUST-004670,71,119.04,8463.72,Month-to-month,Fiber optic,No,Yes,Yes,Yes,No,Yes,Yes,Electronic check,Yes,No,No,No,0
CUST-004671,32,93.4,3100.89,Month-to-month,Fiber optic,No,No,Yes,No,No,No,Yes,Mailed check,No,No,Yes,No,1
CUST-004672,44,59.35,2714.85,One year,DSL,No,No,No,Yes,Yes,Yes,No,Bank transfer,Yes,No,Yes,No,0
CUST-004673,28,95.24,2589.02,One year,DSL,No,No,Yes,Yes,Yes,No,Yes,Mailed check,Yes,Yes,Yes,Yes,0
CUST-004674,41,108.81,4610.92,Month-to-month,Fiber optic,Yes,Yes,No,No,No,No,Yes,Electronic check,Yes,No,Yes,Yes,1
CUST-004675,43,45.69,1967.0,Two year,No,Yes,Yes,Yes,Yes,No,Yes,No,Mailed check,Yes,No,Yes,Yes,0
CUST-004676,1,74.59,194.43,Two year,DSL,Yes,No,Yes,No,No,Yes,No,Mailed check,Yes,No,No,No,0
CUST-004677,11,99.66,986.82,Month-to-month,DSL,No,No,No,Yes,Yes,Yes,Yes,Bank transfer,No,No,Yes,No,1
CUST-004678,34,36.33,1452.97,One year,No,Yes,No,No,No,No,Yes,Yes,Mailed check,No,No,No,No,0
CUST-004679,66,42.43,3030.08,One year,No,No,No,No,No,No,Yes,Yes,Mailed check,No,No,Yes,No,0
CUST-004680,20,105.69,2090.48,Month-to-month,DSL,Yes,Yes,No,Yes,Yes,Yes,Yes,Electronic check,Yes,No,No,No,1
CUST-004681,10,80.33,960.27,One year,Fiber optic,No,No,No,No,No,Yes,No,Mailed check,Yes,No,No,Yes,1
CUST-004682,4,56.41,163.89,Two year,No,No,Yes,Yes,Yes,Yes,Yes,Yes,Mailed check,Yes,No,Yes,No,0
CUST-004683,71,112.07,7983.16,One year,Fiber optic,No,No,Yes,Yes,Yes,No,Yes,Credit card,Yes,No,Yes,Yes,1
CUST-004684,45,96.58,4393.52,One year,Fiber optic,No,Yes,No,No,No,Yes,No,Electronic check,Yes,No,No,No,0
CUST-004685,52,76.05,3875.36,Month-to-month,DSL,Yes,No,Yes,No,Yes,Yes,No,Bank transfer,Yes,No,No,No,0
CUST-004686,3,105.53,156.32,One year,Fiber optic,No,No,No,Yes,Yes,Yes,Yes,Bank transfer,Yes,No,Yes,No,1
CUST-004687,34,111.29,3586.59,Month-to-month,Fiber optic,No,Yes,No,Yes,Yes,Yes,No,Mailed check,Yes,No,No,No,0
CUST-004688,45,85.52,3654.28,Month-to-month,Fiber optic,No,No,No,No,No,Yes,Yes,Credit card,Yes,Yes,Yes,No,0
CUST-004689,71,104.41,7297.23,Month-to-month,Fiber optic,Yes,Yes,No,No,Yes,No,No,Electronic check,Yes,No,No,No,0
CUST-004690,70,34.01,2721.32,Month-to-month,No,No,Yes,Yes,No,No,Yes,Yes,Credit card,No,Yes,No,No,0
CUST-004691,67,61.81,4081.71,One year,DSL,Yes,No,No,Yes,No,Yes,No,Credit card,Yes,Yes,Yes,No,0
CUST-004692,30,58.75,2283.15,Month-to-month,DSL,No,No,No,No,No,Yes,No,Electronic check,No,Yes,No,Yes,0
CUST-004693,31,69.77,2247.65,Month-to-month,DSL,Yes,No,No,Yes,No,Yes,Yes,Bank transfer,No,No,No,No,0
CUST-004694,47,82.19,3727.47,One year,DSL,Yes,Yes,Yes,No,Yes,Yes,Yes,Credit card,Yes,No,Yes,Yes,0
CUST-004695,72,92.03,6670.09,Month-to-month,Fiber optic,No,No,No,No,Yes,Yes,Yes,Credit card,No,No,No,Yes,1
CUST-004696,0,90.12,257.45,One year,DSL,Yes,Yes,Yes,Yes,Yes,Yes,Yes,Bank transfer,No,Yes,Yes,Yes,1
CUST-004697,29,77.38,2457.31,One year,DSL,No,No,No,No,No,No,No,Bank transfer,Yes,No,No,Yes,0
CUST-004698,25,77.04,1857.88,Month-to-month,DSL,Yes,No,Yes,No,No,Yes,Yes,Credit card,No,No,Yes,Yes,0
CUST-004699,67,92.73,6377.59,Two year,Fiber optic,No,No,Yes,No,No,Yes,Yes,Mailed check,Yes,No,Yes,Yes,0
CUST-004700,8,30.37,467.99,Two year,No,No,Yes,Yes,No,No,Yes,No,Mailed check,No,No,No,Yes,0
CUST-004701,16,59.31,1143.01,Month-to-month,DSL,No,No,No,Yes,No,Yes,Yes,Credit card,No,No,No,No,0
CUST-004702,18,109.67,2025.04,Month-to-month,Fiber optic,Yes,Yes,Yes,No,Yes,Yes,Yes,Bank transfer,No,No,No,Yes,0
CUST-004703,8,96.07,984.85,One year,Fiber optic,Yes,Yes,No,Yes,No,Yes,Yes,Credit card,No,No,Yes,No,0
CUST-004704,1,119.7,10.65,One year,Fiber optic,No,Yes,Yes,Yes,No,Yes,Yes,Bank transfer,Yes,No,No,No,0
CUST-004705,34,102.66,3443.85,Month-to-month,Fiber optic,Yes,No,Yes,Yes,No,Yes,No,Electronic check,No,No,No,No,1
CUST-004706,35,76.5,2766.14,Month-to-month,DSL,No,Yes,No,No,No,Yes,Yes,Electronic check,Yes,Yes,No,No,0
CUST-004707,1,62.36,195.74,Two year,DSL,No,Yes,No,No,Yes,Yes,No,Mailed check,No,No,Yes,Yes,0
CUST-004708,56,105.27,5957.37,Month-to-month,Fiber optic,Yes,No,Yes,Yes,Yes,No,No,Electronic check,No,Yes,No,No,1
CUST-004709,22,70.66,1551.13,Month-to-month,DSL,No,No,Yes,Yes,No,Yes,No,Mailed check,Yes,No,Yes,Yes,1
CUST-004710,53,102.02,5564.12,Month-to-month,Fiber optic,Yes,No,No,No,Yes,Yes,No,Bank transfer,Yes,No,Yes,No,1
CUST-004711,65,105.61,7063.56,One year,Fiber optic,Yes,No,No,No,No,Yes,No,Credit card,Yes,No,No,No,0
CUST-004712,71,88.56,6525.87,One year,Fiber optic,No,No,No,No,Yes,Yes,No,Bank transfer,Yes,No,No,No,0
CUST-004713,51,35.81,1858.89,One year,No,No,No,No,Yes,No,Yes,No,Credit card,No,No,No,No,0
CUST-004714,65,87.26,5630.14,Month-to-month,DSL,Yes,Yes,No,Yes,Yes,Yes,No,Credit card,Yes,No,No,No,0
CUST-004715,34,72.93,2340.26,Month-to-month,DSL,No,No,No,No,Yes,Yes,Yes,Credit card,No,No,Yes,No,0
CUST-004716,51,33.44,1815.9,Month-to-month,No,Yes,No,No,Yes,No,No,Yes,Credit card,No,No,Yes,No,0
CUST-004717,58,111.83,6617.01,Month-to-month,Fiber optic,Yes,No,No,No,Yes,Yes,Yes,Mailed check,No,No,Yes,No,0
CUST-004718,55,86.95,4948.83,Month-to-month,DSL,Yes,Yes,Yes,No,Yes,Yes,No,Electronic check,No,No,Yes,No,1
CUST-004719,39,117.12,4679.35,Two year,Fiber optic,No,No,No,Yes,No,Yes,No,Bank transfer,No,No,No,Yes,0
CUST-004720,42,99.07,4491.92,Two year,Fiber optic,No,Yes,No,No,Yes,Yes,No,Electronic check,No,No,Yes,No,0
CUST-004721,54,67.78,3464.13,Two year,No,Yes,Yes,Yes,No,No,Yes,Yes,Mailed check,No,No,No,No,0
CUST-004722,1,30.47,177.56,One year,No,No,No,No,No,No,Yes,Yes,Electronic check,No,No,Yes,No,0
CUST-004723,72,51.28,3731.1,Month-to-month,No,Yes,Yes,Yes,Yes,No,Yes,No,Electronic check,Yes,No,No,No,1
CUST-004724,55,75.04,3869.97,One year,Fiber optic,No,Yes,No,Yes,No,Yes,Yes,Electronic check,Yes,No,No,No,1
CUST-004725,68,85.97,5968.24,Month-to-month,DSL,No,Yes,No,No,Yes,Yes,Yes,Credit card,Yes,No,Yes,No,0
CUST-004726,44,73.13,3204.64,Month-to-month,DSL,No,No,Yes,Yes,No,Yes,Yes,Mailed check,Yes,No,Yes,No,0
CUST-004727,45,57.29,2489.84,Month-to-month,No,No,Yes,Yes,Yes,Yes,Yes,No,Electronic check,No,Yes,Yes,Yes,1
CUST-004728,68,81.38,5421.94,Month-to-month,Fiber optic,No,No,Yes,No,No,Yes,Yes,Electronic check,Yes,No,Yes,No,0
CUST-004729,31,72.06,2086.27,Two year,Fiber optic,Yes,No,No,No,Yes,Yes,No,Credit card,Yes,No,No,No,0
CUST-004730,13,102.26,1526.62,Two year,Fiber optic,No,Yes,Yes,Yes,No,Yes,Yes,Credit card,Yes,No,No,No,0
CUST-004731,33,65.19,2182.43,One year,DSL,No,Yes,Yes,No,No,Yes,No,Electronic check,No,No,Yes,Yes,0
CUST-004732,68,45.95,3026.04,One year,No,No,Yes,Yes,Yes,No,Yes,No,Bank transfer,No,No,Yes,Yes,0
CUST-004733,17,117.06,1937.47,Two year,Fiber optic,No,No,Yes,Yes,Yes,Yes,Yes,Credit card,Yes,No,Yes,No,0
CUST-004734,11,98.51,867.09,Month-to-month,Fiber optic,Yes,No,Yes,No,Yes,Yes,Yes,Mailed check,Yes,No,Yes,No,0
CUST-004735,41,116.78,4830.7,Month-to-month,Fiber optic,Yes,Yes,No,No,Yes,Yes,No,Mailed check,Yes,No,Yes,No,0
CUST-004736,4,43.08,77.53,Two year,DSL,No,No,No,No,No,Yes,No,Bank transfer,No,No,No,No,0
CUST-004737,45,109.89,4984.16,Two year,Fiber optic,No,No,Yes,Yes,Yes,Yes,No,Bank transfer,No,No,No,No,0
CUST-004738,46,62.48,2559.8,Month-to-month,DSL,No,No,No,Yes,Yes,Yes,No,Electronic check,Yes,Yes,No,Yes,0
CUST-004739,26,119.11,3085.44,Two year,Fiber optic,No,Yes,Yes,Yes,No,Yes,Yes,Mailed check,Yes,No,No,Yes,0
CUST-004740,23,86.24,1933.93,Month-to-month,Fiber optic,No,No,No,Yes,No,Yes,No,Mailed check,Yes,No,Yes,No,1
CUST-004741,14,115.03,1592.46,Month-to-month,Fiber optic,Yes,No,No,Yes,Yes,Yes,No,Electronic check,No,No,Yes,No,1
CUST-004742,38,81.16,2925.54,Two year,DSL,Yes,No,No,No,No,Yes,Yes,Electronic check,No,No,Yes,Yes,0
CUST-004743,1,99.77,0.0,Two year,Fiber optic,Yes,Yes,No,No,No,Yes,No,Electronic check,No,No,Yes,No,1
CUST-004744,27,57.21,1578.77,Two year,DSL,Yes,No,Yes,No,Yes,Yes,No,Mailed check,No,No,Yes,No,0
CUST-004745,7,57.58,496.27,One year,No,No,Yes,No,Yes,Yes,No,Yes,Electronic check,Yes,Yes,No,No,0
CUST-004746,13,103.89,1752.5,Month-to-month,Fiber optic,Yes,No,No,No,Yes,Yes,Yes,Mailed check,No,No,No,No,1
CUST-004747,17,74.84,1260.51,Month-to-month,DSL,No,No,Yes,No,No,Yes,No,Bank transfer,Yes,No,Yes,No,1
CUST-004748,62,98.8,6129.11,Two year,Fiber optic,No,Yes,No,No,Yes,Yes,No,Bank transfer,Yes,No,No,Yes,0
CUST-004749,32,89.61,2653.08,Month-to-month,Fiber optic,No,No,Yes,No,Yes,Yes,No,Bank transfer,Yes,Yes,No,No,1
CUST-004750,58,60.42,3370.84,Month-to-month,DSL,No,Yes,No,No,No,Yes,No,Mailed check,No,Yes,Yes,No,0
CUST-004751,61,106.25,6492.76,One year,Fiber optic,No,No,No,Yes,No,Yes,Yes,Credit card,No,No,Yes,No,1
CUST-004752,20,64.71,1217.32,Month-to-month,DSL,No,No,No,Yes,No,Yes,No,Electronic check,Yes,No,No,No,1
CUST-004753,10,91.26,979.74,Month-to-month,Fiber optic,No,No,Yes,No,No,Yes,No,Mailed check,No,No,No,No,1
CUST-004754,24,82.62,2506.4,Month-to-month,DSL,Yes,No,Yes,Yes,No,Yes,No,Electronic check,Yes,No,Yes,Yes,0
CUST-004755,48,41.15,2060.66,Two year,No,No,No,Yes,Yes,No,Yes,No,Electronic check,Yes,No,No,No,0
CUST-004756,55,113.82,6269.58,Month-to-month,Fiber optic,Yes,Yes,Yes,Yes,Yes,Yes,No,Credit card,Yes,Yes,No,No,1
CUST-004757,58,91.61,5146.94,Month-to-month,Fiber optic,No,No,No,Yes,No,Yes,Yes,Mailed check,No,No,No,No,1
CUST-004758,33,123.45,3881.01,One year,Fiber optic,No,Yes,Yes,Yes,Yes,Yes,Yes,Electronic check,Yes,No,Yes,No,0
CUST-004759,30,109.52,3357.11,One year,Fiber optic,No,No,Yes,No,Yes,Yes,Yes,Mailed check,Yes,No,Yes,Yes,0
CUST-004760,51,78.52,3981.27,Two year,DSL,Yes,No,No,Yes,No,Yes,No,Credit card,No,No,No,No,0
CUST-004761,52,54.78,2812.11,Month-to-month,DSL,No,Yes,No,No,No,Yes,No,Mailed check,Yes,Yes,No,No,1
CUST-004762,66,98.86,6729.24,One year,Fiber optic,Yes,No,Yes,No,No,Yes,Yes,Bank transfer,Yes,Yes,Yes,Yes,0
CUST-004763,52,66.01,3658.22,Month-to-month,Fiber optic,No,No,Yes,No,No,Yes,No,Electronic check,Yes,No,Yes,No,1
CUST-004764,61,57.26,3369.35,Two year,No,Yes,No,Yes,Yes,No,Yes,No,Bank transfer,Yes,No,Yes,Yes,0
CUST-004765,35,108.68,3807.45,Month-to-month,DSL,Yes,Yes,Yes,Yes,Yes,Yes,Yes,Credit card,Yes,No,Yes,No,1
CUST-004766,43,106.45,4201.37,Month-to-month,Fiber optic,Yes,No,Yes,Yes,No,Yes,No,Electronic check,Yes,No,No,No,1
CUST-004767,16,61.94,1174.56,Two year,DSL,No,Yes,No,No,Yes,Yes,Yes,Electronic check,No,No,No,Yes,1
CUST-004768,57,111.68,6240.07,One year,Fiber optic,No,No,Yes,No,No,Yes,Yes,Electronic check,Yes,Yes,Yes,No,0
CUST-004769,47,50.5,2642.88,One year,No,No,No,Yes,No,Yes,Yes,Yes,Credit card,Yes,No,Yes,No,0
CUST-004770,13,124.45,1485.13,Month-to-month,Fiber optic,Yes,Yes,Yes,Yes,Yes,Yes,Yes,Bank transfer,No,No,No,No,0
CUST-004771,31,103.24,3125.53,Two year,Fiber optic,No,No,Yes,No,No,Yes,Yes,Bank transfer,Yes,No,No,Yes,0
CUST-004772,61,102.59,6049.15,Two year,Fiber optic,No,Yes,Yes,Yes,No,Yes,No,Electronic check,Yes,No,Yes,No,0
CUST-004773,51,115.39,6324.74,One year,Fiber optic,No,No,No,No,Yes,Yes,Yes,Electronic check,Yes,No,No,No,1
CUST-004774,18,122.6,2092.67,Two year,Fiber optic,Yes,No,No,Yes,No,Yes,Yes,Credit card,No,No,No,No,0
CUST-004775,60,59.97,3513.81,Two year,DSL,No,No,No,No,Yes,Yes,No,Bank transfer,Yes,No,No,Yes,0
CUST-004776,30,64.03,2075.0,Month-to-month,DSL,Yes,Yes,No,No,Yes,Yes,No,Credit card,No,Yes,Yes,Yes,0
CUST-004777,47,64.96,2852.03,One year,DSL,No,No,Yes,Yes,No,No,Yes,Electronic check,No,No,No,Yes,0
CUST-004778,44,71.38,2909.31,Two year,DSL,No,No,Yes,No,Yes,Yes,Yes,Bank transfer,Yes,No,Yes,No,0
CUST-004779,13,100.93,1240.09,Month-to-month,DSL,Yes,Yes,No,Yes,No,No,No,Credit card,Yes,Yes,No,No,1
CUST-004780,23,136.09,3137.34,Month-to-month,Fiber optic,No,Yes,No,Yes,Yes,Yes,Yes,Electronic check,No,No,No,Yes,1
CUST-004781,66,56.68,3811.85,Month-to-month,DSL,No,No,No,No,No,Yes,No,Mailed check,Yes,Yes,Yes,No,0
CUST-004782,60,67.79,4027.11,Month-to-month,No,No,No,Yes,Yes,Yes,Yes,No,Bank transfer,Yes,Yes,Yes,No,0
CUST-004783,7,104.64,805.53,Month-to-month,Fiber optic,No,No,No,Yes,Yes,Yes,No,Credit card,Yes,No,No,No,1
CUST-004784,43,95.05,4127.39,Month-to-month,Fiber optic,No,Yes,Yes,Yes,No,Yes,No,Bank transfer,Yes,No,Yes,No,1
CUST-004785,55,79.34,4498.41,Month-to-month,DSL,Yes,No,No,Yes,No,Yes,Yes,Bank transfer,Yes,No,No,No,0
CUST-004786,69,114.06,7880.93,One year,Fiber optic,No,No,Yes,Yes,Yes,Yes,No,Bank transfer,Yes,No,No,Yes,0
CUST-004787,38,98.93,3569.01,Month-to-month,Fiber optic,Yes,No,No,Yes,No,Yes,Yes,Credit card,Yes,No,Yes,No,1
CUST-004788,20,101.04,2011.79,Two year,Fiber optic,Yes,No,No,No,Yes,Yes,No,Credit card,Yes,No,No,No,0
CUST-004789,61,63.57,3756.09,Month-to-month,No,No,Yes,Yes,No,No,Yes,Yes,Electronic check,Yes,No,No,No,0
CUST-004790,51,63.86,2894.55,One year,DSL,No,No,No,Yes,No,Yes,Yes,Electronic check,Yes,Yes,No,No,0
CUST-004791,67,106.74,7262.87,Month-to-month,Fiber optic,No,No,Yes,Yes,No,Yes,Yes,Bank transfer,Yes,Yes,No,No,0
CUST-004792,11,76.3,1038.93,Month-to-month,DSL,No,No,No,Yes,Yes,Yes,No,Mailed check,No,No,Yes,Yes,1
CUST-004793,33,71.58,2460.84,Month-to-month,DSL,Yes,No,No,No,No,Yes,Yes,Bank transfer,Yes,No,Yes,Yes,0
CUST-004794,12,62.15,762.36,One year,No,No,Yes,Yes,Yes,Yes,No,Yes,Mailed check,Yes,No,Yes,No,0
CUST-004795,4,70.64,559.47,One year,DSL,No,No,Yes,No,Yes,Yes,No,Bank transfer,Yes,Yes,Yes,No,1
CUST-004796,37,100.35,3674.11,Month-to-month,Fiber optic,No,No,Yes,Yes,No,Yes,Yes,Mailed check,No,Yes,No,No,1
CUST-004797,50,122.17,6179.71,Month-to-month,Fiber optic,Yes,Yes,No,Yes,Yes,Yes,Yes,Mailed check,No,Yes,Yes,Yes,0
CUST-004798,65,51.25,3445.25,Month-to-month,DSL,No,Yes,Yes,No,Yes,Yes,No,Bank transfer,Yes,No,Yes,Yes,0
CUST-004799,34,101.77,3133.58,Month-to-month,DSL,Yes,Yes,No,No,Yes,Yes,No,Electronic check,No,No,No,No,1
CUST-004800,34,73.68,2719.71,Month-to-month,DSL,Yes,Yes,No,Yes,No,Yes,Yes,Credit card,Yes,Yes,Yes,No,0
CUST-004801,40,87.89,3647.05,Month-to-month,DSL,No,Yes,Yes,Yes,No,Yes,No,Credit card,No,No,Yes,No,0
CUST-004802,40,66.2,2796.37,Month-to-month,DSL,No,No,Yes,No,Yes,Yes,No,Credit card,Yes,Yes,Yes,Yes,0
CUST-004803,22,57.32,1109.67,One year,No,Yes,Yes,Yes,No,Yes,Yes,Yes,Electronic check,Yes,No,Yes,No,0
CUST-004804,69,52.58,3720.26,Month-to-month,DSL,No,No,No,No,No,Yes,Yes,Mailed check,Yes,No,No,No,1
CUST-004805,60,18.0,1108.32,One year,No,No,Yes,Yes,Yes,Yes,Yes,No,Credit card,Yes,No,Yes,No,0
CUST-004806,14,49.85,662.75,Month-to-month,No,No,No,No,Yes,Yes,Yes,Yes,Mailed check,No,No,No,Yes,1
CUST-004807,70,123.37,8851.85,Two year,Fiber optic,Yes,Yes,Yes,Yes,No,Yes,No,Electronic check,No,No,No,Yes,0
CUST-004808,61,78.37,4861.53,Month-to-month,DSL,Yes,No,Yes,No,No,Yes,Yes,Credit card,Yes,No,Yes,No,0
CUST-004809,47,95.54,4414.77,One year,DSL,Yes,Yes,Yes,Yes,Yes,Yes,Yes,Electronic check,Yes,No,No,Yes,0
CUST-004810,55,116.67,6664.41,One year,Fiber optic,Yes,Yes,No,No,Yes,Yes,Yes,Electronic check,No,No,Yes,No,0
CUST-004811,52,69.09,3678.52,Month-to-month,DSL,No,Yes,No,Yes,No,Yes,Yes,Bank transfer,Yes,Yes,Yes,No,1
CUST-004812,48,106.96,5114.71,Month-to-month,Fiber optic,No,Yes,Yes,Yes,Yes,No,No,Bank transfer,Yes,No,No,No,1
CUST-004813,39,60.32,2403.77,Month-to-month,DSL,No,No,No,Yes,No,No,Yes,Electronic check,Yes,No,No,No,0
CUST-004814,27,122.19,3135.88,Two year,Fiber optic,Yes,Yes,Yes,No,Yes,Yes,No,Electronic check,Yes,No,No,Yes,0
CUST-004815,5,79.24,406.79,Month-to-month,DSL,No,Yes,No,Yes,No,Yes,Yes,Mailed check,Yes,No,No,Yes,1
CUST-004816,63,51.71,3397.46,Month-to-month,No,No,Yes,Yes,No,Yes,Yes,Yes,Electronic check,Yes,No,No,No,0
CUST-004817,29,129.81,3974.19,One year,Fiber optic,No,No,No,Yes,Yes,Yes,No,Credit card,No,No,No,No,0
CUST-004818,70,113.31,7989.17,Month-to-month,Fiber optic,No,No,Yes,No,Yes,Yes,No,Credit card,Yes,Yes,No,No,1
CUST-004819,68,118.49,7951.23,One year,Fiber optic,No,Yes,Yes,Yes,Yes,Yes,No,Credit card,Yes,No,Yes,No,1
CUST-004820,28,81.04,2543.99,Month-to-month,No,No,Yes,Yes,No,Yes,Yes,No,Electronic check,Yes,No,Yes,Yes,1
CUST-004821,58,108.37,6489.6,Month-to-month,Fiber optic,Yes,Yes,No,No,Yes,Yes,Yes,Bank transfer,Yes,No,No,No,1
CUST-004822,30,85.45,2499.63,Month-to-month,DSL,No,Yes,No,No,Yes,Yes,Yes,Bank transfer,Yes,No,No,No,0
CUST-004823,34,103.84,3611.81,Month-to-month,Fiber optic,No,Yes,No,No,No,Yes,No,Mailed check,No,Yes,Yes,Yes,1
CUST-004824,53,95.17,5008.87,One year,Fiber optic,Yes,No,No,Yes,No,No,No,Credit card,Yes,No,No,No,0
CUST-004825,67,22.31,1355.29,Month-to-month,No,No,No,No,No,No,Yes,No,Bank transfer,Yes,No,Yes,No,0
CUST-004826,38,102.91,4055.03,Two year,Fiber optic,No,No,Yes,No,Yes,Yes,No,Credit card,Yes,No,Yes,No,0
CUST-004827,62,72.57,4597.93,One year,DSL,No,No,Yes,Yes,No,Yes,No,Mailed check,No,No,No,No,0
CUST-004828,15,63.97,1087.28,Month-to-month,DSL,No,No,Yes,No,No,Yes,Yes,Mailed check,Yes,No,No,No,1
CUST-004829,25,73.3,2032.04,Month-to-month,DSL,No,No,Yes,No,Yes,Yes,Yes,Bank transfer,No,No,No,No,1
CUST-004830,64,66.48,4230.05,Month-to-month,DSL,No,Yes,No,Yes,Yes,Yes,No,Electronic check,Yes,No,No,No,0
CUST-004831,69,104.23,6978.73,Month-to-month,Fiber optic,No,No,Yes,Yes,No,Yes,Yes,Bank transfer,Yes,No,Yes,No,0
CUST-004832,49,80.22,3913.82,Two year,DSL,Yes,Yes,Yes,No,No,Yes,Yes,Electronic check,Yes,No,No,No,0
CUST-004833,18,86.01,1704.13,Month-to-month,Fiber optic,Yes,No,No,No,No,Yes,Yes,Electronic check,Yes,No,No,No,1
CUST-004834,32,55.35,1703.8,Month-to-month,DSL,Yes,No,Yes,No,No,Yes,No,Bank transfer,No,Yes,No,No,0
CUST-004835,38,95.68,3584.49,Month-to-month,Fiber optic,Yes,No,No,No,No,Yes,No,Electronic check,Yes,No,No,No,0
CUST-004836,30,101.21,3028.23,Month-to-month,DSL,Yes,Yes,No,Yes,Yes,Yes,Yes,Electronic check,No,No,No,Yes,0
CUST-004837,40,95.89,4094.86,Month-to-month,Fiber optic,Yes,Yes,No,No,Yes,Yes,No,Electronic check,Yes,No,No,No,0
CUST-004838,46,98.54,4602.17,Two year,Fiber optic,Yes,Yes,Yes,No,No,Yes,Yes,Electronic check,No,No,Yes,No,0
CUST-004839,12,100.45,1156.83,One year,DSL,Yes,Yes,No,Yes,Yes,Yes,No,Credit card,Yes,No,Yes,Yes,0
CUST-004840,22,49.12,1105.78,One year,No,No,Yes,No,Yes,No,Yes,Yes,Credit card,Yes,No,No,Yes,0
CUST-004841,55,118.71,6707.37,Two year,Fiber optic,No,Yes,No,No,Yes,Yes,Yes,Mailed check,Yes,No,Yes,No,0
CUST-004842,45,108.91,4876.76,One year,Fiber optic,No,No,Yes,Yes,Yes,Yes,No,Bank transfer,Yes,Yes,Yes,No,1
CUST-004843,7,59.15,641.51,Month-to-month,DSL,No,No,No,Yes,No,Yes,No,Mailed check,Yes,No,No,No,0
CUST-004844,8,78.07,491.12,Month-to-month,DSL,Yes,No,Yes,Yes,No,Yes,No,Credit card,Yes,No,No,No,1
CUST-004845,38,54.06,2105.69,Month-to-month,No,No,Yes,No,Yes,Yes,Yes,No,Mailed check,Yes,No,Yes,No,1
CUST-004846,28,81.25,2377.95,Month-to-month,Fiber optic,No,No,No,No,Yes,Yes,No,Electronic check,Yes,Yes,No,Yes,1
CUST-004847,24,34.22,753.5,Two year,No,No,No,Yes,No,No,Yes,No,Electronic check,No,No,Yes,No,0
CUST-004848,58,87.06,5186.13,Month-to-month,Fiber optic,Yes,Yes,No,No,Yes,Yes,No,Credit card,Yes,No,Yes,No,1
CUST-004849,49,83.59,4138.39,Month-to-month,DSL,No,No,Yes,Yes,Yes,Yes,No,Bank transfer,Yes,No,Yes,No,1
CUST-004850,10,72.87,880.93,Month-to-month,DSL,Yes,No,Yes,No,No,Yes,No,Electronic check,No,No,No,No,1
CUST-004851,2,110.68,218.8,Month-to-month,Fiber optic,No,No,No,Yes,Yes,No,No,Electronic check,Yes,No,Yes,No,1
CUST-004852,51,83.81,4319.34,Month-to-month,Fiber optic,No,No,No,Yes,No,Yes,No,Bank transfer,Yes,Yes,No,No,1
CUST-004853,58,98.69,5419.52,Month-to-month,Fiber optic,Yes,No,No,No,Yes,Yes,No,Bank transfer,No,No,Yes,No,0
CUST-004854,52,43.35,2358.55,One year,No,Yes,Yes,No,No,No,Yes,Yes,Credit card,Yes,No,Yes,No,0
CUST-004855,54,31.55,1584.87,Month-to-month,No,No,No,Yes,Yes,No,Yes,No,Electronic check,Yes,No,No,Yes,0
CUST-004856,54,83.06,4355.12,One year,Fiber optic,No,Yes,No,No,Yes,Yes,No,Mailed check,Yes,Yes,No,No,0
CUST-004857,36,108.74,3816.58,Month-to-month,Fiber optic,Yes,Yes,No,No,No,Yes,Yes,Electronic check,Yes,Yes,No,No,1
CUST-004858,2,54.08,0.0,Month-to-month,No,Yes,No,No,No,Yes,Yes,Yes,Mailed check,Yes,No,Yes,No,1
CUST-004859,25,114.47,2974.75,Two year,Fiber optic,No,Yes,No,Yes,No,Yes,Yes,Electronic check,Yes,No,Yes,Yes,1
CUST-004860,60,77.52,4387.59,Month-to-month,DSL,No,Yes,No,No,No,Yes,No,Mailed check,Yes,No,No,No,0
CUST-004861,33,111.05,4106.94,One year,Fiber optic,No,No,Yes,No,Yes,Yes,Yes,Mailed check,Yes,No,No,No,0
CUST-004862,18,117.23,2211.13,One year,Fiber optic,Yes,No,No,No,Yes,Yes,Yes,Bank transfer,Yes,Yes,Yes,No,1
CUST-004863,47,104.25,4973.44,Month-to-month,Fiber optic,No,No,Yes,Yes,Yes,Yes,No,Bank transfer,No,No,No,Yes,1
CUST-004864,12,71.39,680.16,One year,DSL,No,No,No,Yes,No,Yes,No,Credit card,Yes,No,No,No,1
CUST-004865,11,99.68,987.41,Month-to-month,Fiber optic,Yes,No,No,No,Yes,Yes,Yes,Electronic check,No,No,No,No,0
CUST-004866,7,23.83,109.81,Month-to-month,No,No,No,No,Yes,Yes,Yes,No,Mailed check,Yes,No,No,No,0
CUST-004867,63,34.39,1902.02,Two year,No,No,No,Yes,Yes,No,Yes,Yes,Bank transfer,Yes,No,No,No,0
CUST-004868,43,79.61,3384.51,Month-to-month,Fiber optic,No,No,Yes,No,No,No,No,Electronic check,Yes,No,No,Yes,1
CUST-004869,16,88.72,1304.31,One year,DSL,Yes,No,No,Yes,Yes,Yes,No,Bank transfer,No,No,No,No,1
CUST-004870,52,95.42,5208.73,Two year,Fiber optic,No,No,No,Yes,No,Yes,No,Electronic check,Yes,No,No,No,0
CUST-004871,5,105.6,558.51,Month-to-month,Fiber optic,Yes,No,No,No,No,Yes,Yes,Credit card,Yes,No,Yes,Yes,1
CUST-004872,46,76.67,3321.1,Month-to-month,No,Yes,Yes,Yes,Yes,Yes,No,No,Electronic check,Yes,No,No,No,0
CUST-004873,35,95.35,3268.08,Two year,Fiber optic,No,No,No,Yes,Yes,Yes,Yes,Bank transfer,Yes,No,No,No,0
CUST-004874,67,55.86,3843.75,One year,No,Yes,No,No,Yes,Yes,Yes,Yes,Bank transfer,No,No,Yes,No,0
CUST-004875,38,54.29,1927.11,Month-to-month,No,No,Yes,Yes,No,Yes,Yes,No,Bank transfer,No,No,No,No,0
CUST-004876,28,44.59,1506.05,Month-to-month,No,Yes,No,Yes,No,Yes,Yes,No,Electronic check,Yes,No,Yes,Yes,0
CUST-004877,44,105.3,4826.7,One year,Fiber optic,Yes,No,No,No,Yes,Yes,No,Credit card,Yes,No,Yes,Yes,0
CUST-004878,7,62.0,455.45,One year,No,No,Yes,Yes,Yes,No,Yes,No,Mailed check,Yes,No,No,No,0
CUST-004879,38,33.37,1378.2,Month-to-month,No,Yes,No,Yes,No,No,Yes,Yes,Electronic check,No,No,No,Yes,0
CUST-004880,21,57.02,1156.41,Month-to-month,DSL,Yes,No,No,Yes,No,Yes,No,Credit card,No,No,Yes,Yes,0
CUST-004881,18,84.56,1805.18,One year,DSL,No,Yes,Yes,Yes,Yes,Yes,No,Mailed check,No,No,Yes,Yes,0
CUST-004882,14,103.86,1579.8,Two year,Fiber optic,No,No,Yes,No,No,Yes,Yes,Credit card,Yes,No,Yes,No,1
CUST-004883,33,103.23,3422.29,Month-to-month,Fiber optic,Yes,No,No,Yes,No,Yes,No,Mailed check,Yes,Yes,Yes,No,1
CUST-004884,52,146.86,7762.08,Month-to-month,Fiber optic,Yes,Yes,No,Yes,Yes,Yes,Yes,Bank transfer,No,No,Yes,No,0
CUST-004885,14,88.93,1457.76,One year,DSL,No,No,Yes,No,Yes,Yes,Yes,Electronic check,Yes,No,Yes,No,1
CUST-004886,56,110.46,6070.34,Month-to-month,Fiber optic,No,Yes,Yes,Yes,No,Yes,Yes,Mailed check,No,No,Yes,No,0
CUST-004887,44,80.22,3294.73,Month-to-month,DSL,No,No,Yes,Yes,Yes,Yes,No,Bank transfer,Yes,No,No,No,1
CUST-004888,35,42.67,1591.46,Month-to-month,DSL,No,Yes,No,No,No,Yes,No,Electronic check,Yes,No,Yes,No,0
CUST-004889,64,89.82,6038.89,Month-to-month,Fiber optic,No,Yes,Yes,No,No,Yes,No,Mailed check,Yes,Yes,No,Yes,1
CUST-004890,19,102.03,1604.67,Month-to-month,Fiber optic,No,Yes,Yes,Yes,Yes,Yes,No,Credit card,Yes,No,Yes,No,1
CUST-004891,5,124.45,768.12,Month-to-month,Fiber optic,Yes,No,Yes,Yes,Yes,Yes,Yes,Bank transfer,Yes,Yes,Yes,No,0
CUST-004892,33,86.72,2730.75,One year,DSL,Yes,No,No,Yes,No,Yes,No,Electronic check,No,No,No,No,1
CUST-004893,5,113.64,502.25,Two year,Fiber optic,Yes,No,No,Yes,Yes,Yes,No,Electronic check,Yes,No,No,No,1
CUST-004894,48,101.61,4993.59,Month-to-month,Fiber optic,Yes,Yes,Yes,No,Yes,Yes,No,Electronic check,Yes,No,Yes,No,1
CUST-004895,11,106.06,1080.46,One year,Fiber optic,No,No,Yes,No,Yes,Yes,Yes,Mailed check,No,No,No,No,0
CUST-004896,12,106.41,1106.93,Month-to-month,Fiber optic,Yes,No,No,No,Yes,Yes,Yes,Electronic check,Yes,No,Yes,No,1
CUST-004897,67,80.74,5419.78,Month-to-month,DSL,Yes,No,Yes,Yes,No,Yes,No,Bank transfer,Yes,No,No,No,0
CUST-004898,38,117.52,4485.47,Month-to-month,Fiber optic,No,No,Yes,Yes,No,Yes,No,Bank transfer,Yes,No,Yes,Yes,0
CUST-004899,42,58.39,2506.37,Month-to-month,No,Yes,No,Yes,No,No,Yes,No,Mailed check,No,No,No,No,1
CUST-004900,17,79.4,1279.22,Two year,Fiber optic,No,Yes,No,No,Yes,Yes,No,Credit card,No,No,Yes,Yes,0
CUST-004901,42,34.04,1526.08,Month-to-month,No,No,No,No,No,No,Yes,Yes,Electronic check,Yes,No,No,No,0
CUST-004902,55,85.99,4727.87,One year,Fiber optic,No,No,No,No,No,Yes,No,Electronic check,Yes,No,No,No,0
CUST-004903,41,115.44,4440.27,One year,Fiber optic,No,Yes,Yes,Yes,No,No,Yes,Bank transfer,Yes,Yes,Yes,No,1
CUST-004904,38,93.45,3551.59,One year,Fiber optic,No,Yes,No,Yes,No,Yes,No,Bank transfer,No,No,Yes,Yes,0
CUST-004905,23,127.41,2841.31,One year,Fiber optic,No,No,Yes,Yes,Yes,Yes,Yes,Electronic check,No,Yes,Yes,Yes,1
CUST-004906,35,72.9,2568.28,Month-to-month,DSL,No,Yes,No,No,No,Yes,Yes,Electronic check,No,No,Yes,No,0
CUST-004907,12,128.32,1680.07,Two year,Fiber optic,No,Yes,No,Yes,Yes,Yes,Yes,Bank transfer,Yes,Yes,Yes,No,1
CUST-004908,37,82.01,2796.84,One year,DSL,No,No,No,Yes,Yes,Yes,Yes,Bank transfer,Yes,No,No,No,1
CUST-004909,26,92.1,2517.2,Two year,Fiber optic,Yes,No,No,Yes,No,Yes,No,Mailed check,Yes,No,No,No,0
CUST-004910,25,105.49,2853.44,One year,Fiber optic,No,No,No,No,No,Yes,Yes,Mailed check,Yes,No,Yes,No,0
CUST-004911,28,60.57,1750.74,Month-to-month,No,Yes,No,Yes,No,No,Yes,Yes,Credit card,Yes,No,No,No,1
CUST-004912,62,100.58,6148.81,One year,Fiber optic,Yes,No,No,No,No,Yes,No,Electronic check,Yes,No,No,Yes,0
CUST-004913,59,112.58,6637.05,Month-to-month,Fiber optic,No,Yes,Yes,No,No,Yes,No,Bank transfer,Yes,No,No,No,1
CUST-004914,1,120.57,226.94,Month-to-month,Fiber optic,No,Yes,No,Yes,No,Yes,No,Mailed check,No,No,Yes,Yes,1
CUST-004915,45,102.98,4630.91,Month-to-month,Fiber optic,No,Yes,No,No,Yes,Yes,No,Electronic check,Yes,No,No,No,1
CUST-004916,19,124.94,2338.63,Month-to-month,Fiber optic,Yes,Yes,No,Yes,No,Yes,Yes,Credit card,Yes,No,No,No,1
CUST-004917,18,85.69,1336.63,Two year,DSL,Yes,No,No,Yes,Yes,Yes,No,Mailed check,Yes,No,Yes,Yes,1
CUST-004918,22,99.69,1989.63,Month-to-month,Fiber optic,No,Yes,Yes,No,Yes,No,No,Credit card,No,No,Yes,No,1
CUST-004919,26,102.36,2915.54,One year,Fiber optic,No,No,Yes,No,No,Yes,Yes,Credit card,Yes,Yes,Yes,Yes,0
CUST-004920,13,83.01,840.16,Month-to-month,DSL,Yes,Yes,No,Yes,No,Yes,Yes,Bank transfer,Yes,No,Yes,Yes,1
CUST-004921,49,100.9,5225.18,One year,DSL,Yes,No,Yes,Yes,Yes,Yes,Yes,Mailed check,Yes,No,Yes,No,0
CUST-004922,50,77.63,3760.3,Month-to-month,DSL,No,Yes,Yes,No,No,Yes,Yes,Bank transfer,Yes,No,Yes,No,0
CUST-004923,67,94.56,6600.8,Month-to-month,Fiber optic,Yes,Yes,No,No,No,Yes,No,Electronic check,No,Yes,Yes,No,0
CUST-004924,1,38.58,190.88,One year,No,No,No,No,No,No,Yes,No,Bank transfer,No,No,No,Yes,0
CUST-004925,6,59.27,33.25,One year,DSL,No,No,No,No,No,Yes,No,Bank transfer,Yes,No,No,No,1
CUST-004926,44,69.03,3284.09,Month-to-month,DSL,No,No,Yes,Yes,No,Yes,No,Electronic check,Yes,No,Yes,No,0
CUST-004927,33,77.49,2230.15,Month-to-month,DSL,Yes,No,No,No,Yes,Yes,No,Mailed check,No,No,No,No,0
CUST-004928,54,107.5,5648.34,Month-to-month,Fiber optic,No,Yes,Yes,Yes,No,Yes,No,Mailed check,Yes,No,No,Yes,0
CUST-004929,36,68.6,2226.82,Month-to-month,No,Yes,No,Yes,Yes,Yes,Yes,Yes,Electronic check,No,No,Yes,Yes,0
CUST-004930,20,104.36,2228.97,Month-to-month,DSL,Yes,Yes,Yes,Yes,No,No,Yes,Bank transfer,No,No,Yes,Yes,0
CUST-004931,3,95.6,428.22,Two year,Fiber optic,No,No,Yes,No,Yes,Yes,No,Credit card,Yes,No,Yes,No,0
CUST-004932,20,77.82,1647.04,One year,DSL,No,No,No,Yes,No,Yes,No,Electronic check,Yes,No,No,No,1
CUST-004933,1,88.01,110.41,Month-to-month,Fiber optic,No,No,No,No,No,Yes,Yes,Credit card,No,No,No,Yes,1
CUST-004934,33,118.89,3909.35,Month-to-month,Fiber optic,Yes,No,No,Yes,Yes,Yes,Yes,Mailed check,Yes,No,No,No,1
CUST-004935,22,116.31,2787.0,Two year,Fiber optic,Yes,No,Yes,Yes,No,Yes,No,Mailed check,No,No,No,Yes,0
CUST-004936,24,118.29,2910.25,One year,Fiber optic,No,No,Yes,Yes,Yes,Yes,Yes,Electronic check,Yes,No,No,Yes,1
CUST-004937,60,109.8,6611.33,Month-to-month,Fiber optic,No,Yes,No,No,Yes,Yes,Yes,Bank transfer,No,No,Yes,Yes,1
CUST-004938,19,102.92,1607.77,Month-to-month,Fiber optic,Yes,Yes,No,No,Yes,Yes,No,Electronic check,No,No,Yes,No,1
CUST-004939,64,45.04,2867.94,One year,No,Yes,No,No,Yes,Yes,Yes,No,Electronic check,Yes,No,No,Yes,0
CUST-004940,47,68.16,3216.11,Month-to-month,DSL,Yes,No,No,No,Yes,Yes,No,Bank transfer,No,Yes,No,Yes,0
CUST-004941,47,118.8,5673.82,Month-to-month,Fiber optic,Yes,Yes,No,No,Yes,Yes,Yes,Electronic check,Yes,No,Yes,No,1
CUST-004942,20,100.88,1878.82,Month-to-month,Fiber optic,No,No,No,No,Yes,Yes,No,Mailed check,No,No,Yes,No,1
CUST-004943,64,84.01,5055.7,Month-to-month,DSL,Yes,Yes,No,Yes,No,Yes,Yes,Electronic check,Yes,No,No,No,1
CUST-004944,50,59.53,3041.82,Two year,DSL,No,Yes,Yes,No,No,Yes,No,Credit card,Yes,No,No,Yes,0
CUST-004945,57,109.56,6196.93,One year,Fiber optic,No,Yes,No,Yes,No,Yes,Yes,Mailed check,No,No,Yes,No,0
CUST-004946,26,110.34,2872.63,Month-to-month,Fiber optic,No,Yes,Yes,Yes,Yes,Yes,No,Electronic check,No,Yes,Yes,No,1
CUST-004947,9,99.59,840.63,Two year,Fiber optic,No,No,Yes,No,No,Yes,Yes,Credit card,Yes,No,Yes,No,0
CUST-004948,61,94.56,5395.42,Two year,DSL,No,No,Yes,Yes,No,Yes,Yes,Electronic check,Yes,No,No,No,0
CUST-004949,9,109.87,1131.66,Two year,Fiber optic,Yes,No,No,No,No,Yes,Yes,Bank transfer,Yes,No,No,Yes,1
CUST-004950,69,87.17,5931.8,One year,DSL,Yes,Yes,No,Yes,Yes,Yes,No,Electronic check,Yes,No,No,No,0
CUST-004951,60,87.36,5103.09,Month-to-month,Fiber optic,No,No,Yes,No,No,Yes,No,Mailed check,Yes,Yes,No,Yes,1
CUST-004952,53,109.89,5835.81,Month-to-month,Fiber optic,No,Yes,No,No,No,Yes,Yes,Mailed check,No,No,No,Yes,0
CUST-004953,32,98.6,3086.61,Month-to-month,Fiber optic,Yes,Yes,No,No,No,Yes,Yes,Electronic check,No,No,Yes,Yes,1
CUST-004954,25,43.11,1122.04,One year,No,No,No,Yes,Yes,Yes,Yes,No,Electronic check,No,No,Yes,No,0
CUST-004955,38,100.84,3885.75,Month-to-month,Fiber optic,No,No,No,Yes,Yes,Yes,No,Credit card,No,No,No,No,1
CUST-004956,43,62.0,2656.18,One year,DSL,No,Yes,Yes,Yes,Yes,Yes,No,Electronic check,Yes,No,No,Yes,0
CUST-004957,16,126.0,1983.45,Two year,Fiber optic,No,Yes,No,Yes,No,Yes,Yes,Bank transfer,Yes,No,Yes,Yes,0
CUST-004958,56,67.72,4050.59,Two year,DSL,No,No,Yes,Yes,Yes,Yes,No,Electronic check,Yes,Yes,No,No,0
CUST-004959,55,58.48,3321.66,Month-to-month,No,Yes,Yes,Yes,No,Yes,Yes,No,Mailed check,Yes,No,Yes,No,1
CUST-004960,26,79.21,2350.09,Month-to-month,DSL,Yes,No,Yes,No,Yes,Yes,No,Credit card,Yes,No,No,No,1
CUST-004961,61,98.85,5937.74,One year,Fiber optic,Yes,Yes,No,No,No,Yes,No,Electronic check,No,No,No,No,0
CUST-004962,39,58.67,2401.27,One year,No,Yes,Yes,Yes,Yes,Yes,No,Yes,Electronic check,Yes,No,Yes,No,0
CUST-004963,16,99.95,1567.78,Month-to-month,Fiber optic,No,No,No,Yes,Yes,No,No,Electronic check,Yes,No,No,No,1
CUST-004964,9,88.26,825.72,One year,Fiber optic,No,No,No,Yes,No,No,No,Electronic check,Yes,No,No,Yes,1
CUST-004965,32,101.24,3229.72,One year,Fiber optic,No,No,No,No,Yes,Yes,No,Mailed check,No,Yes,Yes,No,0
CUST-004966,35,66.44,2472.44,Month-to-month,DSL,No,No,No,No,No,Yes,Yes,Electronic check,Yes,Yes,Yes,No,0
CUST-004967,59,83.94,4787.61,Two year,Fiber optic,No,No,Yes,No,No,Yes,Yes,Mailed check,Yes,No,Yes,No,0
CUST-004968,30,126.99,3601.44,Month-to-month,Fiber optic,Yes,No,Yes,Yes,Yes,Yes,No,Electronic check,No,No,No,Yes,1
CUST-004969,38,81.31,3117.6,Month-to-month,DSL,Yes,Yes,No,No,Yes,Yes,No,Electronic check,Yes,No,Yes,Yes,0
CUST-004970,20,91.35,1816.22,One year,Fiber optic,No,No,No,Yes,No,Yes,Yes,Mailed check,No,No,No,No,1
CUST-004971,63,98.72,6136.16,Two year,Fiber optic,No,No,No,No,No,Yes,No,Electronic check,Yes,No,No,No,0
CUST-004972,16,32.52,418.58,One year,No,No,Yes,No,No,Yes,Yes,No,Mailed check,Yes,No,Yes,Yes,0
CUST-004973,33,117.2,4270.51,Two year,Fiber optic,No,Yes,Yes,No,No,Yes,No,Bank transfer,Yes,No,No,No,0
CUST-004974,8,95.95,622.66,One year,Fiber optic,Yes,Yes,Yes,Yes,No,Yes,No,Electronic check,Yes,Yes,No,No,1
CUST-004975,55,85.06,4635.21,Month-to-month,DSL,Yes,Yes,No,Yes,Yes,Yes,No,Credit card,No,No,No,Yes,0
CUST-004976,6,46.86,223.33,Month-to-month,No,Yes,No,No,No,No,Yes,Yes,Credit card,No,No,No,No,0
CUST-004977,18,73.57,1096.58,Month-to-month,DSL,Yes,Yes,No,Yes,No,Yes,Yes,Bank transfer,Yes,No,Yes,No,1
CUST-004978,1,110.09,0.0,Two year,Fiber optic,No,Yes,No,No,Yes,No,No,Mailed check,Yes,No,No,No,1
CUST-004979,15,68.71,1101.25,Month-to-month,DSL,No,No,No,No,Yes,Yes,Yes,Electronic check,No,No,No,No,1
CUST-004980,8,53.19,256.29,Month-to-month,No,Yes,Yes,Yes,No,No,Yes,Yes,Bank transfer,No,No,No,No,0
CUST-004981,38,56.08,2056.5,One year,No,No,Yes,Yes,Yes,No,Yes,No,Mailed check,No,No,Yes,No,0
CUST-004982,71,77.4,5758.28,Month-to-month,DSL,No,Yes,Yes,Yes,Yes,No,No,Electronic check,No,No,No,No,0
CUST-004983,41,91.14,3815.78,One year,DSL,Yes,Yes,Yes,No,Yes,Yes,No,Credit card,Yes,No,Yes,Yes,0
CUST-004984,12,65.86,734.12,Two year,DSL,No,Yes,No,No,Yes,Yes,Yes,Bank transfer,Yes,No,No,Yes,0
CUST-004985,17,59.39,897.98,Month-to-month,DSL,Yes,Yes,No,No,No,No,Yes,Credit card,No,No,No,No,0
CUST-004986,28,60.91,1804.88,One year,DSL,No,No,Yes,No,No,Yes,No,Credit card,No,No,Yes,No,0
CUST-004987,29,125.28,3542.28,Month-to-month,Fiber optic,Yes,No,No,Yes,Yes,Yes,Yes,Mailed check,No,No,Yes,Yes,1
CUST-004988,72,109.17,7883.47,One year,Fiber optic,Yes,Yes,Yes,No,No,Yes,Yes,Credit card,No,No,No,No,0
CUST-004989,28,118.55,3276.35,Two year,Fiber optic,No,Yes,Yes,Yes,Yes,Yes,Yes,Electronic check,No,No,No,No,1
CUST-004990,29,68.47,2122.2,Month-to-month,DSL,No,No,Yes,No,No,Yes,No,Electronic check,No,No,Yes,Yes,1
CUST-004991,49,81.76,3777.95,Month-to-month,DSL,No,No,Yes,Yes,Yes,Yes,No,Bank transfer,No,No,Yes,No,0
CUST-004992,63,85.54,5502.24,Month-to-month,Fiber optic,No,No,No,No,No,Yes,Yes,Credit card,No,No,Yes,Yes,0
CUST-004993,4,68.04,123.45,Month-to-month,DSL,No,Yes,Yes,No,No,Yes,No,Electronic check,No,No,No,No,0
CUST-004994,19,72.19,1227.77,Month-to-month,DSL,No,Yes,No,No,Yes,No,No,Credit card,Yes,Yes,Yes,Yes,1
CUST-004995,54,35.52,1825.78,Month-to-month,No,Yes,No,Yes,No,No,Yes,No,Bank transfer,No,No,No,No,0
CUST-004996,69,77.96,5069.97,One year,DSL,Yes,No,No,Yes,Yes,No,Yes,Electronic check,Yes,No,Yes,Yes,0
CUST-004997,20,93.95,1615.22,Month-to-month,Fiber optic,Yes,Yes,No,Yes,No,Yes,No,Credit card,Yes,No,Yes,No,1
CUST-004998,32,95.23,2906.44,Month-to-month,Fiber optic,No,No,Yes,No,No,No,Yes,Electronic check,No,No,Yes,No,1
CUST-004999,18,92.64,1734.47,Month-to-month,Fiber optic,No,No,No,No,No,Yes,Yes,Credit card,No,No,No,No,0
CUST-005000,48,110.89,5393.79,Month-to-month,Fiber optic,Yes,Yes,No,Yes,No,Yes,Yes,Bank transfer,Yes,No,Yes,No,1
CUST-005001,59,65.73,3929.66,One year,DSL,Yes,No,Yes,No,Yes,Yes,No,Credit card,Yes,No,No,No,0
CUST-005002,23,114.55,2640.66,Month-to-month,Fiber optic,No,Yes,No,Yes,No,Yes,Yes,Credit card,Yes,No,No,No,1
CUST-005003,7,78.14,614.42,One year,DSL,No,Yes,Yes,No,No,Yes,Yes,Bank transfer,Yes,No,Yes,Yes,0
CUST-005004,15,80.0,1516.63,Month-to-month,DSL,No,Yes,Yes,Yes,Yes,Yes,Yes,Credit card,Yes,No,No,No,1
CUST-005005,34,130.22,4207.77,Two year,Fiber optic,Yes,Yes,No,Yes,No,Yes,Yes,Electronic check,Yes,No,Yes,No,1
CUST-005006,14,104.55,1694.25,Two year,Fiber optic,Yes,Yes,Yes,Yes,Yes,Yes,No,Credit card,Yes,No,No,No,0
CUST-005007,59,109.88,6554.14,One year,Fiber optic,No,No,No,Yes,Yes,No,No,Credit card,Yes,No,No,Yes,0
CUST-005008,17,112.19,1872.73,Month-to-month,Fiber optic,Yes,No,Yes,No,Yes,Yes,Yes,Credit card,Yes,No,Yes,No,1
CUST-005009,63,97.32,6466.64,One year,Fiber optic,Yes,No,No,No,No,Yes,Yes,Electronic check,Yes,Yes,No,No,0
CUST-005010,40,115.07,4403.96,Month-to-month,Fiber optic,No,No,Yes,Yes,Yes,Yes,Yes,Credit card,Yes,No,No,No,0
CUST-005011,57,89.95,5348.43,One year,DSL,Yes,Yes,Yes,No,No,No,No,Bank transfer,No,No,Yes,Yes,0
CUST-005012,41,97.15,4089.44,Month-to-month,Fiber optic,No,No,Yes,No,No,Yes,No,Mailed check,Yes,No,No,No,1
CUST-005013,25,80.84,2134.72,One year,DSL,No,Yes,No,Yes,Yes,Yes,No,Electronic check,Yes,No,No,No,0
CUST-005014,50,94.87,4638.38,Two year,Fiber optic,Yes,No,No,No,No,Yes,Yes,Mailed check,Yes,No,No,No,0
CUST-005015,54,68.65,3903.77,Month-to-month,DSL,No,No,No,Yes,Yes,Yes,No,Bank transfer,Yes,No,No,No,0
CUST-005016,29,90.81,2534.29,Month-to-month,DSL,No,Yes,No,Yes,No,Yes,No,Mailed check,No,No,No,No,1
CUST-005017,57,99.75,5551.1,Month-to-month,Fiber optic,No,No,No,Yes,No,Yes,Yes,Bank transfer,Yes,No,Yes,No,1
CUST-005018,9,107.64,933.26,Two year,Fiber optic,Yes,Yes,Yes,No,Yes,Yes,Yes,Credit card,Yes,No,No,Yes,0
CUST-005019,3,65.91,74.31,Two year,DSL,Yes,No,No,Yes,No,Yes,No,Bank transfer,Yes,No,No,No,0
CUST-005020,45,76.07,3494.62,Month-to-month,DSL,No,Yes,Yes,Yes,Yes,No,Yes,Credit card,Yes,No,No,No,1
CUST-005021,7,73.3,572.89,One year,DSL,Yes,No,No,No,No,Yes,Yes,Electronic check,Yes,No,Yes,Yes,1
CUST-005022,8,100.23,761.24,Month-to-month,Fiber optic,No,No,No,Yes,No,Yes,No,Electronic check,Yes,No,Yes,Yes,1
CUST-005023,16,95.95,1853.57,Month-to-month,DSL,Yes,No,Yes,No,Yes,Yes,Yes,Mailed check,No,No,Yes,No,0
CUST-005024,68,59.74,3977.51,One year,DSL,No,No,Yes,No,No,Yes,Yes,Electronic check,Yes,No,No,Yes,0
CUST-005025,62,33.86,2071.68,One year,No,No,No,Yes,No,No,Yes,No,Electronic check,Yes,No,Yes,No,0
CUST-005026,55,92.26,5062.55,Two year,DSL,No,No,Yes,Yes,Yes,Yes,Yes,Mailed check,Yes,No,No,No,0
CUST-005027,71,80.87,5540.19,Month-to-month,DSL,No,Yes,No,No,Yes,Yes,No,Electronic check,Yes,No,No,No,0
CUST-005028,41,104.76,4419.01,Month-to-month,Fiber optic,No,No,Yes,Yes,No,Yes,No,Credit card,Yes,No,Yes,No,1
CUST-005029,10,121.94,1275.14,One year,Fiber optic,No,Yes,Yes,Yes,Yes,No,Yes,Bank transfer,Yes,No,Yes,No,1
CUST-005030,8,133.29,1034.95,Month-to-month,Fiber optic,No,Yes,No,Yes,Yes,Yes,Yes,Credit card,Yes,No,Yes,No,1
CUST-005031,33,127.1,4155.08,Two year,Fiber optic,Yes,Yes,No,Yes,No,Yes,Yes,Electronic check,No,No,Yes,No,0
CUST-005032,34,98.37,3040.92,One year,Fiber optic,No,No,No,Yes,Yes,Yes,No,Mailed check,Yes,No,Yes,No,0
CUST-005033,33,93.93,3100.73,Month-to-month,Fiber optic,No,No,No,Yes,Yes,Yes,Yes,Electronic check,Yes,No,Yes,No,1
CUST-005034,11,47.97,271.26,One year,No,No,No,Yes,No,Yes,Yes,Yes,Bank transfer,No,No,Yes,Yes,0
CUST-005035,17,63.6,1120.09,Month-to-month,DSL,No,Yes,No,No,No,Yes,Yes,Electronic check,No,No,Yes,No,0
CUST-005036,71,95.53,6593.51,One year,DSL,Yes,No,Yes,Yes,No,Yes,Yes,Bank transfer,Yes,No,Yes,No,0
CUST-005037,25,46.77,1296.63,Two year,No,No,No,Yes,Yes,No,Yes,Yes,Mailed check,Yes,No,No,No,0
CUST-005038,30,104.89,3201.18,One year,Fiber optic,No,No,No,Yes,Yes,Yes,Yes,Electronic check,No,No,No,No,0
CUST-005039,51,90.73,4543.01,One year,Fiber optic,No,Yes,Yes,No,No,Yes,No,Electronic check,Yes,Yes,Yes,No,0
CUST-005040,47,72.23,3575.75,Two year,DSL,No,No,Yes,Yes,Yes,Yes,No,Credit card,No,No,Yes,Yes,0
CUST-005041,48,104.71,5173.79,One year,Fiber optic,Yes,No,No,Yes,No,Yes,Yes,Electronic check,Yes,No,Yes,No,0
CUST-005042,8,120.62,813.79,One year,Fiber optic,Yes,No,No,Yes,No,Yes,Yes,Bank transfer,No,No,No,No,1
CUST-005043,26,78.98,2021.9,Two year,No,No,Yes,No,Yes,Yes,Yes,Yes,Mailed check,Yes,No,No,No,0
CUST-005044,31,101.21,3043.76,Month-to-month,Fiber optic,Yes,No,No,No,No,Yes,Yes,Electronic check,Yes,No,No,No,1
CUST-005045,33,110.25,3662.41,One year,Fiber optic,No,Yes,No,Yes,No,Yes,Yes,Bank transfer,No,No,Yes,No,0
CUST-005046,11,36.31,301.09,One year,No,Yes,No,No,No,No,Yes,Yes,Mailed check,Yes,No,Yes,No,0
CUST-005047,7,81.48,649.59,Two year,DSL,Yes,No,Yes,No,Yes,No,No,Bank transfer,No,No,No,No,0
CUST-005048,42,65.56,2875.03,Two year,DSL,No,No,No,Yes,No,Yes,No,Electronic check,Yes,No,No,No,0
CUST-005049,60,110.18,6693.65,Two year,Fiber optic,No,No,Yes,Yes,Yes,Yes,Yes,Mailed check,No,No,Yes,Yes,1
CUST-005050,71,50.62,3941.52,Month-to-month,No,No,No,No,Yes,No,Yes,Yes,Electronic check,Yes,No,No,No,0
CUST-005051,2,64.6,312.51,Month-to-month,DSL,Yes,No,No,No,No,Yes,Yes,Credit card,Yes,No,Yes,Yes,0
CUST-005052,31,36.43,1282.16,One year,No,No,No,No,Yes,No,Yes,Yes,Bank transfer,Yes,No,No,Yes,0
CUST-005053,66,81.7,5416.34,Month-to-month,DSL,No,No,Yes,Yes,Yes,Yes,Yes,Bank transfer,Yes,No,Yes,Yes,0
CUST-005054,51,83.36,4277.46,Two year,DSL,No,No,Yes,No,Yes,Yes,No,Bank transfer,No,Yes,Yes,No,0
CUST-005055,16,102.27,1539.1,Month-to-month,Fiber optic,No,No,No,No,No,Yes,No,Bank transfer,No,Yes,No,No,1
CUST-005056,6,94.35,554.31,Month-to-month,DSL,Yes,Yes,No,Yes,Yes,Yes,Yes,Credit card,No,No,No,No,0
CUST-005057,16,104.21,1800.38,One year,Fiber optic,No,No,Yes,Yes,No,No,No,Mailed check,No,No,No,Yes,0
CUST-005058,18,74.87,1267.03,Two year,DSL,No,Yes,No,No,Yes,Yes,No,Credit card,No,No,Yes,No,0
CUST-005059,69,108.05,7427.96,Month-to-month,Fiber optic,Yes,No,No,Yes,No,Yes,Yes,Electronic check,No,No,Yes,Yes,1
CUST-005060,9,101.1,760.01,Two year,Fiber optic,No,No,No,Yes,No,Yes,No,Credit card,Yes,No,Yes,Yes,1
CUST-005061,19,38.37,490.38,One year,No,No,Yes,No,No,No,No,Yes,Mailed check,Yes,No,No,No,0
CUST-005062,13,56.61,718.46,Two year,No,Yes,Yes,No,No,No,Yes,Yes,Credit card,Yes,No,Yes,No,0
CUST-005063,54,57.97,2972.37,Month-to-month,DSL,No,No,Yes,Yes,No,Yes,Yes,Credit card,No,No,No,No,0
CUST-005064,11,93.62,1082.87,Month-to-month,Fiber optic,No,No,No,Yes,No,Yes,No,Credit card,No,No,No,No,1
CUST-005065,14,109.2,1222.45,Month-to-month,Fiber optic,No,Yes,No,Yes,No,Yes,Yes,Electronic check,No,No,No,No,1
CUST-005066,47,99.71,4581.61,One year,Fiber optic,No,Yes,No,No,Yes,Yes,No,Electronic check,Yes,No,Yes,No,0
CUST-005067,30,56.79,1851.69,Month-to-month,No,No,Yes,Yes,No,Yes,Yes,Yes,Electronic check,No,No,Yes,No,0
CUST-005068,33,80.62,2748.18,Month-to-month,Fiber optic,No,Yes,No,Yes,Yes,Yes,No,Mailed check,Yes,No,No,No,1
CUST-005069,52,46.06,2530.41,Two year,No,Yes,No,Yes,No,Yes,Yes,Yes,Electronic check,No,No,No,No,0
CUST-005070,42,64.3,2578.7,Month-to-month,DSL,No,No,Yes,Yes,No,Yes,Yes,Electronic check,Yes,No,No,No,0
CUST-005071,65,94.54,6309.59,Month-to-month,DSL,Yes,Yes,Yes,Yes,Yes,Yes,No,Electronic check,Yes,No,Yes,No,1
CUST-005072,44,99.97,4297.02,Month-to-month,Fiber optic,Yes,No,No,Yes,Yes,Yes,Yes,Credit card,No,No,Yes,Yes,1
CUST-005073,9,85.8,798.71,Month-to-month,DSL,No,No,No,Yes,Yes,Yes,No,Credit card,No,No,No,No,1
CUST-005074,24,35.51,956.36,Month-to-month,No,No,No,Yes,No,Yes,Yes,No,Credit card,Yes,No,Yes,No,1
CUST-005075,16,80.76,1251.98,Two year,DSL,No,Yes,No,Yes,Yes,Yes,No,Electronic check,Yes,No,No,Yes,1
CUST-005076,62,87.66,5251.76,Month-to-month,DSL,Yes,No,Yes,Yes,No,Yes,Yes,Electronic check,No,Yes,No,No,0
CUST-005077,31,73.69,2159.34,Month-to-month,DSL,Yes,No,No,No,Yes,Yes,Yes,Credit card,Yes,No,Yes,Yes,1
CUST-005078,37,103.65,3592.13,Month-to-month,Fiber optic,No,No,Yes,Yes,No,Yes,No,Credit card,No,No,No,Yes,1
CUST-005079,58,88.5,5323.01,One year,Fiber optic,No,No,Yes,No,No,Yes,Yes,Bank transfer,Yes,No,Yes,No,0
CUST-005080,63,95.41,6256.86,Month-to-month,DSL,No,Yes,Yes,Yes,Yes,Yes,No,Bank transfer,Yes,No,No,No,1
CUST-005081,43,79.02,3712.88,Month-to-month,DSL,No,No,No,Yes,No,Yes,Yes,Mailed check,No,No,Yes,Yes,0
CUST-005082,57,123.97,7180.29,One year,Fiber optic,No,Yes,No,Yes,Yes,Yes,Yes,Credit card,Yes,No,No,No,1
CUST-005083,4,33.28,0.0,One year,No,Yes,No,No,No,No,Yes,No,Credit card,Yes,No,Yes,No,0
CUST-005084,51,85.19,4456.77,Two year,Fiber optic,No,No,Yes,Yes,No,Yes,No,Bank transfer,Yes,No,Yes,Yes,0
CUST-005085,35,109.21,3653.44,Month-to-month,Fiber optic,Yes,No,No,No,Yes,Yes,No,Credit card,No,No,No,No,0
CUST-005086,36,62.23,2295.52,One year,DSL,No,Yes,Yes,No,No,Yes,Yes,Mailed check,No,No,No,No,0
CUST-005087,67,56.28,3596.64,Month-to-month,No,No,No,No,Yes,Yes,Yes,No,Mailed check,Yes,No,No,Yes,0
CUST-005088,60,82.55,4754.39,Month-to-month,Fiber optic,No,No,No,No,No,Yes,No,Credit card,Yes,Yes,Yes,No,1
CUST-005089,13,76.67,966.59,Two year,DSL,No,No,Yes,Yes,No,No,Yes,Electronic check,Yes,No,No,No,0
CUST-005090,49,76.29,3850.54,Month-to-month,Fiber optic,No,No,No,No,No,Yes,No,Electronic check,Yes,No,Yes,No,0
CUST-005091,29,78.13,2138.93,Two year,DSL,Yes,Yes,Yes,No,No,Yes,No,Mailed check,No,Yes,No,No,1
CUST-005092,54,121.72,6785.6,Month-to-month,Fiber optic,No,Yes,No,No,Yes,Yes,Yes,Mailed check,Yes,No,Yes,No,1
CUST-005093,10,75.67,881.37,Month-to-month,DSL,No,No,Yes,Yes,No,No,Yes,Bank transfer,Yes,No,No,Yes,1
CUST-005094,4,123.72,426.34,Month-to-month,Fiber optic,Yes,No,Yes,Yes,Yes,Yes,Yes,Bank transfer,Yes,No,No,No,1
CUST-005095,19,95.32,1894.11,Month-to-month,Fiber optic,No,No,No,Yes,No,Yes,Yes,Credit card,No,No,No,Yes,1
CUST-005096,29,72.0,1897.87,One year,DSL,No,Yes,Yes,No,Yes,Yes,No,Electronic check,Yes,No,No,No,0
CUST-005097,68,96.94,6817.24,Month-to-month,Fiber optic,Yes,No,Yes,Yes,Yes,No,Yes,Mailed check,Yes,No,No,Yes,1
CUST-005098,47,109.13,5174.53,Two year,Fiber optic,Yes,No,No,No,Yes,Yes,Yes,Electronic check,Yes,No,Yes,No,0
CUST-005099,70,26.98,1546.41,One year,No,No,No,No,No,No,Yes,No,Bank transfer,Yes,No,Yes,Yes,0
CUST-005100,5,92.04,607.63,Two year,Fiber optic,No,Yes,Yes,No,No,Yes,No,Mailed check,No,No,Yes,No,0
CUST-005101,9,84.17,932.09,Month-to-month,Fiber optic,No,No,Yes,No,No,Yes,No,Bank transfer,Yes,No,Yes,Yes,0
CUST-005102,36,108.82,3901.81,Two year,Fiber optic,No,No,No,No,Yes,Yes,Yes,Mailed check,Yes,No,No,No,1
CUST-005103,35,36.22,1423.95,Month-to-month,No,No,No,Yes,Yes,No,No,No,Electronic check,Yes,Yes,No,No,1
CUST-005104,39,115.48,4456.13,Month-to-month,Fiber optic,Yes,No,Yes,Yes,Yes,Yes,Yes,Electronic check,Yes,No,No,No,1
CUST-005105,33,116.28,4054.89,Month-to-month,Fiber optic,Yes,No,No,Yes,Yes,Yes,No,Bank transfer,No,Yes,No,No,1
CUST-005106,18,82.64,1581.74,One year,Fiber optic,No,No,Yes,No,Yes,Yes,No,Bank transfer,No,No,No,Yes,0
CUST-005107,43,100.15,4135.19,Month-to-month,Fiber optic,Yes,No,No,No,No,Yes,No,Electronic check,No,No,Yes,No,1
CUST-005108,21,64.89,1426.82,Month-to-month,No,Yes,No,No,Yes,Yes,Yes,Yes,Mailed check,Yes,No,Yes,No,1
CUST-005109,2,117.56,258.09,One year,Fiber optic,No,No,Yes,Yes,Yes,Yes,Yes,Credit card,Yes,Yes,Yes,No,1
CUST-005110,53,135.49,7283.57,Month-to-month,Fiber optic,Yes,Yes,Yes,Yes,Yes,Yes,Yes,Electronic check,Yes,No,No,No,1
CUST-005111,32,85.02,2756.83,Month-to-month,DSL,No,Yes,Yes,No,Yes,Yes,No,Electronic check,Yes,Yes,No,No,1
CUST-005112,5,101.3,429.54,One year,Fiber optic,Yes,No,No,No,No,Yes,Yes,Bank transfer,No,No,No,No,1
CUST-005113,58,90.72,5226.61,One year,Fiber optic,No,No,Yes,No,No,No,Yes,Bank transfer,Yes,No,No,No,0
CUST-005114,0,78.3,220.84,Month-to-month,DSL,Yes,No,No,Yes,No,Yes,Yes,Bank transfer,Yes,No,No,No,1
CUST-005115,27,100.16,2727.19,One year,Fiber optic,No,No,No,Yes,Yes,Yes,Yes,Electronic check,No,No,No,Yes,1
CUST-005116,67,83.27,5798.37,Month-to-month,DSL,Yes,Yes,No,No,Yes,Yes,Yes,Bank transfer,Yes,No,Yes,No,0
CUST-005117,26,87.83,2446.13,One year,DSL,Yes,Yes,Yes,Yes,No,Yes,Yes,Mailed check,Yes,Yes,Yes,No,0
CUST-005118,51,97.23,4802.34,One year,Fiber optic,No,No,Yes,No,Yes,Yes,Yes,Electronic check,Yes,No,No,No,0
CUST-005119,50,63.1,2961.23,One year,No,Yes,No,Yes,Yes,No,Yes,Yes,Electronic check,No,No,No,No,0
CUST-005120,40,87.41,3461.28,Month-to-month,Fiber optic,No,No,No,No,No,Yes,No,Electronic check,Yes,No,No,No,0
CUST-005121,41,106.2,4633.95,One year,Fiber optic,No,Yes,No,No,No,Yes,Yes,Mailed check,Yes,No,Yes,Yes,0
CUST-005122,56,37.45,1969.93,Month-to-month,No,No,Yes,No,No,No,Yes,No,Bank transfer,Yes,No,No,No,0
CUST-005123,22,56.64,1075.3,One year,No,Yes,No,No,No,No,Yes,No,Electronic check,Yes,No,Yes,Yes,1
CUST-005124,19,126.97,2497.15,Month-to-month,Fiber optic,Yes,No,Yes,Yes,Yes,Yes,Yes,Credit card,Yes,No,No,No,1
CUST-005125,11,116.87,1538.23,One year,Fiber optic,Yes,No,Yes,Yes,Yes,Yes,Yes,Mailed check,No,No,No,No,1
CUST-005126,49,90.67,4273.51,Two year,DSL,Yes,Yes,Yes,Yes,Yes,Yes,No,Mailed check,Yes,No,No,No,0
CUST-005127,14,88.73,1305.24,Month-to-month,Fiber optic,No,Yes,Yes,No,No,Yes,No,Electronic check,Yes,No,Yes,Yes,0
CUST-005128,43,68.88,3058.66,Month-to-month,DSL,No,No,Yes,Yes,No,Yes,Yes,Bank transfer,Yes,No,Yes,No,1
CUST-005129,66,98.57,6411.78,One year,Fiber optic,No,No,No,Yes,Yes,No,Yes,Credit card,Yes,No,No,Yes,1
CUST-005130,21,94.51,2155.87,Month-to-month,DSL,Yes,Yes,No,Yes,No,Yes,Yes,Bank transfer,No,No,Yes,No,0
CUST-005131,4,95.9,450.65,Month-to-month,Fiber optic,No,No,No,Yes,No,Yes,Yes,Mailed check,Yes,No,Yes,Yes,1
CUST-005132,21,98.47,2113.27,Month-to-month,Fiber optic,Yes,No,Yes,No,No,Yes,No,Electronic check,No,No,No,No,1
CUST-005133,52,98.97,5047.02,Month-to-month,DSL,Yes,Yes,Yes,Yes,Yes,Yes,No,Electronic check,Yes,No,No,No,0
CUST-005134,35,126.87,4460.51,Two year,Fiber optic,No,Yes,Yes,Yes,Yes,Yes,No,Electronic check,Yes,No,Yes,No,1
CUST-005135,19,76.62,1700.87,Two year,DSL,Yes,No,No,No,Yes,Yes,Yes,Credit card,Yes,No,Yes,No,0
CUST-005136,6,108.54,789.82,One year,Fiber optic,Yes,No,Yes,Yes,Yes,Yes,No,Electronic check,Yes,Yes,Yes,No,1
CUST-005137,12,106.8,1252.41,Month-to-month,Fiber optic,Yes,Yes,Yes,Yes,Yes,Yes,No,Credit card,No,No,No,No,0
CUST-005138,52,75.83,4022.12,Two year,DSL,No,No,Yes,No,Yes,Yes,No,Credit card,No,No,Yes,No,0
CUST-005139,30,104.52,3016.84,Month-to-month,Fiber optic,No,Yes,Yes,No,No,Yes,No,Credit card,Yes,No,Yes,Yes,1
CUST-005140,66,61.68,4013.32,Month-to-month,No,Yes,Yes,No,Yes,No,Yes,No,Bank transfer,Yes,Yes,Yes,No,0
CUST-005141,4,64.58,175.84,One year,DSL,No,Yes,No,No,No,Yes,Yes,Mailed check,Yes,No,Yes,No,1
CUST-005142,66,89.45,6106.3,Month-to-month,DSL,Yes,Yes,Yes,No,Yes,Yes,No,Bank transfer,Yes,No,No,Yes,0
CUST-005143,12,45.75,634.64,Month-to-month,No,No,No,Yes,No,Yes,Yes,Yes,Bank transfer,Yes,No,Yes,No,1
CUST-005144,43,73.26,3076.62,Two year,DSL,Yes,Yes,No,No,No,Yes,Yes,Bank transfer,Yes,No,Yes,Yes,0
CUST-005145,59,107.94,6226.67,Month-to-month,Fiber optic,Yes,No,Yes,No,Yes,No,Yes,Mailed check,Yes,Yes,No,No,0
CUST-005146,15,100.54,1539.47,Month-to-month,Fiber optic,No,No,Yes,Yes,No,Yes,Yes,Bank transfer,Yes,Yes,Yes,No,0
CUST-005147,26,103.22,2873.3,One year,Fiber optic,Yes,No,Yes,No,No,Yes,Yes,Credit card,Yes,No,No,No,1
CUST-005148,0,114.94,113.48,Month-to-month,Fiber optic,No,No,Yes,No,Yes,Yes,Yes,Mailed check,No,No,Yes,No,1
CUST-005149,43,139.67,5964.67,Month-to-month,Fiber optic,Yes,Yes,Yes,Yes,Yes,Yes,Yes,Electronic check,No,No,Yes,No,1
CUST-005150,39,64.63,2704.99,Month-to-month,DSL,No,No,No,No,No,Yes,Yes,Mailed check,No,No,No,No,1
CUST-005151,27,64.57,1753.42,Month-to-month,No,No,No,Yes,Yes,Yes,Yes,No,Bank transfer,Yes,Yes,Yes,Yes,0
CUST-005152,18,95.64,1477.46,Month-to-month,DSL,Yes,No,Yes,Yes,Yes,Yes,Yes,Electronic check,No,No,Yes,Yes,0
CUST-005153,4,94.48,337.56,Two year,Fiber optic,Yes,No,No,Yes,No,Yes,No,Electronic check,Yes,No,No,No,1
CUST-005154,21,103.16,2543.7,Month-to-month,Fiber optic,Yes,Yes,Yes,No,No,Yes,No,Credit card,Yes,No,No,No,1
CUST-005155,3,69.54,128.83,Month-to-month,DSL,Yes,No,No,No,No,Yes,No,Mailed check,No,No,Yes,No,0
CUST-005156,48,53.27,2546.64,Two year,DSL,Yes,No,No,No,No,Yes,No,Credit card,Yes,No,Yes,Yes,0
CUST-005157,43,120.26,5044.63,Two year,Fiber optic,Yes,Yes,Yes,No,No,Yes,No,Mailed check,Yes,No,Yes,No,1
CUST-005158,8,88.53,738.89,Month-to-month,DSL,No,Yes,Yes,No,No,Yes,No,Mailed check,No,No,No,Yes,0
CUST-005159,18,48.13,730.5,One year,No,Yes,No,No,Yes,Yes,No,No,Bank transfer,Yes,No,No,No,0
CUST-005160,43,71.95,3276.28,Two year,DSL,No,No,Yes,No,No,Yes,No,Mailed check,No,No,No,Yes,0
CUST-005161,60,103.83,6201.52,One year,Fiber optic,Yes,Yes,No,Yes,Yes,Yes,Yes,Credit card,No,No,No,No,1
CUST-005162,54,28.95,1325.25,Two year,No,Yes,No,Yes,No,No,Yes,No,Mailed check,Yes,Yes,No,No,0
CUST-005163,68,109.64,7337.21,Two year,Fiber optic,Yes,No,No,Yes,Yes,Yes,No,Mailed check,Yes,No,Yes,No,0
CUST-005164,2,59.96,175.83,Two year,DSL,No,No,No,No,No,Yes,No,Credit card,Yes,No,No,No,0
CUST-005165,37,93.26,3143.06,Two year,Fiber optic,No,No,No,Yes,No,Yes,No,Credit card,Yes,No,No,No,0
CUST-005166,40,65.78,2554.95,One year,DSL,No,No,Yes,Yes,No,No,No,Credit card,No,No,No,No,0
CUST-005167,4,94.85,572.72,Month-to-month,DSL,Yes,Yes,Yes,No,No,Yes,Yes,Bank transfer,Yes,No,No,Yes,0
CUST-005168,52,61.02,3141.09,Month-to-month,DSL,No,No,No,No,No,Yes,Yes,Electronic check,Yes,No,Yes,No,0
CUST-005169,23,95.12,2367.36,Month-to-month,Fiber optic,No,No,No,No,Yes,Yes,No,Bank transfer,Yes,No,No,No,1
CUST-005170,31,53.88,1964.99,Month-to-month,No,Yes,No,No,No,No,Yes,Yes,Mailed check,No,No,No,No,1
CUST-005171,10,58.52,801.67,Month-to-month,No,Yes,No,No,No,No,Yes,Yes,Mailed check,No,No,No,No,1
CUST-005172,22,62.34,1372.21,One year,DSL,Yes,No,No,No,No,Yes,No,Credit card,No,No,Yes,No,0
CUST-005173,2,120.46,66.06,Two year,Fiber optic,Yes,No,Yes,No,No,Yes,Yes,Bank transfer,Yes,No,Yes,No,1
CUST-005174,11,89.94,670.91,Month-to-month,DSL,Yes,No,Yes,Yes,Yes,Yes,No,Mailed check,No,No,Yes,No,0
CUST-005175,20,83.16,1418.93,Two year,DSL,Yes,Yes,Yes,No,Yes,Yes,Yes,Electronic check,Yes,Yes,No,No,1
CUST-005176,69,71.18,4715.42,One year,DSL,No,Yes,Yes,No,No,Yes,Yes,Electronic check,No,Yes,Yes,No,0
CUST-005177,9,107.71,867.37,Two year,Fiber optic,No,No,Yes,Yes,Yes,Yes,No,Credit card,Yes,No,No,Yes,1
CUST-005178,29,94.42,2584.8,One year,Fiber optic,No,Yes,Yes,No,No,Yes,No,Credit card,Yes,No,Yes,No,0
CUST-005179,44,95.77,4152.81,Two year,Fiber optic,No,Yes,No,No,No,Yes,No,Credit card,No,No,Yes,No,0
CUST-005180,14,92.29,1292.95,Month-to-month,Fiber optic,No,No,Yes,No,No,Yes,No,Electronic check,No,No,No,Yes,0
CUST-005181,63,127.75,8139.92,Month-to-month,Fiber optic,Yes,Yes,No,Yes,Yes,Yes,Yes,Bank transfer,Yes,No,No,Yes,1
CUST-005182,3,98.64,418.35,Month-to-month,Fiber optic,No,No,Yes,Yes,No,Yes,Yes,Mailed check,Yes,No,Yes,No,0
CUST-005183,17,44.93,672.27,One year,No,Yes,No,No,No,Yes,Yes,No,Credit card,No,No,No,Yes,0
CUST-005184,17,105.17,1947.96,Month-to-month,Fiber optic,No,No,No,No,Yes,Yes,No,Electronic check,Yes,No,Yes,No,1
CUST-005185,44,55.52,2339.28,One year,No,No,No,No,No,Yes,Yes,Yes,Bank transfer,Yes,No,No,Yes,0
CUST-005186,60,61.47,3578.84,Month-to-month,No,No,No,No,Yes,Yes,Yes,Yes,Credit card,No,No,Yes,Yes,0
CUST-005187,41,99.18,3861.86,Two year,Fiber optic,Yes,Yes,No,Yes,No,Yes,No,Mailed check,Yes,No,Yes,No,0
CUST-005188,13,102.01,1331.37,Month-to-month,Fiber optic,Yes,Yes,No,No,No,Yes,Yes,Electronic check,No,No,No,No,1
CUST-005189,5,75.61,332.5,Month-to-month,DSL,Yes,Yes,No,No,Yes,Yes,No,Mailed check,Yes,No,No,Yes,1
CUST-005190,48,70.71,3380.44,Month-to-month,DSL,No,Yes,No,Yes,No,No,No,Mailed check,Yes,No,Yes,Yes,0
CUST-005191,72,41.45,2928.97,Month-to-month,No,No,No,No,No,No,Yes,Yes,Bank transfer,Yes,No,Yes,No,0
CUST-005192,66,107.15,6832.58,One year,Fiber optic,Yes,No,No,No,Yes,Yes,Yes,Mailed check,Yes,No,No,Yes,0
CUST-005193,66,102.77,6680.51,One year,Fiber optic,No,Yes,Yes,No,Yes,Yes,No,Bank transfer,No,No,Yes,Yes,0
CUST-005194,28,99.56,2651.2,Month-to-month,Fiber optic,Yes,No,No,Yes,No,Yes,Yes,Credit card,Yes,No,No,Yes,1
CUST-005195,70,98.07,6647.47,Month-to-month,Fiber optic,Yes,No,No,Yes,No,Yes,Yes,Credit card,No,No,No,No,0
CUST-005196,38,86.58,3178.52,Month-to-month,DSL,Yes,No,Yes,Yes,Yes,Yes,Yes,Electronic check,No,No,Yes,Yes,1
CUST-005197,68,99.75,6744.37,Month-to-month,Fiber optic,No,Yes,No,No,No,Yes,No,Mailed check,No,No,No,Yes,1
CUST-005198,11,73.55,950.47,Month-to-month,Fiber optic,No,No,No,No,Yes,No,No,Electronic check,Yes,No,No,No,1
CUST-005199,21,86.96,1982.03,Month-to-month,Fiber optic,No,No,No,No,No,Yes,Yes,Credit card,Yes,No,No,No,1
CUST-005200,16,83.96,1402.51,Month-to-month,DSL,Yes,Yes,Yes,Yes,No,Yes,No,Credit card,No,No,No,No,0
CUST-005201,40,104.97,4228.85,Month-to-month,Fiber optic,Yes,Yes,Yes,No,Yes,Yes,No,Electronic check,Yes,Yes,No,No,1
CUST-005202,28,105.55,3050.39,One year,Fiber optic,Yes,No,Yes,Yes,No,Yes,Yes,Mailed check,Yes,No,No,No,1
CUST-005203,37,64.1,2176.55,One year,No,Yes,Yes,No,Yes,Yes,Yes,Yes,Credit card,Yes,No,Yes,No,0
CUST-005204,49,69.79,3383.27,Month-to-month,No,Yes,Yes,Yes,No,Yes,Yes,Yes,Electronic check,Yes,Yes,Yes,No,1
CUST-005205,28,71.57,1874.31,Month-to-month,DSL,Yes,No,No,No,No,Yes,Yes,Electronic check,Yes,No,Yes,Yes,0
CUST-005206,35,97.5,3286.87,Month-to-month,DSL,Yes,No,No,Yes,No,Yes,No,Mailed check,No,Yes,No,No,1
CUST-005207,57,112.6,6478.21,One year,Fiber optic,Yes,No,No,No,No,Yes,Yes,Bank transfer,Yes,No,No,No,0
CUST-005208,62,93.82,5531.49,Month-to-month,Fiber optic,No,No,Yes,No,Yes,Yes,No,Credit card,Yes,No,No,Yes,0
CUST-005209,44,84.74,3653.63,One year,DSL,Yes,Yes,Yes,No,No,Yes,Yes,Bank transfer,Yes,Yes,Yes,No,0
CUST-005210,54,58.34,3126.12,Month-to-month,DSL,No,No,No,No,No,Yes,No,Credit card,Yes,No,No,Yes,0
CUST-005211,64,101.28,6351.24,Month-to-month,Fiber optic,No,No,No,Yes,No,Yes,Yes,Electronic check,Yes,No,Yes,No,1
CUST-005212,41,127.88,5410.19,One year,Fiber optic,Yes,No,No,No,Yes,Yes,Yes,Mailed check,No,No,No,No,0
CUST-005213,0,52.52,174.7,Month-to-month,No,No,No,Yes,Yes,No,No,Yes,Electronic check,Yes,No,Yes,Yes,1
CUST-005214,31,92.23,2972.66,Two year,Fiber optic,No,No,No,Yes,Yes,No,No,Bank transfer,Yes,No,Yes,Yes,0
CUST-005215,70,67.82,4619.39,Month-to-month,DSL,No,No,Yes,No,Yes,Yes,No,Mailed check,Yes,Yes,No,Yes,0
CUST-005216,40,90.32,3711.22,Month-to-month,DSL,Yes,No,Yes,Yes,No,Yes,No,Bank transfer,No,No,Yes,Yes,1
CUST-005217,66,117.93,7958.7,One year,Fiber optic,Yes,No,Yes,No,Yes,Yes,No,Mailed check,Yes,No,No,Yes,0
CUST-005218,31,31.61,1128.6,Month-to-month,No,Yes,No,No,No,No,Yes,Yes,Bank transfer,Yes,No,Yes,Yes,0
CUST-005219,53,23.74,979.58,Month-to-month,No,No,No,Yes,No,No,No,No,Electronic check,No,No,No,No,0
CUST-005220,34,87.89,2908.11,Month-to-month,Fiber optic,No,No,No,No,No,Yes,No,Credit card,No,No,Yes,No,1
CUST-005221,11,139.61,1441.43,Month-to-month,Fiber optic,Yes,Yes,Yes,Yes,Yes,Yes,No,Credit card,No,No,No,No,1
CUST-005222,22,58.63,1137.98,Month-to-month,No,No,No,No,No,Yes,Yes,No,Mailed check,Yes,No,Yes,Yes,1
CUST-005223,17,64.44,831.6,Month-to-month,DSL,Yes,No,No,Yes,No,Yes,No,Credit card,Yes,No,No,Yes,0
CUST-005224,12,101.47,1443.55,One year,Fiber optic,No,No,No,No,No,Yes,Yes,Electronic check,Yes,No,No,No,1
CUST-005225,10,75.85,848.21,Two year,DSL,Yes,Yes,Yes,Yes,No,No,Yes,Electronic check,Yes,No,Yes,No,0
CUST-005226,70,109.12,7564.53,Month-to-month,Fiber optic,Yes,No,No,No,No,Yes,Yes,Bank transfer,Yes,No,Yes,No,0
CUST-005227,47,113.63,5260.18,Month-to-month,Fiber optic,No,Yes,No,Yes,Yes,Yes,Yes,Electronic check,No,No,Yes,Yes,1
CUST-005228,3,108.23,244.7,Month-to-month,Fiber optic,Yes,No,Yes,No,Yes,Yes,Yes,Electronic check,No,No,Yes,No,1
CUST-005229,2,118.86,82.59,Month-to-month,Fiber optic,Yes,No,Yes,Yes,Yes,Yes,No,Credit card,Yes,No,Yes,No,1
CUST-005230,3,129.85,109.47,Two year,Fiber optic,No,Yes,Yes,No,No,Yes,Yes,Bank transfer,No,No,No,No,0
CUST-005231,16,78.91,1388.13,Month-to-month,Fiber optic,Yes,No,No,No,Yes,Yes,No,Bank transfer,Yes,No,No,No,1
CUST-005232,7,104.72,836.19,Two year,Fiber optic,No,No,No,No,No,No,Yes,Mailed check,Yes,No,No,Yes,1
CUST-005233,59,61.3,3737.23,Month-to-month,No,No,No,Yes,Yes,Yes,Yes,Yes,Bank transfer,No,No,No,No,1
CUST-005234,29,121.71,3762.74,Month-to-month,Fiber optic,Yes,Yes,Yes,No,Yes,Yes,No,Credit card,No,No,No,No,1
CUST-005235,43,57.36,2398.05,Month-to-month,DSL,No,No,No,No,Yes,No,Yes,Bank transfer,No,Yes,No,Yes,0
CUST-005236,37,71.69,2709.14,Month-to-month,DSL,No,No,No,Yes,No,Yes,No,Bank transfer,No,No,No,Yes,1
CUST-005237,36,104.45,3544.96,Month-to-month,Fiber optic,Yes,Yes,No,No,No,No,Yes,Bank transfer,Yes,No,No,No,1
CUST-005238,22,44.21,1086.66,Month-to-month,No,No,No,No,Yes,No,No,No,Mailed check,No,Yes,Yes,No,1
CUST-005239,40,113.21,4379.65,Two year,Fiber optic,Yes,No,Yes,No,No,Yes,Yes,Electronic check,No,No,No,No,1
CUST-005240,54,90.87,4822.81,Month-to-month,Fiber optic,Yes,No,Yes,No,Yes,Yes,No,Electronic check,No,No,No,No,1
CUST-005241,10,96.88,905.07,Month-to-month,Fiber optic,No,Yes,No,No,Yes,No,Yes,Credit card,Yes,No,No,No,1
CUST-005242,26,69.3,1819.44,Month-to-month,DSL,No,Yes,No,No,Yes,Yes,Yes,Credit card,No,No,Yes,Yes,1
CUST-005243,49,78.05,3546.0,Month-to-month,DSL,No,No,No,Yes,Yes,Yes,Yes,Credit card,Yes,Yes,No,No,0
CUST-005244,8,92.82,735.89,Month-to-month,DSL,No,Yes,No,Yes,Yes,Yes,No,Credit card,Yes,No,No,Yes,1
CUST-005245,0,32.06,171.39,Month-to-month,No,Yes,No,No,No,No,No,Yes,Electronic check,No,No,Yes,No,1
CUST-005246,31,111.46,3433.1,One year,Fiber optic,No,Yes,No,No,Yes,Yes,Yes,Credit card,No,No,No,No,0
CUST-005247,8,68.89,561.79,One year,DSL,No,Yes,No,No,No,Yes,Yes,Bank transfer,Yes,No,Yes,No,0
CUST-005248,32,103.92,3373.33,Month-to-month,Fiber optic,Yes,No,Yes,No,Yes,Yes,Yes,Bank transfer,No,Yes,Yes,No,1
CUST-005249,55,61.35,3513.45,Two year,No,No,No,Yes,Yes,No,Yes,Yes,Credit card,No,No,No,No,0
CUST-005250,37,64.02,2622.57,Month-to-month,DSL,Yes,No,No,No,Yes,Yes,No,Bank transfer,No,No,No,Yes,0
CUST-005251,18,66.08,1407.79,Month-to-month,No,Yes,No,No,Yes,Yes,Yes,No,Electronic check,Yes,No,Yes,No,1
CUST-005252,21,117.61,2285.48,Month-to-month,Fiber optic,No,No,Yes,No,Yes,Yes,Yes,Electronic check,Yes,Yes,Yes,No,1
CUST-005253,69,91.2,6071.15,Month-to-month,Fiber optic,No,No,No,No,No,Yes,Yes,Bank transfer,Yes,No,Yes,No,1
CUST-005254,30,117.99,3781.92,One year,Fiber optic,No,Yes,Yes,Yes,No,Yes,Yes,Mailed check,Yes,No,Yes,No,1
CUST-005255,27,71.28,1835.49,One year,DSL,No,No,No,No,Yes,Yes,Yes,Bank transfer,No,No,No,No,0
CUST-005256,25,66.29,1700.89,Two year,DSL,Yes,No,Yes,No,No,Yes,No,Credit card,No,No,Yes,Yes,0
CUST-005257,64,91.34,5519.84,One year,DSL,No,Yes,No,Yes,Yes,Yes,Yes,Mailed check,Yes,No,Yes,No,0
CUST-005258,13,50.15,347.8,Month-to-month,DSL,No,No,No,No,No,Yes,Yes,Electronic check,Yes,No,No,No,0
CUST-005259,61,105.42,6332.12,Two year,Fiber optic,No,No,Yes,Yes,No,Yes,Yes,Mailed check,No,No,No,No,0
CUST-005260,26,73.51,2079.43,One year,DSL,Yes,No,Yes,Yes,No,Yes,No,Bank transfer,Yes,Yes,Yes,No,0
CUST-005261,37,87.67,3074.83,One year,DSL,No,No,Yes,Yes,Yes,Yes,Yes,Mailed check,No,No,Yes,No,0
CUST-005262,47,70.2,3327.29,Month-to-month,DSL,No,Yes,No,No,Yes,Yes,Yes,Bank transfer,No,No,Yes,No,1
CUST-005263,39,41.31,1530.3,Month-to-month,No,Yes,No,Yes,Yes,No,Yes,No,Electronic check,Yes,No,No,Yes,0
CUST-005264,71,119.49,8263.13,One year,Fiber optic,No,No,Yes,Yes,Yes,Yes,Yes,Bank transfer,Yes,No,No,Yes,0
CUST-005265,57,78.94,4455.22,Two year,DSL,No,Yes,Yes,Yes,No,Yes,Yes,Electronic check,No,No,Yes,Yes,0
CUST-005266,35,71.04,2411.04,Month-to-month,DSL,Yes,No,Yes,No,No,Yes,No,Mailed check,No,No,No,No,1
CUST-005267,19,73.56,1168.36,Month-to-month,DSL,No,Yes,No,No,Yes,Yes,Yes,Credit card,Yes,No,Yes,No,0
CUST-005268,35,119.19,4100.18,Month-to-month,Fiber optic,Yes,No,No,Yes,No,Yes,Yes,Electronic check,No,Yes,Yes,Yes,1
CUST-005269,32,93.18,2955.49,Month-to-month,Fiber optic,No,Yes,No,No,No,Yes,Yes,Bank transfer,No,No,No,No,0
CUST-005270,20,81.42,1765.36,Two year,Fiber optic,No,No,No,No,No,Yes,No,Credit card,Yes,No,No,No,0
CUST-005271,16,120.49,1610.13,Two year,Fiber optic,No,Yes,No,No,No,Yes,No,Credit card,Yes,No,No,No,0
CUST-005272,29,93.57,2791.84,Month-to-month,Fiber optic,No,No,No,No,No,Yes,Yes,Electronic check,No,No,No,No,1
CUST-005273,48,117.87,5742.32,Month-to-month,Fiber optic,Yes,Yes,Yes,No,Yes,Yes,No,Electronic check,No,No,Yes,No,1
CUST-005274,65,66.26,4175.29,Month-to-month,DSL,No,Yes,No,No,Yes,Yes,No,Bank transfer,Yes,No,Yes,No,0
CUST-005275,30,100.74,2703.19,One year,Fiber optic,No,Yes,Yes,No,No,Yes,Yes,Credit card,No,No,No,No,1
CUST-005276,14,101.15,1410.98,One year,Fiber optic,No,Yes,No,Yes,Yes,No,No,Bank transfer,No,No,Yes,No,1
CUST-005277,17,100.0,1749.24,Month-to-month,Fiber optic,Yes,No,Yes,No,Yes,Yes,No,Electronic check,Yes,No,No,No,0
CUST-005278,33,97.52,3229.79,Two year,Fiber optic,Yes,No,No,No,No,Yes,No,Mailed check,Yes,Yes,Yes,No,0
CUST-005279,72,97.1,7331.4,Month-to-month,DSL,Yes,Yes,Yes,No,No,No,Yes,Mailed check,Yes,No,Yes,No,0
CUST-005280,68,106.05,7318.0,Month-to-month,Fiber optic,No,No,Yes,No,Yes,Yes,Yes,Mailed check,No,No,Yes,No,1
CUST-005281,42,80.56,3313.37,Month-to-month,DSL,No,Yes,Yes,Yes,No,Yes,No,Electronic check,No,No,No,Yes,1
CUST-005282,51,105.21,5430.47,Month-to-month,Fiber optic,Yes,Yes,Yes,No,No,Yes,Yes,Bank transfer,No,No,Yes,Yes,0
CUST-005283,14,70.29,1106.19,Month-to-month,No,No,No,Yes,Yes,No,Yes,Yes,Mailed check,No,No,No,No,1
CUST-005284,44,70.74,3337.63,Month-to-month,DSL,Yes,No,No,No,Yes,Yes,Yes,Credit card,Yes,No,No,No,0
CUST-005285,70,80.92,5666.64,Two year,DSL,Yes,No,No,Yes,Yes,Yes,Yes,Credit card,Yes,No,Yes,No,0
CUST-005286,39,117.25,4812.5,One year,Fiber optic,Yes,No,Yes,No,No,Yes,Yes,Electronic check,Yes,Yes,Yes,No,1
CUST-005287,12,44.17,340.91,Month-to-month,No,Yes,No,No,Yes,No,Yes,Yes,Bank transfer,Yes,No,No,No,0
CUST-005288,1,111.48,35.02,One year,Fiber optic,Yes,No,Yes,Yes,Yes,Yes,Yes,Credit card,Yes,No,Yes,Yes,0
CUST-005289,9,47.43,268.0,Two year,DSL,No,No,No,Yes,No,No,No,Bank transfer,Yes,Yes,Yes,No,0
CUST-005290,40,114.92,4762.66,Month-to-month,Fiber optic,No,Yes,Yes,No,Yes,Yes,No,Electronic check,Yes,No,No,No,0
CUST-005291,53,83.58,4254.56,One year,DSL,No,No,Yes,Yes,Yes,Yes,No,Credit card,Yes,No,Yes,No,0
CUST-005292,25,79.1,1703.82,Month-to-month,DSL,Yes,Yes,No,No,No,Yes,No,Credit card,No,Yes,No,No,0
CUST-005293,27,65.14,1400.31,One year,DSL,No,Yes,No,No,Yes,Yes,No,Electronic check,No,No,No,Yes,0
CUST-005294,10,70.41,744.75,Month-to-month,DSL,Yes,No,Yes,No,Yes,Yes,Yes,Electronic check,Yes,No,No,Yes,0
CUST-005295,20,57.2,1139.3,One year,DSL,No,Yes,Yes,Yes,No,Yes,No,Mailed check,Yes,No,No,No,0
CUST-005296,29,76.85,2272.97,Month-to-month,DSL,No,No,No,Yes,Yes,Yes,No,Credit card,Yes,No,Yes,No,1
CUST-005297,2,81.93,189.39,One year,DSL,No,Yes,Yes,No,No,Yes,Yes,Electronic check,Yes,No,Yes,No,1
CUST-005298,35,77.28,2885.98,One year,DSL,No,No,No,No,No,Yes,Yes,Mailed check,Yes,No,No,Yes,0
CUST-005299,60,68.89,4123.64,Month-to-month,DSL,Yes,Yes,No,Yes,No,Yes,Yes,Electronic check,Yes,No,Yes,No,1
CUST-005300,52,79.53,3861.17,Month-to-month,DSL,No,No,No,Yes,Yes,Yes,No,Mailed check,Yes,No,No,No,0
CUST-005301,18,112.6,2162.04,Month-to-month,Fiber optic,Yes,No,No,Yes,No,No,No,Bank transfer,Yes,No,No,No,1
CUST-005302,43,105.37,4633.01,Two year,Fiber optic,No,No,No,Yes,Yes,Yes,Yes,Bank transfer,No,Yes,Yes,No,0
CUST-005303,51,28.46,1351.16,Month-to-month,No,Yes,No,No,No,No,Yes,No,Mailed check,Yes,No,No,No,1
CUST-005304,17,131.46,2007.44,Month-to-month,Fiber optic,Yes,No,Yes,Yes,Yes,Yes,Yes,Credit card,Yes,No,No,No,1
CUST-005305,25,83.88,1787.63,Month-to-month,Fiber optic,No,No,No,No,No,No,Yes,Electronic check,No,No,No,No,1
CUST-005306,43,99.03,4304.87,Month-to-month,Fiber optic,No,No,No,No,Yes,Yes,Yes,Bank transfer,Yes,No,No,No,1
CUST-005307,18,101.06,1855.36,Month-to-month,Fiber optic,No,No,Yes,No,Yes,Yes,No,Bank transfer,No,No,Yes,Yes,1
CUST-005308,35,67.45,2333.24,Month-to-month,DSL,Yes,No,Yes,No,No,Yes,Yes,Credit card,No,No,No,No,0
CUST-005309,19,109.99,2085.57,Two year,Fiber optic,Yes,Yes,No,No,No,Yes,No,Credit card,Yes,No,Yes,No,1
CUST-005310,30,88.82,2853.54,Month-to-month,Fiber optic,No,No,Yes,No,No,Yes,No,Credit card,Yes,No,Yes,No,1
CUST-005311,16,79.76,1337.04,One year,DSL,No,Yes,Yes,Yes,Yes,Yes,Yes,Bank transfer,No,No,No,No,0
CUST-005312,45,116.79,5191.37,Month-to-month,Fiber optic,Yes,Yes,Yes,No,No,Yes,No,Bank transfer,Yes,No,No,No,1
CUST-005313,32,60.6,1724.0,Two year,DSL,No,No,No,Yes,Yes,Yes,No,Credit card,No,Yes,No,Yes,0
CUST-005314,32,77.81,2748.58,One year,DSL,No,Yes,Yes,No,Yes,Yes,No,Credit card,Yes,No,Yes,No,0
CUST-005315,41,61.83,2486.13,Month-to-month,No,No,Yes,No,Yes,Yes,Yes,Yes,Bank transfer,Yes,No,Yes,Yes,0
CUST-005316,48,80.61,3847.58,Two year,DSL,No,Yes,Yes,No,Yes,Yes,Yes,Bank transfer,Yes,No,Yes,Yes,0
CUST-005317,24,75.34,1943.73,Month-to-month,DSL,No,No,Yes,Yes,Yes,Yes,Yes,Electronic check,Yes,No,Yes,No,1
CUST-005318,67,111.38,7525.81,Month-to-month,Fiber optic,Yes,No,Yes,Yes,Yes,Yes,No,Electronic check,No,No,Yes,Yes,1
CUST-005319,51,94.46,4928.35,One year,DSL,No,No,Yes,No,Yes,Yes,No,Bank transfer,No,No,Yes,No,0
CUST-005320,40,101.49,4131.67,Two year,DSL,Yes,No,Yes,Yes,Yes,Yes,No,Electronic check,Yes,No,No,Yes,0
CUST-005321,37,51.88,1805.58,Two year,No,Yes,No,Yes,Yes,Yes,Yes,No,Bank transfer,No,No,No,No,0
CUST-005322,46,111.56,5369.71,Month-to-month,Fiber optic,Yes,Yes,No,Yes,No,Yes,Yes,Mailed check,Yes,No,Yes,No,1
CUST-005323,0,101.42,0.0,Two year,DSL,No,Yes,Yes,Yes,Yes,Yes,Yes,Mailed check,Yes,Yes,Yes,No,0
CUST-005324,20,96.76,1738.34,Month-to-month,Fiber optic,No,No,No,No,No,Yes,Yes,Electronic check,Yes,No,Yes,No,1
CUST-005325,9,34.83,182.2,One year,No,No,No,No,Yes,No,Yes,Yes,Electronic check,Yes,No,No,No,0
CUST-005326,24,34.12,866.28,One year,No,Yes,No,No,Yes,Yes,Yes,No,Bank transfer,Yes,No,No,No,0
CUST-005327,29,73.47,2215.48,Month-to-month,DSL,Yes,No,No,No,Yes,No,No,Credit card,No,No,Yes,No,1
CUST-005328,8,71.41,375.55,Month-to-month,Fiber optic,No,Yes,No,No,No,Yes,No,Electronic check,No,No,No,No,0
CUST-005329,17,118.26,1685.1,Month-to-month,Fiber optic,No,Yes,No,Yes,No,Yes,Yes,Electronic check,Yes,No,Yes,No,1
CUST-005330,44,93.31,4065.58,Month-to-month,Fiber optic,Yes,No,Yes,No,No,Yes,No,Mailed check,No,Yes,No,No,1
CUST-005331,60,119.88,7268.9,Two year,Fiber optic,No,Yes,Yes,Yes,No,Yes,Yes,Mailed check,Yes,No,Yes,No,0
CUST-005332,21,81.38,1998.56,Month-to-month,DSL,No,No,Yes,Yes,No,Yes,No,Electronic check,Yes,No,No,Yes,1
CUST-005333,25,64.29,1668.19,Month-to-month,DSL,No,Yes,Yes,No,No,Yes,Yes,Bank transfer,Yes,No,Yes,No,1
CUST-005334,16,76.79,1080.52,Month-to-month,No,Yes,No,No,Yes,Yes,Yes,No,Credit card,Yes,No,No,No,1
CUST-005335,38,113.19,4233.09,One year,Fiber optic,Yes,No,No,Yes,No,Yes,Yes,Electronic check,No,No,No,No,1
CUST-005336,69,105.39,7157.94,Two year,Fiber optic,No,No,No,Yes,No,Yes,Yes,Bank transfer,Yes,No,Yes,No,0
CUST-005337,29,52.01,1509.78,One year,No,Yes,Yes,No,No,Yes,Yes,No,Credit card,Yes,No,No,Yes,0
CUST-005338,25,78.29,2114.86,Month-to-month,DSL,Yes,No,Yes,Yes,No,Yes,No,Electronic check,No,No,Yes,No,1
CUST-005339,66,104.3,6772.45,Month-to-month,Fiber optic,No,No,No,No,Yes,Yes,Yes,Credit card,Yes,No,Yes,Yes,0
CUST-005340,18,106.12,1968.14,Two year,Fiber optic,Yes,No,Yes,Yes,Yes,Yes,No,Mailed check,No,No,No,Yes,0
CUST-005341,54,107.09,5848.78,Two year,Fiber optic,Yes,No,No,Yes,No,Yes,Yes,Electronic check,Yes,No,No,Yes,1
CUST-005342,20,91.0,1652.0,Month-to-month,Fiber optic,Yes,No,Yes,No,No,Yes,No,Bank transfer,No,No,Yes,Yes,1
CUST-005343,38,60.16,2350.7,Month-to-month,DSL,Yes,No,No,No,No,Yes,No,Electronic check,Yes,No,No,No,0
CUST-005344,46,61.43,2610.41,One year,No,Yes,Yes,No,Yes,Yes,No,Yes,Mailed check,Yes,Yes,Yes,Yes,0
CUST-005345,48,105.32,4958.8,Month-to-month,Fiber optic,No,No,Yes,No,Yes,Yes,Yes,Bank transfer,No,No,No,Yes,1
CUST-005346,37,108.14,4192.09,Month-to-month,Fiber optic,Yes,No,No,No,Yes,Yes,No,Electronic check,Yes,No,Yes,Yes,1
CUST-005347,29,87.94,2431.34,One year,DSL,No,No,No,No,Yes,Yes,Yes,Credit card,Yes,No,No,No,0
CUST-005348,41,107.24,4242.05,Month-to-month,Fiber optic,Yes,Yes,No,Yes,No,Yes,Yes,Bank transfer,Yes,Yes,No,No,1
CUST-005349,23,18.98,400.57,Month-to-month,No,No,No,Yes,No,No,Yes,No,Mailed check,No,No,Yes,No,1
CUST-005350,23,100.0,2478.92,Month-to-month,Fiber optic,No,Yes,Yes,No,No,Yes,No,Credit card,Yes,No,Yes,No,1
CUST-005351,68,119.1,8095.28,One year,Fiber optic,No,No,Yes,Yes,Yes,Yes,Yes,Electronic check,Yes,No,Yes,Yes,0
CUST-005352,69,110.9,7480.64,Two year,Fiber optic,Yes,Yes,No,No,No,Yes,No,Mailed check,No,No,No,No,0
CUST-005353,70,104.53,7380.87,One year,Fiber optic,Yes,Yes,No,No,No,Yes,No,Mailed check,Yes,Yes,Yes,Yes,0
CUST-005354,23,99.5,2328.61,Month-to-month,Fiber optic,Yes,Yes,Yes,No,Yes,No,No,Bank transfer,No,No,Yes,No,0
CUST-005355,31,88.48,2927.63,Month-to-month,Fiber optic,No,Yes,No,Yes,No,Yes,Yes,Electronic check,Yes,No,No,Yes,1
CUST-005356,5,106.14,765.93,Two year,Fiber optic,Yes,No,Yes,Yes,Yes,Yes,No,Mailed check,Yes,No,No,No,1
CUST-005357,6,124.86,642.49,Two year,Fiber optic,Yes,No,No,Yes,Yes,Yes,No,Bank transfer,No,Yes,No,No,0
CUST-005358,43,113.43,4737.67,One year,Fiber optic,Yes,Yes,Yes,Yes,No,Yes,No,Mailed check,No,No,Yes,No,0
CUST-005359,61,83.04,4972.88,Two year,Fiber optic,No,No,No,No,No,Yes,No,Electronic check,Yes,No,Yes,No,0
CUST-005360,67,88.36,5915.93,Month-to-month,Fiber optic,No,No,No,Yes,No,Yes,Yes,Electronic check,Yes,No,No,No,1
CUST-005361,64,56.51,4021.03,Month-to-month,DSL,No,Yes,Yes,No,No,Yes,No,Electronic check,Yes,No,Yes,No,0
CUST-005362,13,34.19,375.56,Two year,No,No,Yes,Yes,No,No,Yes,No,Credit card,Yes,No,Yes,No,0
CUST-005363,66,79.73,5160.7,Month-to-month,DSL,Yes,No,Yes,Yes,No,Yes,No,Electronic check,No,No,Yes,No,0
CUST-005364,11,116.92,1197.49,Month-to-month,Fiber optic,No,No,Yes,Yes,Yes,Yes,No,Electronic check,Yes,No,No,Yes,1
CUST-005365,56,66.58,3818.87,Month-to-month,DSL,Yes,Yes,Yes,No,No,Yes,No,Credit card,Yes,No,Yes,No,0
CUST-005366,1,63.26,0.0,Month-to-month,DSL,No,Yes,Yes,No,No,Yes,Yes,Bank transfer,No,No,No,No,1
CUST-005367,60,64.77,3826.62,Two year,No,Yes,No,Yes,Yes,No,Yes,Yes,Mailed check,Yes,No,Yes,Yes,0
CUST-005368,65,50.3,3601.57,Two year,No,No,Yes,No,Yes,No,Yes,Yes,Electronic check,No,No,Yes,No,0
CUST-005369,19,38.38,686.89,One year,No,No,No,Yes,No,Yes,No,Yes,Electronic check,Yes,No,Yes,No,0
CUST-005370,38,103.61,3845.14,Two year,Fiber optic,No,Yes,No,Yes,No,Yes,No,Credit card,Yes,No,No,Yes,0
CUST-005371,19,89.38,1481.97,Month-to-month,Fiber optic,No,No,No,No,Yes,No,No,Electronic check,No,No,Yes,No,1
CUST-005372,55,114.64,6205.04,One year,Fiber optic,Yes,No,Yes,No,Yes,Yes,Yes,Bank transfer,Yes,No,Yes,No,0
CUST-005373,46,117.29,5314.72,Two year,Fiber optic,Yes,No,No,Yes,Yes,No,Yes,Electronic check,Yes,No,Yes,No,1
CUST-005374,72,121.32,8874.27,Two year,Fiber optic,Yes,No,Yes,No,No,Yes,Yes,Electronic check,No,Yes,Yes,Yes,0
CUST-005375,69,113.68,8065.34,Two year,Fiber optic,No,Yes,Yes,Yes,Yes,Yes,No,Credit card,Yes,No,No,Yes,0
CUST-005376,57,111.39,6267.7,One year,Fiber optic,No,No,Yes,Yes,No,Yes,Yes,Electronic check,Yes,No,Yes,No,0
CUST-005377,23,66.71,1659.97,Two year,DSL,Yes,No,No,No,No,Yes,Yes,Electronic check,No,No,No,No,1
CUST-005378,46,71.26,3173.59,Two year,DSL,Yes,No,Yes,No,No,Yes,Yes,Bank transfer,No,No,Yes,Yes,0
CUST-005379,65,103.99,6838.16,Month-to-month,DSL,Yes,Yes,Yes,Yes,Yes,Yes,No,Credit card,Yes,Yes,No,Yes,0
CUST-005380,20,120.47,2115.38,Month-to-month,Fiber optic,Yes,Yes,No,No,Yes,Yes,Yes,Mailed check,No,No,No,No,1
CUST-005381,44,76.15,3336.46,One year,DSL,No,No,No,No,Yes,Yes,Yes,Mailed check,No,No,No,No,0
CUST-005382,5,123.59,838.61,Month-to-month,Fiber optic,No,Yes,No,Yes,Yes,Yes,Yes,Credit card,Yes,Yes,No,No,1
CUST-005383,43,50.11,2035.31,Month-to-month,DSL,Yes,Yes,No,No,No,No,No,Electronic check,Yes,No,Yes,No,0
CUST-005384,22,99.01,2341.01,One year,Fiber optic,No,No,No,Yes,Yes,No,Yes,Electronic check,Yes,No,No,Yes,1
CUST-005385,54,57.33,3116.8,Month-to-month,No,Yes,No,No,Yes,No,Yes,Yes,Mailed check,No,No,No,No,1
CUST-005386,2,77.6,97.8,Two year,DSL,No,No,No,Yes,Yes,Yes,No,Credit card,Yes,No,No,No,0
CUST-005387,40,42.28,2051.54,Two year,No,No,Yes,Yes,Yes,No,Yes,No,Electronic check,No,No,Yes,No,0
CUST-005388,61,71.27,3926.1,Month-to-month,DSL,No,Yes,No,No,Yes,Yes,No,Bank transfer,Yes,No,Yes,No,1
CUST-005389,68,124.38,8498.58,Month-to-month,Fiber optic,Yes,Yes,No,No,Yes,Yes,No,Electronic check,Yes,No,No,No,0
CUST-005390,55,73.38,3811.83,Month-to-month,DSL,No,Yes,Yes,No,No,Yes,Yes,Mailed check,Yes,No,Yes,No,0
CUST-005391,64,88.88,5243.43,Month-to-month,DSL,Yes,Yes,Yes,Yes,No,Yes,Yes,Mailed check,No,No,Yes,No,0
CUST-005392,49,117.88,5937.25,Month-to-month,Fiber optic,Yes,No,Yes,Yes,Yes,No,Yes,Mailed check,Yes,No,No,No,1
CUST-005393,67,91.14,6141.82,Two year,Fiber optic,Yes,No,No,No,No,Yes,No,Electronic check,Yes,No,No,No,0
CUST-005394,41,89.88,3687.19,Month-to-month,DSL,No,No,Yes,Yes,Yes,Yes,No,Credit card,Yes,No,No,No,1
CUST-005395,1,109.63,294.8,Month-to-month,Fiber optic,Yes,No,Yes,No,No,Yes,Yes,Credit card,No,No,Yes,Yes,1
CUST-005396,45,137.48,6275.47,Month-to-month,Fiber optic,Yes,Yes,Yes,Yes,No,Yes,Yes,Bank transfer,No,No,No,No,0
CUST-005397,19,87.75,1523.57,One year,Fiber optic,No,No,Yes,Yes,No,Yes,No,Credit card,Yes,No,Yes,Yes,1
CUST-005398,35,102.44,3855.63,Month-to-month,Fiber optic,No,No,Yes,No,No,Yes,Yes,Bank transfer,No,Yes,No,Yes,1
CUST-005399,48,77.11,3752.1,One year,Fiber optic,Yes,No,No,Yes,No,Yes,No,Electronic check,No,No,Yes,Yes,0
CUST-005400,5,106.18,444.62,One year,Fiber optic,No,No,Yes,No,Yes,Yes,Yes,Bank transfer,Yes,No,No,No,0
CUST-005401,63,107.08,6575.94,Month-to-month,Fiber optic,Yes,No,Yes,Yes,No,Yes,Yes,Electronic check,No,No,Yes,Yes,0
CUST-005402,72,101.73,7219.51,Month-to-month,Fiber optic,No,Yes,No,Yes,No,Yes,No,Bank transfer,Yes,Yes,No,No,0
CUST-005403,60,68.37,4111.59,Month-to-month,DSL,Yes,No,Yes,No,No,Yes,Yes,Bank transfer,Yes,Yes,Yes,No,1
CUST-005404,13,103.76,1255.57,One year,Fiber optic,Yes,No,Yes,No,No,Yes,Yes,Electronic check,Yes,Yes,No,No,0
CUST-005405,38,89.35,3409.18,Month-to-month,Fiber optic,Yes,No,Yes,No,No,Yes,No,Bank transfer,Yes,No,No,No,1
CUST-005406,3,102.3,155.99,Two year,Fiber optic,No,No,No,Yes,Yes,Yes,Yes,Bank transfer,Yes,No,Yes,Yes,0
CUST-005407,69,31.71,2024.52,One year,No,No,No,No,Yes,No,Yes,No,Electronic check,Yes,No,Yes,No,1
CUST-005408,37,100.61,3730.42,Month-to-month,Fiber optic,No,No,Yes,No,No,Yes,No,Credit card,Yes,No,Yes,Yes,1
CUST-005409,69,75.36,5017.53,Month-to-month,DSL,Yes,No,No,No,No,No,Yes,Electronic check,Yes,No,Yes,No,0
CUST-005410,8,61.28,205.67,Month-to-month,No,Yes,Yes,Yes,No,No,Yes,No,Electronic check,No,No,No,No,0
CUST-005411,0,95.93,296.54,One year,Fiber optic,No,Yes,Yes,Yes,No,Yes,No,Credit card,Yes,No,No,Yes,0
CUST-005412,27,83.73,2396.87,Two year,DSL,Yes,Yes,Yes,Yes,No,Yes,Yes,Credit card,Yes,No,No,Yes,0
CUST-005413,22,50.43,1002.17,One year,No,Yes,No,Yes,Yes,No,Yes,No,Credit card,Yes,Yes,Yes,No,0
CUST-005414,60,104.91,6257.3,Two year,Fiber optic,Yes,Yes,No,No,Yes,No,Yes,Electronic check,Yes,No,Yes,No,0
CUST-005415,19,64.21,1251.13,Month-to-month,No,Yes,Yes,No,Yes,Yes,Yes,No,Electronic check,No,No,No,No,1
CUST-005416,30,30.99,785.73,Month-to-month,No,No,Yes,Yes,No,Yes,Yes,No,Credit card,No,No,Yes,No,0
CUST-005417,70,95.68,6588.19,One year,Fiber optic,Yes,No,No,No,Yes,No,Yes,Mailed check,No,No,No,No,1
CUST-005418,18,46.63,737.19,Month-to-month,No,No,No,No,No,No,Yes,Yes,Credit card,Yes,No,Yes,Yes,0
CUST-005419,47,119.72,5419.59,One year,Fiber optic,No,Yes,No,Yes,Yes,Yes,Yes,Electronic check,Yes,No,No,No,1
CUST-005420,38,120.99,4454.27,Two year,Fiber optic,No,Yes,No,Yes,Yes,Yes,Yes,Bank transfer,No,Yes,Yes,Yes,1
CUST-005421,23,35.12,872.37,Two year,No,Yes,No,No,Yes,No,Yes,No,Bank transfer,Yes,No,Yes,Yes,0
CUST-005422,13,60.57,685.91,One year,No,No,Yes,Yes,Yes,Yes,Yes,No,Bank transfer,Yes,No,Yes,No,0
CUST-005423,40,112.3,4427.56,One year,Fiber optic,No,No,Yes,Yes,Yes,Yes,Yes,Electronic check,Yes,No,Yes,Yes,1
CUST-005424,25,78.7,2080.01,Month-to-month,DSL,Yes,No,Yes,Yes,Yes,Yes,Yes,Electronic check,Yes,Yes,No,No,1
CUST-005425,39,42.52,1772.09,Month-to-month,No,Yes,No,No,No,No,Yes,Yes,Bank transfer,No,No,No,No,0
CUST-005426,69,56.71,3583.83,One year,No,No,No,Yes,No,Yes,Yes,Yes,Bank transfer,Yes,No,No,No,0
CUST-005427,6,74.99,621.64,Month-to-month,DSL,No,Yes,Yes,No,No,Yes,No,Electronic check,Yes,No,Yes,No,1
CUST-005428,16,51.28,814.01,Month-to-month,DSL,No,No,No,Yes,No,Yes,Yes,Bank transfer,No,No,Yes,No,1
CUST-005429,33,65.45,2136.75,Month-to-month,DSL,No,No,No,Yes,No,Yes,No,Credit card,No,No,No,No,1
CUST-005430,59,108.62,6239.8,Month-to-month,Fiber optic,Yes,No,Yes,Yes,No,Yes,No,Mailed check,Yes,No,No,No,1
CUST-005431,19,52.22,774.83,One year,DSL,No,No,Yes,No,Yes,Yes,No,Electronic check,Yes,No,Yes,No,0
CUST-005432,67,134.87,9077.33,Month-to-month,Fiber optic,Yes,Yes,No,No,Yes,Yes,Yes,Credit card,Yes,No,Yes,Yes,0
CUST-005433,0,96.04,98.29,Month-to-month,Fiber optic,No,Yes,No,No,Yes,Yes,No,Mailed check,Yes,No,No,Yes,1
CUST-005434,72,104.96,7460.47,Month-to-month,Fiber optic,No,No,No,Yes,Yes,Yes,No,Credit card,Yes,No,No,Yes,0
CUST-005435,12,122.82,1442.02,Month-to-month,Fiber optic,No,Yes,No,Yes,No,Yes,Yes,Bank transfer,Yes,No,Yes,No,1
CUST-005436,0,106.34,191.28,One year,Fiber optic,Yes,Yes,No,No,Yes,Yes,Yes,Credit card,Yes,No,No,No,1
CUST-005437,42,82.26,3616.36,Two year,DSL,Yes,No,No,Yes,No,Yes,Yes,Bank transfer,Yes,Yes,Yes,No,0
CUST-005438,0,66.81,43.03,Month-to-month,DSL,Yes,No,No,No,Yes,Yes,No,Electronic check,Yes,No,No,No,1
CUST-005439,43,108.08,4401.03,One year,Fiber optic,Yes,No,Yes,No,Yes,Yes,Yes,Electronic check,No,No,No,No,0
CUST-005440,9,71.57,899.38,Month-to-month,DSL,Yes,No,Yes,No,No,Yes,No,Electronic check,No,No,Yes,No,1
CUST-005441,53,75.63,4035.08,Month-to-month,DSL,No,No,No,Yes,Yes,Yes,No,Credit card,No,Yes,No,No,1
CUST-005442,43,36.03,1452.28,Month-to-month,No,No,Yes,No,No,No,Yes,No,Mailed check,Yes,Yes,No,No,0
CUST-005443,46,32.51,1744.52,Month-to-month,No,No,Yes,No,No,No,Yes,No,Electronic check,No,Yes,Yes,No,0
CUST-005444,38,100.65,3759.82,Month-to-month,Fiber optic,No,No,Yes,Yes,No,Yes,No,Electronic check,No,No,Yes,No,1
CUST-005445,47,99.48,4782.15,Month-to-month,Fiber optic,No,Yes,No,Yes,No,Yes,No,Mailed check,Yes,No,Yes,No,0
CUST-005446,61,76.97,4718.18,Month-to-month,DSL,No,Yes,No,No,No,Yes,Yes,Bank transfer,Yes,No,Yes,No,0
CUST-005447,59,102.45,6082.8,Month-to-month,Fiber optic,No,No,Yes,Yes,No,Yes,No,Bank transfer,No,Yes,Yes,Yes,0
CUST-005448,4,69.94,192.07,Month-to-month,DSL,No,No,No,No,Yes,Yes,No,Mailed check,No,No,No,No,1
CUST-005449,61,133.56,8164.18,Month-to-month,Fiber optic,Yes,Yes,Yes,Yes,Yes,Yes,Yes,Credit card,Yes,No,Yes,No,0
CUST-005450,33,66.55,2174.95,Two year,DSL,No,No,No,No,Yes,Yes,Yes,Mailed check,Yes,No,Yes,No,0
CUST-005451,22,43.97,823.46,Two year,No,Yes,No,No,No,No,Yes,Yes,Electronic check,Yes,No,Yes,No,0
CUST-005452,57,49.12,2998.25,Two year,No,No,Yes,Yes,No,No,Yes,Yes,Bank transfer,Yes,No,No,No,0
CUST-005453,39,97.48,3753.91,Two year,Fiber optic,Yes,Yes,No,Yes,Yes,No,No,Credit card,Yes,No,Yes,No,0
CUST-005454,47,90.43,4304.75,Month-to-month,Fiber optic,Yes,No,No,No,No,Yes,Yes,Electronic check,No,No,Yes,No,0
CUST-005455,42,107.69,4492.35,Two year,Fiber optic,No,Yes,Yes,No,No,Yes,Yes,Electronic check,Yes,No,Yes,No,1
CUST-005456,24,84.58,2105.88,Month-to-month,Fiber optic,No,No,Yes,Yes,No,No,No,Mailed check,No,No,Yes,Yes,1
CUST-005457,26,79.01,1988.72,Two year,DSL,No,Yes,No,No,Yes,Yes,No,Credit card,Yes,Yes,No,No,0
CUST-005458,14,101.64,1113.45,Two year,DSL,Yes,Yes,Yes,Yes,No,Yes,No,Electronic check,No,No,No,No,0
CUST-005459,59,122.68,7440.0,Month-to-month,Fiber optic,No,No,Yes,Yes,Yes,Yes,Yes,Electronic check,Yes,No,No,Yes,1
CUST-005460,30,87.1,2616.26,Month-to-month,DSL,Yes,No,Yes,Yes,Yes,Yes,Yes,Electronic check,Yes,Yes,No,No,1
CUST-005461,22,123.21,2647.97,Two year,Fiber optic,Yes,Yes,Yes,No,No,Yes,No,Mailed check,No,No,Yes,No,0
CUST-005462,11,94.04,1139.21,One year,Fiber optic,No,No,No,No,No,Yes,Yes,Electronic check,No,No,Yes,No,0
CUST-005463,61,89.29,5684.09,Month-to-month,DSL,No,Yes,No,Yes,No,Yes,No,Electronic check,Yes,No,Yes,Yes,1
CUST-005464,12,108.16,1437.72,Month-to-month,Fiber optic,No,No,No,Yes,Yes,Yes,No,Bank transfer,Yes,No,No,Yes,1
CUST-005465,25,50.96,1261.42,One year,No,No,No,Yes,No,No,Yes,Yes,Bank transfer,No,Yes,Yes,Yes,0
CUST-005466,59,76.84,4363.61,Month-to-month,DSL,Yes,Yes,Yes,No,No,Yes,Yes,Credit card,Yes,No,No,No,0
CUST-005467,27,119.14,3140.32,Two year,Fiber optic,Yes,Yes,Yes,No,Yes,No,Yes,Bank transfer,Yes,No,Yes,Yes,0
CUST-005468,4,76.95,315.95,Month-to-month,DSL,Yes,Yes,No,Yes,Yes,Yes,No,Credit card,No,No,No,No,0
CUST-005469,40,91.18,3506.3,Month-to-month,Fiber optic,No,No,Yes,Yes,Yes,Yes,No,Credit card,No,No,No,No,1
CUST-005470,61,77.05,4645.99,Two year,Fiber optic,No,No,Yes,No,Yes,Yes,No,Electronic check,Yes,No,No,No,0
CUST-005471,50,125.53,6200.32,One year,Fiber optic,No,No,Yes,Yes,Yes,Yes,No,Mailed check,Yes,No,Yes,No,0
CUST-005472,10,67.71,497.12,Month-to-month,DSL,No,No,No,Yes,Yes,Yes,Yes,Mailed check,No,Yes,Yes,No,1
CUST-005473,57,59.89,3414.53,Month-to-month,No,No,No,No,Yes,No,Yes,Yes,Credit card,No,No,Yes,Yes,0
CUST-005474,12,70.75,716.5,Month-to-month,DSL,No,No,Yes,No,Yes,Yes,Yes,Bank transfer,No,No,No,Yes,0
CUST-005475,70,93.13,6915.11,Month-to-month,Fiber optic,No,No,No,Yes,Yes,Yes,No,Credit card,Yes,No,Yes,No,0
CUST-005476,6,101.26,545.33,Month-to-month,Fiber optic,Yes,No,No,No,Yes,Yes,No,Bank transfer,No,No,No,No,1
CUST-005477,11,74.62,687.75,Month-to-month,DSL,No,Yes,Yes,Yes,No,Yes,Yes,Bank transfer,Yes,No,Yes,Yes,1
CUST-005478,23,114.09,2457.08,One year,Fiber optic,No,Yes,No,No,Yes,Yes,Yes,Electronic check,No,No,No,No,0
CUST-005479,12,49.75,583.44,Month-to-month,No,Yes,No,No,Yes,No,Yes,No,Bank transfer,Yes,No,No,Yes,0
CUST-005480,40,108.04,4437.05,Two year,Fiber optic,Yes,No,No,Yes,Yes,Yes,No,Bank transfer,Yes,No,No,No,0
CUST-005481,5,121.83,756.29,Month-to-month,Fiber optic,Yes,Yes,Yes,No,Yes,Yes,No,Credit card,Yes,No,Yes,No,1
CUST-005482,32,39.14,1349.12,Month-to-month,No,No,No,Yes,Yes,No,Yes,Yes,Electronic check,Yes,No,Yes,No,0
CUST-005483,24,106.74,2432.86,Two year,Fiber optic,Yes,No,Yes,Yes,No,Yes,No,Credit card,No,No,No,No,0
CUST-005484,64,123.36,8040.84,Two year,Fiber optic,Yes,No,Yes,No,No,Yes,Yes,Electronic check,Yes,No,No,No,0
CUST-005485,57,46.91,2489.74,Month-to-month,DSL,Yes,No,No,No,No,Yes,No,Credit card,Yes,No,Yes,No,1
CUST-005486,46,43.58,1812.99,Month-to-month,No,Yes,Yes,No,Yes,No,Yes,No,Credit card,Yes,No,No,No,0
CUST-005487,66,122.07,8117.4,Two year,Fiber optic,Yes,Yes,No,Yes,Yes,Yes,No,Credit card,No,No,No,Yes,0
CUST-005488,25,81.45,2031.31,Month-to-month,DSL,Yes,No,No,No,Yes,Yes,Yes,Electronic check,Yes,No,No,No,1
CUST-005489,39,59.55,2441.07,One year,DSL,No,No,Yes,No,No,Yes,No,Electronic check,Yes,No,Yes,Yes,0
CUST-005490,32,108.73,3509.64,Month-to-month,Fiber optic,Yes,Yes,No,No,Yes,Yes,Yes,Electronic check,Yes,No,Yes,No,1
CUST-005491,11,85.09,846.3,Two year,Fiber optic,No,No,No,No,No,No,Yes,Credit card,Yes,Yes,Yes,Yes,0
CUST-005492,16,44.55,819.38,Month-to-month,No,Yes,No,Yes,Yes,No,Yes,No,Credit card,Yes,No,No,Yes,0
CUST-005493,50,120.69,6109.31,Two year,Fiber optic,Yes,Yes,No,No,No,Yes,No,Credit card,Yes,No,Yes,Yes,0
CUST-005494,51,62.76,3375.56,Month-to-month,DSL,Yes,No,Yes,No,No,Yes,No,Bank transfer,Yes,No,Yes,No,0
CUST-005495,5,47.17,244.6,Month-to-month,No,No,No,No,Yes,No,Yes,No,Electronic check,No,No,Yes,No,0
CUST-005496,38,93.42,3771.09,Month-to-month,Fiber optic,Yes,Yes,No,No,No,Yes,Yes,Electronic check,Yes,No,Yes,No,1
CUST-005497,45,94.07,4176.57,Two year,Fiber optic,No,No,Yes,No,No,No,No,Mailed check,Yes,No,No,No,0
CUST-005498,45,50.54,1864.05,One year,No,No,No,No,Yes,No,Yes,Yes,Bank transfer,No,Yes,No,No,0
CUST-005499,20,58.36,1303.52,Month-to-month,DSL,No,No,No,No,No,Yes,Yes,Mailed check,Yes,Yes,No,No,1
CUST-005500,2,80.25,241.45,Month-to-month,DSL,No,No,Yes,No,No,Yes,No,Bank transfer,Yes,No,Yes,No,0
CUST-005501,14,106.24,1448.79,Two year,Fiber optic,No,No,Yes,No,Yes,Yes,No,Mailed check,Yes,No,Yes,No,1
CUST-005502,63,100.22,6316.02,One year,Fiber optic,Yes,No,Yes,No,No,No,Yes,Electronic check,Yes,No,No,No,0
CUST-005503,33,62.7,1850.66,Month-to-month,DSL,No,No,No,No,Yes,Yes,No,Credit card,Yes,No,No,Yes,0
CUST-005504,65,61.56,3929.51,One year,DSL,No,Yes,No,No,No,Yes,No,Mailed check,Yes,No,Yes,Yes,0
CUST-005505,9,86.88,1045.55,Month-to-month,Fiber optic,No,No,No,No,Yes,Yes,No,Electronic check,No,No,Yes,Yes,1
CUST-005506,52,103.01,5736.95,Two year,Fiber optic,Yes,No,Yes,Yes,No,Yes,Yes,Credit card,No,No,Yes,Yes,0
CUST-005507,37,72.37,2598.63,One year,DSL,No,No,Yes,No,No,Yes,No,Electronic check,No,No,No,No,0
CUST-005508,6,38.36,269.11,Month-to-month,No,No,No,No,No,No,Yes,No,Credit card,Yes,No,Yes,No,1
CUST-005509,43,62.48,2750.86,Month-to-month,No,Yes,Yes,Yes,Yes,Yes,Yes,No,Electronic check,Yes,No,No,No,1
CUST-005510,25,94.54,2447.29,Two year,Fiber optic,No,Yes,No,No,No,Yes,No,Electronic check,Yes,Yes,Yes,No,0
CUST-005511,33,81.99,2593.63,Month-to-month,DSL,Yes,No,Yes,Yes,Yes,Yes,No,Bank transfer,No,No,No,No,1
CUST-005512,20,113.04,2220.39,Two year,Fiber optic,Yes,No,No,No,Yes,Yes,Yes,Electronic check,Yes,No,Yes,No,0
CUST-005513,9,53.59,689.88,One year,No,Yes,No,Yes,Yes,No,Yes,Yes,Electronic check,Yes,No,Yes,No,1
CUST-005514,30,62.48,1787.73,One year,DSL,Yes,Yes,Yes,No,Yes,Yes,No,Electronic check,No,No,Yes,No,0
CUST-005515,66,66.95,4309.54,Two year,DSL,No,Yes,Yes,No,Yes,Yes,Yes,Credit card,Yes,No,Yes,No,0
CUST-005516,7,74.61,448.98,Two year,DSL,Yes,Yes,Yes,Yes,No,Yes,Yes,Electronic check,No,No,Yes,Yes,0
CUST-005517,57,45.73,2522.92,One year,No,Yes,Yes,Yes,No,No,Yes,No,Bank transfer,Yes,No,Yes,No,0
CUST-005518,16,44.63,1004.64,One year,No,Yes,No,No,No,Yes,Yes,Yes,Credit card,No,No,Yes,Yes,0
CUST-005519,23,92.76,1826.27,Two year,Fiber optic,Yes,No,No,No,No,Yes,No,Mailed check,Yes,No,Yes,No,1
CUST-005520,32,82.71,2811.07,Month-to-month,DSL,Yes,No,No,Yes,Yes,Yes,No,Electronic check,Yes,No,Yes,No,0
CUST-005521,4,62.78,453.38,Month-to-month,No,No,No,Yes,No,Yes,Yes,Yes,Credit card,No,No,Yes,No,0
CUST-005522,63,18.43,1270.25,Month-to-month,No,No,No,No,No,No,Yes,Yes,Bank transfer,Yes,No,No,Yes,0
CUST-005523,31,41.27,1511.03,One year,No,Yes,No,Yes,No,Yes,Yes,No,Mailed check,No,Yes,No,Yes,1
CUST-005524,61,109.24,6651.0,Month-to-month,Fiber optic,Yes,No,Yes,Yes,No,Yes,No,Bank transfer,No,No,Yes,No,1
CUST-005525,20,51.89,897.39,Two year,No,Yes,No,Yes,Yes,No,Yes,No,Mailed check,No,No,Yes,No,0
CUST-005526,47,49.16,2188.09,Month-to-month,No,Yes,No,No,Yes,No,Yes,No,Credit card,No,No,No,No,0
CUST-005527,8,107.78,832.96,Month-to-month,Fiber optic,No,No,No,No,Yes,Yes,No,Bank transfer,No,No,Yes,No,1
CUST-005528,1,82.08,0.0,Month-to-month,Fiber optic,Yes,Yes,Yes,Yes,No,Yes,No,Electronic check,Yes,No,No,Yes,1
CUST-005529,16,60.93,950.91,Month-to-month,DSL,Yes,No,Yes,Yes,No,Yes,Yes,Electronic check,Yes,Yes,Yes,No,1
CUST-005530,36,59.04,1897.27,Month-to-month,No,No,Yes,Yes,Yes,Yes,Yes,Yes,Electronic check,Yes,No,Yes,No,0
CUST-005531,33,41.31,1069.72,One year,DSL,No,No,No,No,No,No,No,Credit card,Yes,No,No,Yes,0
CUST-005532,67,103.97,6940.66,Month-to-month,Fiber optic,No,No,Yes,No,No,Yes,No,Electronic check,Yes,No,No,Yes,1
CUST-005533,23,71.41,1649.17,One year,DSL,No,No,No,No,Yes,Yes,No,Mailed check,Yes,No,Yes,No,1
CUST-005534,17,94.05,1561.55,Month-to-month,Fiber optic,No,No,Yes,No,Yes,Yes,No,Electronic check,Yes,No,No,No,1
CUST-005535,52,49.76,2424.76,Month-to-month,DSL,Yes,No,No,Yes,No,Yes,Yes,Electronic check,Yes,No,No,No,1
CUST-005536,2,98.42,175.26,Month-to-month,Fiber optic,No,No,Yes,Yes,No,Yes,No,Electronic check,No,Yes,No,No,1
CUST-005537,62,98.56,6171.1,Month-to-month,Fiber optic,No,No,Yes,No,No,No,No,Bank transfer,No,No,Yes,No,0
CUST-005538,24,109.8,2778.23,Month-to-month,Fiber optic,Yes,Yes,Yes,No,Yes,Yes,No,Bank transfer,Yes,No,No,No,1
CUST-005539,22,67.64,1436.91,Two year,Fiber optic,No,No,No,No,No,Yes,No,Mailed check,No,No,Yes,No,0
CUST-005540,32,126.54,4266.58,One year,Fiber optic,Yes,No,No,No,Yes,Yes,Yes,Electronic check,No,No,Yes,No,0
CUST-005541,16,99.93,1802.22,One year,Fiber optic,No,No,Yes,No,Yes,Yes,No,Electronic check,No,No,Yes,No,0
CUST-005542,69,53.83,3572.84,One year,No,No,Yes,No,Yes,No,Yes,Yes,Bank transfer,Yes,No,Yes,Yes,0
CUST-005543,11,119.23,1190.07,Month-to-month,Fiber optic,No,Yes,No,Yes,No,Yes,No,Electronic check,Yes,No,No,Yes,1
CUST-005544,72,78.2,5520.93,Month-to-month,DSL,No,No,No,Yes,Yes,Yes,Yes,Mailed check,Yes,Yes,Yes,Yes,0
CUST-005545,35,54.98,1889.18,One year,DSL,No,No,No,No,Yes,Yes,No,Mailed check,Yes,Yes,Yes,No,0
CUST-005546,6,107.93,771.1,Month-to-month,Fiber optic,Yes,No,No,No,Yes,Yes,No,Electronic check,Yes,No,Yes,No,1
CUST-005547,20,94.5,2067.94,Two year,Fiber optic,No,No,No,Yes,No,Yes,Yes,Electronic check,No,No,Yes,No,0
CUST-005548,45,91.76,4349.09,Two year,Fiber optic,Yes,No,Yes,Yes,No,Yes,No,Bank transfer,Yes,Yes,No,Yes,0
CUST-005549,66,100.03,6722.59,Month-to-month,DSL,Yes,No,No,No,Yes,Yes,Yes,Credit card,Yes,No,Yes,No,0
CUST-005550,29,111.43,3287.02,Month-to-month,Fiber optic,No,Yes,No,Yes,Yes,Yes,Yes,Bank transfer,Yes,No,Yes,No,1
CUST-005551,21,80.43,1548.98,One year,Fiber optic,No,No,No,No,Yes,No,Yes,Electronic check,Yes,No,No,No,1
CUST-005552,51,106.87,5609.57,Two year,Fiber optic,No,Yes,No,No,Yes,Yes,No,Credit card,Yes,No,No,No,0
CUST-005553,24,112.39,2478.96,Two year,Fiber optic,No,No,Yes,Yes,No,Yes,Yes,Mailed check,Yes,No,No,Yes,0
CUST-005554,65,79.1,5127.39,One year,Fiber optic,No,Yes,Yes,No,Yes,No,Yes,Credit card,Yes,No,Yes,No,0
CUST-005555,4,106.79,305.97,Month-to-month,DSL,Yes,Yes,No,Yes,Yes,Yes,Yes,Electronic check,Yes,No,Yes,No,1
CUST-005556,55,58.15,3133.17,Month-to-month,No,No,No,No,Yes,Yes,Yes,Yes,Mailed check,Yes,No,Yes,No,1
CUST-005557,38,98.17,3857.56,Month-to-month,Fiber optic,Yes,No,No,No,No,Yes,Yes,Mailed check,No,No,No,No,1
CUST-005558,33,70.31,2288.33,Month-to-month,DSL,Yes,No,Yes,No,No,Yes,Yes,Electronic check,Yes,Yes,No,No,0
CUST-005559,15,105.51,1506.65,One year,Fiber optic,No,Yes,No,No,Yes,Yes,Yes,Mailed check,No,No,No,No,0
CUST-005560,2,44.25,167.48,Two year,No,Yes,No,Yes,Yes,Yes,Yes,No,Electronic check,Yes,No,Yes,No,0
CUST-005561,54,78.68,4297.13,One year,DSL,Yes,Yes,Yes,No,No,Yes,Yes,Mailed check,Yes,No,No,No,0
CUST-005562,67,67.91,4565.7,Month-to-month,DSL,No,No,No,No,Yes,Yes,No,Bank transfer,No,No,No,No,0
CUST-005563,41,96.01,3967.56,Month-to-month,Fiber optic,Yes,Yes,Yes,No,No,Yes,No,Mailed check,Yes,No,No,No,1
CUST-005564,68,113.43,7956.53,One year,Fiber optic,No,No,Yes,Yes,Yes,Yes,Yes,Bank transfer,Yes,No,Yes,No,0
CUST-005565,28,78.08,2135.86,Month-to-month,DSL,No,No,Yes,No,Yes,Yes,No,Electronic check,Yes,No,Yes,No,0
CUST-005566,46,73.35,3235.73,Month-to-month,DSL,No,No,No,No,Yes,Yes,Yes,Bank transfer,Yes,No,No,Yes,1
CUST-005567,1,131.92,183.47,Month-to-month,Fiber optic,Yes,Yes,Yes,No,Yes,Yes,No,Electronic check,No,Yes,No,Yes,1
CUST-005568,64,86.04,5376.63,Month-to-month,DSL,No,Yes,Yes,Yes,No,Yes,Yes,Mailed check,Yes,No,Yes,Yes,0
CUST-005569,50,61.37,3034.32,Month-to-month,DSL,No,Yes,No,Yes,No,Yes,No,Bank transfer,Yes,No,Yes,No,0
CUST-005570,24,94.77,2113.47,Month-to-month,Fiber optic,No,No,Yes,No,Yes,Yes,No,Electronic check,Yes,No,Yes,No,1
CUST-005571,14,117.89,1491.16,Two year,Fiber optic,Yes,Yes,No,No,Yes,Yes,Yes,Electronic check,Yes,No,Yes,No,1
CUST-005572,25,75.48,1921.84,Two year,DSL,No,No,No,No,Yes,Yes,Yes,Bank transfer,Yes,No,Yes,No,0
CUST-005573,29,25.21,1101.05,Month-to-month,No,No,No,No,No,No,Yes,No,Credit card,No,No,Yes,No,0
CUST-005574,70,91.09,6655.05,Two year,Fiber optic,No,No,No,Yes,No,Yes,No,Mailed check,Yes,No,No,Yes,0
CUST-005575,46,47.95,2244.28,Month-to-month,No,Yes,No,Yes,No,No,Yes,No,Electronic check,Yes,No,Yes,Yes,0
CUST-005576,24,115.39,2736.6,Two year,Fiber optic,No,Yes,No,Yes,Yes,Yes,No,Mailed check,Yes,No,No,No,0
CUST-005577,23,105.97,2483.25,One year,Fiber optic,No,No,No,Yes,Yes,Yes,Yes,Bank transfer,No,No,Yes,No,0
CUST-005578,33,94.61,3163.76,Month-to-month,Fiber optic,Yes,Yes,No,No,No,Yes,No,Electronic check,Yes,No,Yes,Yes,0
CUST-005579,60,47.45,2723.85,Month-to-month,DSL,No,No,Yes,No,Yes,Yes,No,Electronic check,Yes,Yes,No,No,0
CUST-005580,23,58.82,1301.57,Month-to-month,DSL,Yes,Yes,No,No,Yes,No,No,Electronic check,Yes,No,No,Yes,1
CUST-005581,47,84.87,3890.19,Month-to-month,DSL,Yes,No,Yes,No,No,Yes,Yes,Credit card,Yes,No,Yes,Yes,0
CUST-005582,15,35.75,381.74,Two year,No,Yes,Yes,No,No,Yes,Yes,No,Bank transfer,No,No,No,No,0
CUST-005583,2,67.3,92.17,Month-to-month,DSL,Yes,No,No,No,Yes,Yes,No,Electronic check,No,Yes,Yes,No,1
CUST-005584,31,117.93,3377.84,Month-to-month,Fiber optic,No,No,Yes,Yes,Yes,Yes,Yes,Mailed check,Yes,No,No,No,1
CUST-005585,12,132.51,1664.46,One year,Fiber optic,No,Yes,No,Yes,Yes,Yes,Yes,Bank transfer,Yes,Yes,Yes,No,1
CUST-005586,54,61.06,3173.18,Month-to-month,No,No,Yes,No,Yes,No,Yes,No,Electronic check,No,No,Yes,No,0
CUST-005587,45,115.33,5139.01,Month-to-month,Fiber optic,Yes,No,No,Yes,Yes,Yes,Yes,Mailed check,No,No,No,No,0
CUST-005588,53,104.93,5642.85,One year,DSL,No,Yes,Yes,Yes,Yes,Yes,Yes,Electronic check,Yes,No,Yes,No,0
CUST-005589,41,71.31,2940.23,Month-to-month,DSL,Yes,Yes,No,Yes,No,Yes,No,Electronic check,No,No,Yes,Yes,1
CUST-005590,3,61.06,278.18,Month-to-month,DSL,Yes,No,No,Yes,No,Yes,No,Mailed check,No,No,No,No,0
CUST-005591,63,100.04,6435.0,One year,Fiber optic,Yes,No,No,No,No,Yes,No,Mailed check,Yes,No,Yes,No,0
CUST-005592,23,102.85,2388.23,Month-to-month,Fiber optic,Yes,Yes,No,Yes,No,Yes,No,Mailed check,No,No,Yes,Yes,0
CUST-005593,57,112.23,6282.19,Month-to-month,Fiber optic,Yes,Yes,No,No,Yes,Yes,No,Mailed check,Yes,No,No,No,1
CUST-005594,58,91.1,5386.12,One year,DSL,Yes,Yes,Yes,Yes,Yes,Yes,Yes,Bank transfer,Yes,No,No,No,0
CUST-005595,34,100.85,3624.68,Month-to-month,Fiber optic,No,Yes,No,No,No,Yes,Yes,Electronic check,No,Yes,No,No,1
CUST-005596,60,43.94,2619.66,Month-to-month,No,No,No,No,Yes,Yes,Yes,No,Bank transfer,No,No,Yes,No,1
CUST-005597,25,104.07,2733.65,Month-to-month,DSL,Yes,No,Yes,Yes,Yes,Yes,No,Mailed check,No,No,No,No,0
CUST-005598,23,57.47,1254.28,One year,No,No,No,No,No,Yes,Yes,Yes,Credit card,Yes,No,Yes,Yes,1
CUST-005599,13,42.23,605.38,Month-to-month,No,Yes,No,Yes,No,Yes,Yes,No,Credit card,Yes,No,Yes,No,0
CUST-005600,58,103.29,5798.65,Month-to-month,Fiber optic,No,No,Yes,No,Yes,Yes,No,Electronic check,Yes,No,Yes,Yes,0
CUST-005601,24,117.58,2744.23,Month-to-month,Fiber optic,No,No,No,No,Yes,Yes,Yes,Credit card,No,No,No,No,1
CUST-005602,52,40.37,1979.55,Month-to-month,No,No,Yes,Yes,Yes,No,Yes,Yes,Credit card,Yes,No,No,No,0
CUST-005603,26,27.14,948.72,One year,No,No,No,No,Yes,Yes,Yes,No,Mailed check,Yes,No,Yes,Yes,0
CUST-005604,25,97.23,2473.7,Month-to-month,Fiber optic,No,No,No,No,Yes,Yes,Yes,Electronic check,No,No,No,Yes,1
CUST-005605,12,98.38,1276.7,One year,Fiber optic,No,Yes,No,Yes,No,Yes,Yes,Mailed check,No,Yes,Yes,No,0
CUST-005606,38,104.24,3882.04,One year,Fiber optic,No,No,Yes,Yes,No,Yes,Yes,Electronic check,Yes,Yes,No,No,1
CUST-005607,32,105.5,3083.05,Two year,Fiber optic,Yes,No,No,No,Yes,Yes,Yes,Mailed check,No,No,No,Yes,1
CUST-005608,12,137.76,1626.12,One year,Fiber optic,No,No,Yes,Yes,Yes,Yes,Yes,Mailed check,Yes,No,Yes,No,0
CUST-005609,47,97.67,4679.28,Month-to-month,Fiber optic,No,Yes,Yes,No,No,No,No,Credit card,No,No,No,Yes,1
CUST-005610,2,92.44,0.0,Month-to-month,Fiber optic,No,No,Yes,No,Yes,Yes,No,Mailed check,Yes,No,No,No,1
CUST-005611,32,57.42,1973.93,Two year,No,No,No,No,Yes,Yes,Yes,No,Credit card,No,No,No,No,0
CUST-005612,16,90.87,1731.32,Month-to-month,DSL,No,No,No,Yes,Yes,Yes,Yes,Electronic check,No,No,No,No,0
CUST-005613,8,72.54,237.52,One year,DSL,No,Yes,Yes,Yes,No,Yes,Yes,Mailed check,Yes,No,Yes,Yes,0
CUST-005614,41,116.31,4843.23,Month-to-month,Fiber optic,Yes,Yes,No,Yes,Yes,Yes,Yes,Credit card,Yes,Yes,No,Yes,0
CUST-005615,0,93.6,75.66,One year,Fiber optic,No,No,No,Yes,No,Yes,No,Bank transfer,Yes,No,No,No,1
CUST-005616,56,90.35,5043.91,One year,Fiber optic,Yes,No,No,Yes,No,Yes,No,Credit card,Yes,Yes,No,No,0
CUST-005617,21,87.69,1755.83,Month-to-month,DSL,Yes,No,No,Yes,Yes,Yes,No,Electronic check,Yes,No,No,No,1
CUST-005618,66,88.24,5906.4,Month-to-month,DSL,Yes,No,No,No,Yes,Yes,No,Credit card,Yes,No,Yes,No,0
CUST-005619,9,89.37,370.47,One year,DSL,Yes,Yes,Yes,No,Yes,Yes,No,Electronic check,No,No,Yes,Yes,0
CUST-005620,65,101.88,6839.54,Month-to-month,Fiber optic,No,No,Yes,Yes,Yes,No,Yes,Credit card,Yes,No,No,No,0
CUST-005621,52,72.05,3800.99,Two year,DSL,No,No,No,Yes,No,Yes,No,Bank transfer,Yes,No,Yes,Yes,0
CUST-005622,3,97.54,301.09,Month-to-month,DSL,No,Yes,No,No,Yes,Yes,Yes,Electronic check,Yes,Yes,No,Yes,1
CUST-005623,23,66.68,1360.12,Month-to-month,DSL,No,No,No,No,No,Yes,No,Credit card,Yes,No,No,No,1
CUST-005624,62,80.81,5071.84,One year,DSL,Yes,Yes,Yes,No,No,Yes,No,Electronic check,Yes,No,No,Yes,0
CUST-005625,17,61.0,1055.09,Month-to-month,DSL,No,No,No,Yes,No,Yes,Yes,Electronic check,Yes,No,No,No,1
CUST-005626,7,56.16,467.77,Month-to-month,No,Yes,No,Yes,No,Yes,Yes,No,Credit card,Yes,No,No,Yes,0
CUST-005627,51,86.12,4345.27,Month-to-month,DSL,Yes,No,Yes,Yes,Yes,Yes,Yes,Electronic check,Yes,No,No,No,1
CUST-005628,6,47.65,178.45,Month-to-month,No,No,Yes,Yes,Yes,Yes,Yes,Yes,Credit card,Yes,No,No,No,1
CUST-005629,41,88.76,3875.01,Month-to-month,Fiber optic,Yes,Yes,No,Yes,No,Yes,Yes,Mailed check,Yes,No,No,Yes,0
CUST-005630,22,60.76,1361.03,Month-to-month,DSL,Yes,No,No,No,No,Yes,No,Electronic check,Yes,No,Yes,No,0
CUST-005631,24,118.45,2780.59,Month-to-month,Fiber optic,Yes,No,No,No,Yes,Yes,No,Electronic check,Yes,No,Yes,Yes,1
CUST-005632,21,87.63,1811.96,Month-to-month,Fiber optic,No,Yes,No,No,No,Yes,No,Electronic check,No,No,No,Yes,0
CUST-005633,16,113.73,1394.9,Two year,Fiber optic,No,Yes,Yes,No,No,Yes,Yes,Electronic check,Yes,No,Yes,No,1
CUST-005634,61,132.51,8054.97,Month-to-month,Fiber optic,Yes,No,Yes,Yes,No,Yes,Yes,Electronic check,Yes,No,Yes,No,1
CUST-005635,13,112.17,1346.76,Month-to-month,Fiber optic,No,No,Yes,Yes,Yes,No,Yes,Credit card,No,No,No,Yes,1
CUST-005636,27,98.73,2625.74,Month-to-month,Fiber optic,No,Yes,Yes,Yes,No,No,No,Credit card,Yes,No,No,No,1
CUST-005637,1,118.25,0.0,Month-to-month,Fiber optic,No,No,Yes,Yes,Yes,No,Yes,Mailed check,No,No,Yes,No,0
CUST-005638,21,52.65,642.94,Two year,No,No,No,No,Yes,No,Yes,Yes,Electronic check,No,No,No,No,0
CUST-005639,36,94.46,3385.19,One year,Fiber optic,No,Yes,No,No,Yes,Yes,Yes,Bank transfer,No,No,Yes,No,0
CUST-005640,39,29.35,1465.27,Month-to-month,No,No,No,No,No,Yes,Yes,No,Bank transfer,No,Yes,No,No,0
CUST-005641,60,102.25,6164.61,Month-to-month,Fiber optic,No,Yes,No,No,Yes,Yes,Yes,Credit card,Yes,No,Yes,No,0
CUST-005642,68,109.94,7264.99,Month-to-month,Fiber optic,Yes,No,Yes,No,Yes,Yes,No,Credit card,No,No,No,No,1
CUST-005643,45,77.04,3472.83,Month-to-month,DSL,No,No,No,Yes,No,Yes,No,Electronic check,Yes,Yes,Yes,Yes,1
CUST-005644,20,108.47,1901.98,Two year,Fiber optic,No,Yes,No,Yes,Yes,Yes,No,Electronic check,No,No,Yes,No,0
CUST-005645,26,67.74,1755.64,Month-to-month,DSL,No,No,No,No,Yes,Yes,Yes,Electronic check,No,No,No,Yes,1
CUST-005646,60,117.1,7347.97,Month-to-month,Fiber optic,No,No,No,Yes,Yes,Yes,No,Electronic check,No,Yes,Yes,Yes,1
CUST-005647,40,100.98,4069.25,Month-to-month,Fiber optic,Yes,No,Yes,Yes,No,Yes,No,Mailed check,No,No,Yes,No,0
CUST-005648,53,101.1,5008.94,Month-to-month,Fiber optic,Yes,No,No,No,Yes,Yes,Yes,Mailed check,No,No,Yes,Yes,0
CUST-005649,68,124.22,8423.38,One year,Fiber optic,Yes,Yes,Yes,No,Yes,Yes,No,Electronic check,Yes,No,Yes,No,0
CUST-005650,34,96.34,2997.71,Month-to-month,Fiber optic,Yes,Yes,No,Yes,No,Yes,Yes,Credit card,Yes,No,Yes,No,1
CUST-005651,52,54.9,2567.62,Month-to-month,DSL,Yes,No,Yes,No,No,Yes,Yes,Bank transfer,Yes,No,Yes,Yes,1
CUST-005652,54,63.99,3480.77,One year,DSL,No,Yes,No,No,No,Yes,No,Credit card,Yes,No,Yes,No,0
CUST-005653,60,71.9,4290.91,One year,DSL,No,No,Yes,No,Yes,Yes,No,Mailed check,No,No,Yes,No,0
CUST-005654,36,65.9,2465.25,Month-to-month,DSL,No,Yes,No,No,No,Yes,No,Mailed check,No,No,Yes,No,0
CUST-005655,37,64.83,2453.28,Month-to-month,DSL,No,No,No,Yes,Yes,Yes,No,Electronic check,No,No,Yes,Yes,1
CUST-005656,51,115.7,5861.35,One year,Fiber optic,Yes,Yes,No,Yes,No,Yes,Yes,Credit card,No,No,No,No,0
CUST-005657,33,41.63,1473.55,One year,No,Yes,No,No,No,No,Yes,Yes,Bank transfer,Yes,No,Yes,No,0
CUST-005658,25,90.07,2494.46,Month-to-month,DSL,Yes,Yes,No,Yes,Yes,Yes,Yes,Electronic check,No,No,Yes,Yes,1
CUST-005659,17,45.72,860.44,One year,No,No,Yes,No,No,No,Yes,Yes,Electronic check,Yes,No,No,No,0
CUST-005660,34,72.76,2857.03,Month-to-month,DSL,No,Yes,No,No,Yes,Yes,No,Credit card,Yes,No,No,No,0
CUST-005661,37,84.22,3173.49,Month-to-month,DSL,Yes,Yes,Yes,Yes,No,No,No,Credit card,No,No,Yes,No,0
CUST-005662,15,116.97,1847.33,One year,Fiber optic,Yes,Yes,No,Yes,Yes,Yes,No,Mailed check,Yes,No,No,No,0
CUST-005663,29,78.42,2436.79,One year,DSL,Yes,Yes,Yes,No,No,Yes,No,Mailed check,Yes,Yes,Yes,Yes,0
CUST-005664,23,93.22,2037.48,Month-to-month,Fiber optic,Yes,No,No,No,Yes,Yes,No,Electronic check,No,No,No,No,1
CUST-005665,52,66.05,3891.2,Month-to-month,DSL,No,No,Yes,Yes,No,Yes,Yes,Bank transfer,Yes,No,No,No,0
CUST-005666,72,98.92,7265.89,Month-to-month,Fiber optic,No,No,Yes,No,Yes,Yes,Yes,Mailed check,Yes,No,No,No,0
CUST-005667,9,54.22,393.78,One year,DSL,No,No,Yes,Yes,No,Yes,No,Electronic check,No,Yes,Yes,No,0
CUST-005668,43,66.3,2908.82,Month-to-month,DSL,No,Yes,No,No,Yes,Yes,Yes,Mailed check,No,No,Yes,No,0
CUST-005669,13,92.04,1298.87,Two year,DSL,Yes,Yes,No,Yes,Yes,Yes,Yes,Mailed check,Yes,No,Yes,No,0
CUST-005670,45,111.48,5120.48,Month-to-month,Fiber optic,No,No,Yes,Yes,Yes,Yes,No,Bank transfer,No,Yes,Yes,Yes,1
CUST-005671,11,138.11,1564.92,One year,Fiber optic,No,Yes,Yes,Yes,Yes,Yes,Yes,Mailed check,No,No,No,Yes,0
CUST-005672,23,105.62,2526.94,Month-to-month,Fiber optic,No,No,No,No,Yes,Yes,Yes,Mailed check,No,No,No,Yes,1
CUST-005673,70,58.96,4239.16,Month-to-month,No,No,No,No,Yes,No,Yes,No,Bank transfer,No,No,Yes,No,0
CUST-005674,44,106.27,4830.56,Month-to-month,Fiber optic,No,No,Yes,No,No,Yes,Yes,Credit card,Yes,No,Yes,Yes,1
CUST-005675,21,93.35,1754.52,Month-to-month,Fiber optic,No,No,Yes,No,No,Yes,No,Electronic check,Yes,Yes,No,No,1
CUST-005676,18,103.46,1947.79,Two year,Fiber optic,No,Yes,No,No,Yes,Yes,Yes,Electronic check,No,No,No,No,0
CUST-005677,33,136.95,4287.79,Month-to-month,Fiber optic,No,Yes,Yes,Yes,Yes,No,Yes,Mailed check,No,No,No,No,1
CUST-005678,27,116.98,3035.91,Month-to-month,Fiber optic,Yes,No,Yes,Yes,No,Yes,No,Credit card,Yes,No,No,Yes,1
CUST-005679,68,55.48,3745.2,Month-to-month,No,Yes,Yes,Yes,Yes,No,Yes,Yes,Mailed check,No,No,Yes,Yes,0
CUST-005680,71,64.83,4643.8,One year,DSL,No,No,Yes,No,No,Yes,Yes,Credit card,Yes,No,No,No,0
CUST-005681,13,71.26,1199.69,Month-to-month,No,No,Yes,Yes,Yes,Yes,Yes,Yes,Electronic check,No,No,Yes,No,1
CUST-005682,55,75.15,4115.79,Month-to-month,No,Yes,No,Yes,Yes,Yes,Yes,Yes,Bank transfer,Yes,No,No,No,0
CUST-005683,58,89.41,5177.33,Month-to-month,Fiber optic,Yes,No,No,Yes,No,Yes,No,Electronic check,No,No,No,No,0
CUST-005684,31,97.5,2697.59,Month-to-month,DSL,Yes,Yes,Yes,Yes,No,Yes,Yes,Mailed check,Yes,No,No,No,1
CUST-005685,20,86.12,1632.8,Month-to-month,Fiber optic,No,No,No,No,No,Yes,No,Credit card,No,No,Yes,Yes,1
CUST-005686,40,83.59,3453.72,Month-to-month,DSL,Yes,No,Yes,Yes,No,Yes,Yes,Electronic check,Yes,No,No,No,1
CUST-005687,3,95.1,210.23,Month-to-month,Fiber optic,No,Yes,No,No,No,Yes,No,Bank transfer,Yes,No,Yes,No,1
CUST-005688,22,99.28,2021.31,Two year,Fiber optic,No,No,Yes,No,Yes,Yes,No,Credit card,Yes,No,Yes,No,1
CUST-005689,47,78.35,3835.71,One year,DSL,Yes,No,No,Yes,Yes,Yes,No,Electronic check,Yes,Yes,No,No,1
CUST-005690,51,99.45,5318.51,One year,Fiber optic,No,Yes,No,Yes,Yes,Yes,No,Mailed check,Yes,No,No,No,1
CUST-005691,0,45.76,0.0,Month-to-month,No,Yes,Yes,Yes,Yes,Yes,No,No,Bank transfer,Yes,No,No,Yes,0
CUST-005692,21,95.06,1974.62,Two year,Fiber optic,Yes,No,Yes,Yes,No,Yes,No,Electronic check,Yes,Yes,No,Yes,0
CUST-005693,7,80.77,398.73,One year,DSL,No,Yes,No,Yes,Yes,Yes,Yes,Mailed check,No,No,No,No,0
CUST-005694,61,114.06,6973.7,Month-to-month,Fiber optic,No,No,No,Yes,No,Yes,Yes,Mailed check,Yes,Yes,No,Yes,1
CUST-005695,30,55.97,1782.06,One year,DSL,No,Yes,No,No,No,Yes,No,Credit card,Yes,No,No,Yes,0
CUST-005696,69,61.76,4605.08,Month-to-month,DSL,Yes,No,No,Yes,No,No,No,Mailed check,No,No,No,No,0
CUST-005697,34,65.91,2054.51,Month-to-month,DSL,Yes,No,No,No,Yes,Yes,No,Electronic check,Yes,No,Yes,No,0
CUST-005698,48,116.73,5719.03,Month-to-month,Fiber optic,No,No,No,Yes,Yes,Yes,No,Mailed check,No,Yes,Yes,Yes,0
CUST-005699,25,63.17,1630.78,Month-to-month,DSL,No,No,Yes,Yes,Yes,Yes,No,Bank transfer,Yes,No,No,No,0
CUST-005700,14,83.89,1007.4,Two year,Fiber optic,No,No,No,No,Yes,Yes,Yes,Bank transfer,No,No,Yes,No,0
CUST-005701,72,68.84,4902.03,Month-to-month,No,Yes,Yes,No,Yes,No,Yes,Yes,Electronic check,No,No,Yes,No,0
CUST-005702,31,105.6,3528.55,Month-to-month,Fiber optic,No,No,No,Yes,No,Yes,No,Mailed check,No,No,No,No,0
CUST-005703,8,107.26,901.69,Month-to-month,Fiber optic,No,No,No,Yes,Yes,Yes,No,Bank transfer,Yes,No,Yes,Yes,0
CUST-005704,21,48.98,613.67,One year,No,Yes,No,No,No,No,Yes,No,Bank transfer,No,Yes,No,Yes,0
CUST-005705,4,60.5,178.54,Month-to-month,DSL,No,No,Yes,Yes,No,Yes,No,Bank transfer,No,No,No,No,1
CUST-005706,26,107.12,2589.83,Month-to-month,Fiber optic,No,No,Yes,Yes,Yes,No,Yes,Electronic check,Yes,Yes,No,No,1
CUST-005707,15,131.45,2201.93,Two year,Fiber optic,Yes,No,No,Yes,Yes,Yes,Yes,Mailed check,No,No,No,Yes,0
CUST-005708,11,45.06,596.18,Month-to-month,No,Yes,No,No,No,Yes,Yes,Yes,Bank transfer,No,No,No,No,0
CUST-005709,41,109.13,4648.16,Month-to-month,Fiber optic,No,Yes,No,Yes,No,Yes,Yes,Mailed check,No,No,No,Yes,0
CUST-005710,44,99.45,4209.93,Month-to-month,Fiber optic,No,Yes,Yes,Yes,No,Yes,Yes,Credit card,Yes,No,Yes,Yes,1
CUST-005711,69,66.43,4459.09,One year,DSL,No,No,Yes,Yes,Yes,Yes,No,Credit card,No,No,No,Yes,0
CUST-005712,23,117.48,2809.82,Month-to-month,Fiber optic,No,No,Yes,No,No,Yes,Yes,Credit card,Yes,No,Yes,No,1
CUST-005713,11,53.74,566.75,Month-to-month,DSL,No,No,Yes,No,No,Yes,No,Credit card,Yes,No,Yes,Yes,0
CUST-005714,12,117.11,1337.24,Month-to-month,Fiber optic,Yes,Yes,Yes,No,No,Yes,No,Credit card,Yes,No,Yes,Yes,0
CUST-005715,18,73.34,1371.48,Month-to-month,DSL,No,Yes,Yes,No,Yes,Yes,Yes,Mailed check,Yes,No,No,No,0
CUST-005716,68,109.75,7510.54,Month-to-month,Fiber optic,No,No,No,Yes,No,Yes,Yes,Electronic check,No,No,Yes,No,1
CUST-005717,38,33.29,1281.05,Month-to-month,No,No,No,No,No,Yes,Yes,No,Electronic check,Yes,No,Yes,No,0
CUST-005718,2,103.62,464.76,One year,Fiber optic,No,No,No,Yes,No,Yes,Yes,Electronic check,No,No,Yes,Yes,1
CUST-005719,29,83.8,2441.11,Month-to-month,DSL,No,No,Yes,No,Yes,Yes,Yes,Electronic check,Yes,No,Yes,Yes,1
CUST-005720,72,108.76,7921.34,Month-to-month,Fiber optic,No,No,Yes,Yes,Yes,No,Yes,Mailed check,Yes,No,Yes,No,1
CUST-005721,32,106.46,3431.0,Month-to-month,Fiber optic,No,Yes,No,Yes,No,Yes,Yes,Bank transfer,No,No,Yes,Yes,0
CUST-005722,7,89.54,472.73,One year,DSL,Yes,Yes,Yes,Yes,No,Yes,Yes,Bank transfer,No,No,Yes,No,0
CUST-005723,9,86.29,812.29,Month-to-month,DSL,No,Yes,No,Yes,No,Yes,Yes,Bank transfer,Yes,No,Yes,No,1
CUST-005724,32,117.05,4016.88,One year,Fiber optic,No,Yes,No,Yes,No,Yes,Yes,Mailed check,Yes,No,No,No,0
CUST-005725,23,60.5,1621.82,Month-to-month,DSL,No,No,No,No,Yes,Yes,No,Bank transfer,Yes,No,No,No,1
CUST-005726,35,87.19,2950.53,Month-to-month,Fiber optic,No,No,Yes,No,Yes,Yes,Yes,Electronic check,No,No,Yes,No,0
CUST-005727,46,90.8,4317.98,Month-to-month,DSL,No,No,Yes,Yes,Yes,No,No,Bank transfer,Yes,No,Yes,No,1
CUST-005728,54,53.45,2950.44,Month-to-month,DSL,No,No,Yes,No,No,Yes,Yes,Mailed check,Yes,No,Yes,No,0
CUST-005729,47,60.91,2739.19,One year,No,Yes,No,Yes,Yes,Yes,Yes,Yes,Bank transfer,Yes,No,No,No,0
CUST-005730,66,120.1,8166.23,One year,DSL,Yes,Yes,Yes,No,Yes,Yes,Yes,Mailed check,No,No,Yes,No,0
CUST-005731,17,89.94,1521.56,One year,Fiber optic,No,Yes,Yes,No,No,Yes,No,Bank transfer,No,No,No,Yes,0
CUST-005732,28,85.93,2603.21,Month-to-month,DSL,No,Yes,Yes,No,No,Yes,Yes,Electronic check,Yes,No,No,No,1
CUST-005733,12,66.61,961.66,Month-to-month,No,Yes,No,Yes,No,Yes,Yes,Yes,Credit card,No,No,Yes,Yes,0
CUST-005734,51,18.0,1003.44,Two year,No,No,No,Yes,No,No,Yes,No,Electronic check,Yes,No,Yes,No,0
CUST-005735,17,102.34,1777.86,Two year,Fiber optic,Yes,No,No,No,Yes,Yes,Yes,Bank transfer,No,No,No,Yes,0
CUST-005736,1,91.02,0.0,Two year,DSL,Yes,Yes,No,Yes,Yes,Yes,No,Bank transfer,Yes,No,Yes,No,0
CUST-005737,59,107.85,6545.28,Month-to-month,Fiber optic,No,No,Yes,Yes,No,No,Yes,Mailed check,Yes,No,Yes,Yes,1
CUST-005738,1,88.85,0.0,One year,DSL,No,No,No,Yes,Yes,Yes,Yes,Electronic check,No,No,No,No,1
CUST-005739,17,64.1,999.83,Month-to-month,No,Yes,Yes,Yes,No,Yes,Yes,No,Bank transfer,No,No,Yes,No,1
CUST-005740,24,84.08,1814.24,Month-to-month,Fiber optic,No,No,No,No,No,Yes,Yes,Electronic check,Yes,No,No,No,1
CUST-005741,35,90.95,3111.34,Month-to-month,DSL,Yes,No,No,No,Yes,Yes,No,Mailed check,Yes,Yes,No,No,0
CUST-005742,28,51.79,1344.7,One year,No,No,No,Yes,Yes,No,Yes,Yes,Electronic check,Yes,No,No,No,0
CUST-005743,1,89.47,212.1,Month-to-month,Fiber optic,Yes,No,No,No,Yes,Yes,Yes,Credit card,Yes,No,No,No,1
CUST-005744,28,89.35,2247.86,Month-to-month,DSL,Yes,No,Yes,Yes,Yes,Yes,Yes,Mailed check,No,No,Yes,Yes,0
CUST-005745,64,70.72,4392.95,Month-to-month,DSL,No,No,Yes,Yes,No,Yes,Yes,Mailed check,Yes,No,No,Yes,0
CUST-005746,30,120.22,3641.31,Month-to-month,Fiber optic,Yes,Yes,Yes,Yes,Yes,No,No,Bank transfer,Yes,No,No,No,1
CUST-005747,22,110.02,2431.82,Two year,Fiber optic,Yes,No,Yes,Yes,No,Yes,Yes,Mailed check,Yes,No,Yes,No,0
CUST-005748,45,66.21,3249.72,One year,DSL,No,Yes,No,No,No,No,Yes,Electronic check,No,Yes,No,No,1
CUST-005749,58,82.29,4858.52,Month-to-month,DSL,Yes,Yes,No,No,Yes,Yes,No,Credit card,Yes,No,Yes,Yes,0
CUST-005750,15,91.84,1266.12,Month-to-month,DSL,No,No,No,Yes,Yes,Yes,Yes,Credit card,Yes,No,Yes,Yes,0
CUST-005751,52,94.72,4930.55,Two year,Fiber optic,No,No,No,No,Yes,Yes,No,Electronic check,Yes,No,No,No,1
CUST-005752,27,95.62,2445.48,Month-to-month,Fiber optic,No,Yes,No,No,Yes,Yes,No,Electronic check,No,No,No,No,1
CUST-005753,10,62.1,910.28,Two year,DSL,No,No,No,Yes,Yes,Yes,Yes,Credit card,No,No,Yes,Yes,0
CUST-005754,24,140.97,3443.62,One year,Fiber optic,Yes,Yes,Yes,Yes,Yes,Yes,Yes,Electronic check,Yes,No,Yes,No,1
CUST-005755,37,88.47,3082.38,Month-to-month,Fiber optic,No,No,No,No,No,Yes,No,Electronic check,No,Yes,Yes,No,1
CUST-005756,72,127.29,9195.01,Month-to-month,Fiber optic,Yes,Yes,Yes,Yes,No,Yes,Yes,Bank transfer,No,No,No,Yes,0
CUST-005757,61,65.64,3933.34,One year,DSL,Yes,No,No,Yes,Yes,Yes,Yes,Bank transfer,Yes,Yes,Yes,Yes,0
CUST-005758,12,73.17,794.18,One year,DSL,Yes,No,No,No,No,No,No,Bank transfer,Yes,No,No,No,0
CUST-005759,33,96.62,3012.74,Two year,Fiber optic,Yes,No,No,Yes,No,Yes,No,Bank transfer,Yes,Yes,No,Yes,0
CUST-005760,3,115.53,250.18,One year,Fiber optic,No,Yes,Yes,Yes,No,Yes,Yes,Credit card,Yes,No,Yes,Yes,0
CUST-005761,35,91.67,2851.63,Month-to-month,Fiber optic,Yes,No,Yes,No,No,Yes,No,Bank transfer,Yes,No,No,No,0
CUST-005762,13,42.48,479.71,Month-to-month,No,Yes,No,No,Yes,No,Yes,Yes,Electronic check,Yes,No,No,No,1
CUST-005763,7,87.82,820.06,Month-to-month,DSL,No,No,Yes,No,No,Yes,Yes,Bank transfer,No,No,Yes,No,0
CUST-005764,52,91.08,4612.19,Month-to-month,Fiber optic,Yes,No,No,No,No,Yes,Yes,Bank transfer,Yes,No,Yes,No,0
CUST-005765,67,84.48,5916.68,Month-to-month,DSL,No,No,No,Yes,No,Yes,Yes,Credit card,Yes,No,No,Yes,0
CUST-005766,12,53.51,643.04,Two year,No,No,Yes,Yes,No,Yes,Yes,Yes,Mailed check,No,No,Yes,No,0
CUST-005767,61,92.5,5683.45,Month-to-month,Fiber optic,No,No,No,No,No,Yes,Yes,Electronic check,Yes,No,No,No,1
CUST-005768,43,78.11,3303.77,Two year,DSL,No,Yes,Yes,No,Yes,Yes,Yes,Credit card,Yes,No,Yes,No,0
CUST-005769,34,79.23,2737.2,Month-to-month,DSL,Yes,No,No,Yes,No,Yes,No,Bank transfer,No,No,Yes,No,0
CUST-005770,49,105.48,5058.97,Month-to-month,Fiber optic,Yes,No,No,No,Yes,Yes,No,Electronic check,Yes,No,No,No,1
CUST-005771,17,120.51,1921.75,Month-to-month,Fiber optic,No,Yes,No,Yes,Yes,Yes,No,Mailed check,No,No,No,No,0
CUST-005772,20,63.28,1286.23,One year,No,Yes,No,Yes,Yes,Yes,Yes,Yes,Electronic check,Yes,No,No,No,0
CUST-005773,50,96.55,4896.64,Two year,Fiber optic,Yes,No,No,No,Yes,Yes,No,Electronic check,Yes,Yes,Yes,No,0
CUST-005774,60,53.24,3064.65,One year,DSL,No,No,No,No,No,Yes,Yes,Electronic check,No,No,Yes,No,0
CUST-005775,15,106.49,1734.97,Two year,Fiber optic,Yes,No,Yes,No,Yes,Yes,Yes,Bank transfer,Yes,No,Yes,No,0
CUST-005776,69,126.81,8806.42,One year,Fiber optic,Yes,Yes,Yes,Yes,Yes,Yes,No,Electronic check,Yes,No,Yes,Yes,0
CUST-005777,57,90.0,5413.2,Two year,Fiber optic,No,No,No,No,No,Yes,No,Bank transfer,Yes,No,No,No,0
CUST-005778,18,104.42,1912.53,Two year,Fiber optic,Yes,No,No,No,Yes,Yes,Yes,Electronic check,Yes,Yes,No,No,1
CUST-005779,50,88.95,4459.5,Two year,DSL,No,No,Yes,No,Yes,No,Yes,Electronic check,No,Yes,Yes,No,0
CUST-005780,25,88.78,2043.58,Month-to-month,DSL,No,No,Yes,Yes,Yes,Yes,Yes,Credit card,No,No,Yes,Yes,1
CUST-005781,28,58.02,1484.03,Month-to-month,DSL,No,No,No,No,No,Yes,Yes,Electronic check,Yes,Yes,Yes,No,1
CUST-005782,39,78.89,3267.76,Month-to-month,DSL,Yes,Yes,Yes,No,Yes,Yes,No,Mailed check,No,No,Yes,Yes,1
CUST-005783,5,96.07,566.07,Two year,Fiber optic,Yes,No,No,No,No,Yes,No,Mailed check,No,No,No,No,0
CUST-005784,24,73.78,1814.47,Month-to-month,DSL,No,No,No,No,Yes,Yes,Yes,Electronic check,Yes,No,No,No,1
CUST-005785,2,98.92,293.04,One year,Fiber optic,No,No,No,Yes,No,Yes,No,Electronic check,Yes,No,No,Yes,1
CUST-005786,63,72.82,4445.23,Month-to-month,DSL,Yes,No,Yes,No,Yes,Yes,No,Electronic check,Yes,No,No,No,0
CUST-005787,0,75.26,405.68,Month-to-month,Fiber optic,No,Yes,No,No,No,Yes,Yes,Mailed check,No,No,Yes,No,1
CUST-005788,72,111.26,7955.11,Month-to-month,Fiber optic,No,Yes,No,No,No,Yes,Yes,Credit card,Yes,Yes,No,Yes,1
CUST-005789,60,51.07,3182.34,One year,No,Yes,No,Yes,No,No,Yes,No,Credit card,Yes,Yes,Yes,No,0
CUST-005790,34,105.76,3543.91,One year,Fiber optic,No,Yes,Yes,No,Yes,Yes,Yes,Mailed check,Yes,Yes,Yes,No,0
CUST-005791,31,104.72,3345.21,Month-to-month,Fiber optic,No,No,No,No,Yes,No,Yes,Mailed check,Yes,No,Yes,No,0
CUST-005792,50,75.91,3765.56,One year,DSL,Yes,Yes,Yes,Yes,No,Yes,Yes,Bank transfer,Yes,Yes,Yes,Yes,0
CUST-005793,30,72.45,2113.79,Two year,Fiber optic,No,No,Yes,No,Yes,Yes,No,Mailed check,No,No,Yes,No,0
CUST-005794,3,93.61,254.57,Month-to-month,Fiber optic,Yes,Yes,No,No,No,Yes,No,Electronic check,Yes,No,Yes,No,1
CUST-005795,23,112.34,2609.57,One year,Fiber optic,No,No,Yes,Yes,Yes,Yes,Yes,Electronic check,Yes,No,Yes,Yes,0
CUST-005796,50,120.78,5912.45,Two year,Fiber optic,No,Yes,Yes,Yes,No,No,No,Credit card,No,No,No,No,1
CUST-005797,69,114.46,8010.24,Month-to-month,Fiber optic,Yes,Yes,No,No,Yes,Yes,Yes,Credit card,Yes,No,No,No,0
CUST-005798,13,51.39,580.23,Month-to-month,DSL,No,No,Yes,No,No,Yes,Yes,Credit card,Yes,No,No,No,0
CUST-005799,68,60.03,4088.48,Month-to-month,No,No,No,No,No,Yes,Yes,Yes,Credit card,Yes,No,No,Yes,0
CUST-005800,30,92.95,2787.79,Month-to-month,Fiber optic,No,No,Yes,Yes,No,Yes,No,Bank transfer,No,No,Yes,Yes,1
CUST-005801,3,99.75,418.65,Two year,DSL,No,Yes,Yes,Yes,Yes,Yes,Yes,Mailed check,Yes,No,No,No,0
CUST-005802,72,96.26,6790.67,Month-to-month,Fiber optic,No,Yes,Yes,Yes,No,Yes,Yes,Electronic check,Yes,Yes,No,Yes,1
CUST-005803,61,115.38,7155.46,Month-to-month,Fiber optic,Yes,Yes,Yes,No,No,Yes,Yes,Credit card,Yes,No,Yes,No,0
CUST-005804,14,100.77,1383.9,Month-to-month,Fiber optic,No,Yes,Yes,Yes,Yes,Yes,No,Credit card,Yes,Yes,No,Yes,1
CUST-005805,12,119.22,1644.34,Month-to-month,Fiber optic,Yes,No,Yes,Yes,Yes,Yes,Yes,Credit card,Yes,No,No,No,1
CUST-005806,59,127.62,7611.3,Two year,Fiber optic,Yes,No,Yes,Yes,Yes,Yes,No,Electronic check,No,No,No,No,0
CUST-005807,39,90.19,3487.05,One year,Fiber optic,No,No,No,No,No,Yes,Yes,Credit card,No,No,No,No,0
CUST-005808,4,108.25,420.62,One year,Fiber optic,Yes,No,Yes,Yes,No,Yes,No,Bank transfer,No,No,Yes,No,0
CUST-005809,60,75.74,4640.44,Month-to-month,Fiber optic,No,No,Yes,No,No,Yes,Yes,Mailed check,Yes,No,Yes,No,1
CUST-005810,61,79.32,4717.74,Two year,DSL,Yes,Yes,Yes,Yes,No,Yes,No,Electronic check,No,No,No,No,0
CUST-005811,29,114.19,3621.85,Month-to-month,Fiber optic,No,Yes,Yes,No,Yes,No,No,Credit card,No,No,No,No,1
CUST-005812,6,89.95,418.78,Month-to-month,DSL,No,No,Yes,Yes,Yes,Yes,Yes,Electronic check,No,No,No,Yes,1
CUST-005813,23,87.31,2372.52,Two year,DSL,Yes,No,Yes,No,No,Yes,Yes,Electronic check,Yes,No,No,No,0
CUST-005814,0,88.35,74.52,Month-to-month,DSL,Yes,Yes,Yes,Yes,Yes,Yes,Yes,Electronic check,Yes,Yes,No,Yes,1
CUST-005815,2,84.27,79.86,Two year,DSL,No,Yes,Yes,Yes,Yes,Yes,No,Credit card,Yes,No,Yes,No,0
CUST-005816,6,56.11,337.3,Month-to-month,DSL,No,No,Yes,Yes,Yes,Yes,No,Bank transfer,No,No,No,No,1
CUST-005817,5,98.65,590.8,Month-to-month,Fiber optic,Yes,Yes,No,Yes,No,Yes,No,Electronic check,No,Yes,No,Yes,1
CUST-005818,52,77.94,4069.32,Month-to-month,Fiber optic,No,No,No,No,Yes,Yes,Yes,Electronic check,No,No,Yes,Yes,0
CUST-005819,45,75.33,3445.7,Month-to-month,DSL,Yes,Yes,No,Yes,No,Yes,No,Electronic check,Yes,No,Yes,No,1
CUST-005820,25,65.99,1794.27,Month-to-month,DSL,No,Yes,No,Yes,No,Yes,No,Electronic check,Yes,No,Yes,Yes,1
CUST-005821,52,125.66,6331.27,One year,Fiber optic,No,Yes,Yes,Yes,Yes,Yes,No,Bank transfer,Yes,No,Yes,No,0
CUST-005822,11,101.83,938.2,Month-to-month,Fiber optic,No,No,No,No,No,Yes,Yes,Mailed check,Yes,No,Yes,Yes,1
CUST-005823,60,82.26,4970.17,Month-to-month,DSL,Yes,Yes,Yes,No,Yes,No,No,Credit card,No,No,Yes,No,0
CUST-005824,54,110.53,6079.47,Month-to-month,Fiber optic,No,No,Yes,Yes,No,Yes,Yes,Electronic check,Yes,No,No,No,1
CUST-005825,47,33.33,1816.66,One year,No,No,No,No,No,No,Yes,No,Credit card,Yes,No,No,No,0
CUST-005826,48,97.34,4608.09,Month-to-month,DSL,Yes,Yes,Yes,Yes,Yes,Yes,Yes,Electronic check,Yes,Yes,No,No,0
CUST-005827,72,83.84,5856.66,Month-to-month,DSL,Yes,Yes,No,No,No,Yes,Yes,Bank transfer,No,Yes,Yes,Yes,0
CUST-005828,6,87.88,525.34,One year,Fiber optic,No,No,Yes,No,No,Yes,No,Electronic check,No,No,Yes,No,1
CUST-005829,56,107.86,5970.56,Month-to-month,Fiber optic,Yes,No,Yes,No,Yes,No,Yes,Credit card,No,No,Yes,No,0
CUST-005830,42,50.07,2033.04,Two year,No,No,Yes,Yes,No,No,Yes,Yes,Credit card,No,Yes,No,No,0
CUST-005831,36,67.43,2644.04,Two year,DSL,Yes,No,No,No,Yes,Yes,Yes,Mailed check,No,Yes,No,No,0
CUST-005832,34,86.89,3159.61,Two year,Fiber optic,No,No,No,No,Yes,Yes,No,Electronic check,Yes,No,No,No,0
CUST-005833,62,85.1,5288.66,Month-to-month,DSL,No,No,Yes,Yes,Yes,Yes,Yes,Credit card,No,No,No,No,1
CUST-005834,64,122.71,7731.21,One year,Fiber optic,Yes,Yes,Yes,Yes,Yes,Yes,Yes,Bank transfer,No,No,No,No,0
CUST-005835,15,92.53,1246.68,Month-to-month,Fiber optic,No,Yes,No,No,No,Yes,No,Bank transfer,Yes,No,Yes,No,1
CUST-005836,63,117.14,7586.5,Two year,Fiber optic,Yes,No,No,Yes,Yes,Yes,No,Credit card,Yes,No,No,No,0
CUST-005837,62,105.11,6406.54,Two year,Fiber optic,Yes,Yes,No,Yes,No,Yes,Yes,Credit card,Yes,No,Yes,Yes,0
CUST-005838,31,77.9,2253.52,One year,DSL,No,No,Yes,Yes,Yes,Yes,Yes,Bank transfer,Yes,No,No,No,0
CUST-005839,19,105.27,2170.48,One year,Fiber optic,No,No,No,Yes,Yes,Yes,Yes,Mailed check,Yes,No,Yes,No,0
CUST-005840,40,60.55,2320.68,Month-to-month,DSL,No,No,Yes,No,Yes,Yes,No,Electronic check,Yes,No,No,No,0
CUST-005841,62,106.69,6647.95,Month-to-month,Fiber optic,No,Yes,Yes,Yes,No,No,No,Bank transfer,Yes,No,Yes,Yes,0
CUST-005842,29,47.78,1275.79,Two year,No,No,Yes,Yes,Yes,No,Yes,Yes,Credit card,Yes,Yes,No,Yes,0
CUST-005843,56,122.2,6437.57,Two year,Fiber optic,Yes,No,Yes,Yes,Yes,Yes,Yes,Credit card,No,No,No,No,0
CUST-005844,15,103.83,1985.45,Month-to-month,Fiber optic,Yes,No,Yes,No,No,Yes,Yes,Credit card,No,No,No,No,1
CUST-005845,64,26.86,1678.56,One year,No,No,No,No,No,Yes,Yes,No,Mailed check,Yes,No,Yes,No,0
CUST-005846,52,104.45,5308.31,One year,Fiber optic,No,No,Yes,No,No,Yes,Yes,Mailed check,No,No,Yes,No,0
CUST-005847,33,117.22,3590.92,Month-to-month,Fiber optic,Yes,Yes,Yes,No,Yes,Yes,No,Mailed check,Yes,Yes,No,No,1
CUST-005848,49,43.82,1917.6,Month-to-month,DSL,No,No,Yes,No,No,Yes,Yes,Electronic check,No,No,No,No,0
CUST-005849,17,116.45,1980.87,Month-to-month,Fiber optic,Yes,Yes,No,No,Yes,Yes,No,Electronic check,Yes,No,No,Yes,1
CUST-005850,6,32.86,415.25,Two year,No,No,Yes,No,No,No,Yes,Yes,Bank transfer,Yes,No,No,No,0
CUST-005851,0,106.96,0.0,One year,Fiber optic,No,Yes,No,Yes,Yes,Yes,No,Electronic check,No,No,No,No,0
CUST-005852,59,99.67,5790.15,Month-to-month,Fiber optic,Yes,No,No,Yes,No,Yes,No,Credit card,Yes,Yes,No,No,1
CUST-005853,51,61.4,3284.23,Month-to-month,DSL,No,No,No,No,Yes,Yes,No,Electronic check,Yes,No,No,Yes,1
CUST-005854,66,63.75,4047.43,Month-to-month,DSL,No,No,No,No,No,No,Yes,Mailed check,Yes,No,Yes,No,0
CUST-005855,71,55.45,3699.46,One year,No,Yes,Yes,No,Yes,Yes,Yes,No,Credit card,Yes,No,No,No,0
CUST-005856,30,88.71,2701.25,Month-to-month,DSL,No,Yes,Yes,Yes,Yes,Yes,Yes,Electronic check,Yes,No,Yes,No,1
CUST-005857,13,140.71,1587.83,One year,Fiber optic,Yes,Yes,No,No,Yes,Yes,Yes,Electronic check,Yes,No,No,No,1
CUST-005858,23,70.44,1551.23,Two year,DSL,No,No,Yes,No,No,Yes,Yes,Credit card,Yes,No,Yes,No,0
CUST-005859,15,61.38,810.41,Two year,DSL,Yes,No,Yes,No,No,Yes,No,Bank transfer,Yes,No,Yes,Yes,0
CUST-005860,15,110.26,1749.62,Month-to-month,Fiber optic,Yes,No,Yes,Yes,Yes,Yes,No,Mailed check,Yes,No,Yes,No,1
CUST-005861,71,118.72,8727.05,Two year,Fiber optic,Yes,No,Yes,Yes,Yes,Yes,Yes,Bank transfer,No,No,Yes,No,0
CUST-005862,57,104.08,5713.12,Two year,Fiber optic,No,No,Yes,Yes,No,Yes,Yes,Mailed check,No,No,Yes,Yes,0
CUST-005863,28,96.1,2857.51,Month-to-month,Fiber optic,No,Yes,Yes,No,No,Yes,No,Mailed check,Yes,No,No,No,1
CUST-005864,14,60.98,736.55,Month-to-month,DSL,No,Yes,Yes,No,No,Yes,No,Mailed check,No,No,No,No,1
CUST-005865,57,54.89,3137.71,Month-to-month,No,No,No,Yes,Yes,Yes,Yes,No,Mailed check,Yes,Yes,Yes,No,1
CUST-005866,62,97.45,5980.31,Month-to-month,Fiber optic,No,No,Yes,No,No,Yes,No,Credit card,No,No,Yes,Yes,0
CUST-005867,62,69.97,4138.7,Month-to-month,DSL,Yes,No,Yes,No,No,Yes,Yes,Electronic check,Yes,No,No,Yes,0
CUST-005868,24,101.29,2814.16,One year,Fiber optic,No,Yes,No,Yes,Yes,Yes,No,Electronic check,Yes,No,No,No,0
CUST-005869,21,101.87,2048.19,Month-to-month,Fiber optic,No,Yes,No,No,No,Yes,No,Electronic check,No,No,Yes,No,1
CUST-005870,14,94.13,1271.77,Month-to-month,Fiber optic,No,No,Yes,No,No,Yes,Yes,Credit card,No,Yes,Yes,No,1
CUST-005871,17,112.32,1900.68,Month-to-month,Fiber optic,No,Yes,No,No,Yes,Yes,Yes,Electronic check,Yes,No,No,No,1
CUST-005872,72,53.15,3965.74,Month-to-month,No,No,Yes,Yes,No,No,Yes,No,Electronic check,No,Yes,No,Yes,0
CUST-005873,21,79.96,1675.37,Month-to-month,DSL,Yes,No,Yes,Yes,No,Yes,No,Electronic check,Yes,No,Yes,Yes,0
CUST-005874,62,108.8,6679.68,Two year,Fiber optic,No,No,Yes,Yes,Yes,Yes,Yes,Electronic check,Yes,No,No,Yes,0
CUST-005875,16,114.42,1895.7,Month-to-month,Fiber optic,No,No,Yes,Yes,Yes,Yes,Yes,Credit card,Yes,No,No,No,1
CUST-005876,25,103.19,2500.74,Two year,Fiber optic,No,Yes,No,No,Yes,Yes,Yes,Credit card,Yes,Yes,No,Yes,0
CUST-005877,29,61.02,2086.98,Month-to-month,DSL,No,No,No,No,No,Yes,No,Credit card,Yes,No,No,Yes,0
CUST-005878,16,100.67,1266.97,Two year,Fiber optic,Yes,Yes,No,No,Yes,Yes,No,Electronic check,No,No,No,No,1
CUST-005879,32,75.39,2176.73,Two year,DSL,No,No,No,Yes,No,Yes,Yes,Credit card,Yes,No,No,Yes,1
CUST-005880,49,51.2,2639.18,One year,No,Yes,Yes,No,Yes,No,Yes,No,Credit card,No,No,No,No,0
CUST-005881,41,40.02,1466.62,Two year,No,Yes,No,No,No,Yes,Yes,No,Credit card,Yes,No,Yes,No,0
CUST-005882,44,86.37,3823.31,Month-to-month,Fiber optic,No,No,No,No,Yes,Yes,Yes,Credit card,Yes,No,No,Yes,1
CUST-005883,51,70.5,3470.53,One year,DSL,Yes,No,No,No,No,Yes,Yes,Bank transfer,Yes,Yes,Yes,Yes,1
CUST-005884,60,100.53,6033.59,Month-to-month,Fiber optic,No,Yes,Yes,Yes,No,Yes,No,Bank transfer,No,No,No,No,1
CUST-005885,70,95.71,6489.57,Month-to-month,Fiber optic,Yes,Yes,No,Yes,No,No,No,Credit card,Yes,No,No,No,0
CUST-005886,44,67.59,2912.13,Month-to-month,DSL,No,Yes,No,No,No,Yes,No,Electronic check,Yes,No,Yes,No,1
CUST-005887,2,104.13,410.44,Month-to-month,Fiber optic,Yes,No,No,No,Yes,No,Yes,Bank transfer,Yes,No,No,No,1
CUST-005888,29,95.89,2651.6,One year,Fiber optic,No,No,Yes,No,Yes,Yes,No,Bank transfer,Yes,Yes,No,No,1
CUST-005889,24,96.61,2182.24,One year,Fiber optic,No,No,Yes,No,No,Yes,Yes,Credit card,Yes,Yes,No,No,0
CUST-005890,31,90.07,2651.86,Month-to-month,DSL,Yes,No,No,Yes,Yes,Yes,Yes,Credit card,Yes,No,Yes,No,1
CUST-005891,20,71.28,1350.22,One year,DSL,No,No,No,No,Yes,Yes,No,Electronic check,Yes,No,Yes,No,0
CUST-005892,22,87.58,2171.44,Two year,Fiber optic,No,No,No,No,No,Yes,No,Electronic check,No,Yes,Yes,No,1
CUST-005893,49,74.0,3481.43,One year,DSL,Yes,No,No,Yes,Yes,Yes,Yes,Mailed check,Yes,No,No,Yes,0
CUST-005894,16,35.7,806.89,Month-to-month,No,No,No,Yes,No,Yes,Yes,No,Credit card,No,No,Yes,No,1
CUST-005895,41,91.27,3829.91,Month-to-month,DSL,No,Yes,Yes,Yes,Yes,Yes,No,Mailed check,Yes,No,No,No,1
CUST-005896,25,106.22,2711.54,One year,DSL,No,No,Yes,Yes,No,Yes,Yes,Credit card,Yes,No,Yes,Yes,0
CUST-005897,52,65.02,3674.55,Month-to-month,DSL,No,No,Yes,No,No,Yes,Yes,Bank transfer,Yes,Yes,Yes,No,0
CUST-005898,50,58.84,2997.5,Month-to-month,No,No,Yes,No,No,No,Yes,Yes,Electronic check,No,No,Yes,No,1
CUST-005899,71,95.86,6467.43,Two year,Fiber optic,Yes,No,No,Yes,No,Yes,No,Bank transfer,No,Yes,Yes,Yes,0
CUST-005900,72,54.13,3860.05,Month-to-month,DSL,No,No,No,Yes,No,Yes,No,Bank transfer,Yes,No,No,Yes,0
CUST-005901,64,93.46,6085.45,One year,Fiber optic,No,Yes,No,No,Yes,Yes,No,Mailed check,No,Yes,No,No,0
CUST-005902,63,76.6,4784.6,Two year,DSL,No,Yes,Yes,No,No,Yes,No,Bank transfer,No,No,No,No,0
CUST-005903,23,56.53,1229.73,Month-to-month,DSL,No,No,No,Yes,No,Yes,Yes,Bank transfer,Yes,No,Yes,No,0
CUST-005904,15,87.55,1215.89,One year,DSL,Yes,No,No,Yes,No,Yes,No,Credit card,Yes,No,No,No,0
CUST-005905,4,120.01,525.14,Month-to-month,Fiber optic,No,Yes,Yes,No,Yes,Yes,Yes,Credit card,No,No,No,Yes,0
CUST-005906,57,42.6,2500.13,Month-to-month,DSL,No,No,Yes,No,No,Yes,No,Mailed check,Yes,No,No,No,1
CUST-005907,72,90.87,6365.7,One year,Fiber optic,No,No,No,Yes,No,Yes,No,Mailed check,Yes,No,No,No,0
CUST-005908,9,113.59,1243.95,Month-to-month,Fiber optic,Yes,No,No,No,Yes,Yes,Yes,Bank transfer,No,No,No,No,1
CUST-005909,1,53.22,318.89,Two year,No,No,Yes,No,Yes,Yes,Yes,Yes,Electronic check,Yes,No,No,Yes,0
CUST-005910,64,89.67,5818.75,Two year,DSL,No,Yes,Yes,Yes,No,Yes,Yes,Mailed check,Yes,No,No,Yes,0
CUST-005911,72,67.27,4948.05,Month-to-month,DSL,No,Yes,No,No,No,Yes,Yes,Mailed check,No,No,Yes,No,0
CUST-005912,19,104.05,1991.87,Month-to-month,Fiber optic,No,No,Yes,Yes,Yes,Yes,No,Electronic check,Yes,No,Yes,No,1
CUST-005913,4,74.97,484.56,One year,DSL,No,No,Yes,No,Yes,Yes,No,Electronic check,No,No,No,Yes,0
CUST-005914,35,55.28,1742.08,One year,DSL,No,No,No,No,No,Yes,No,Credit card,Yes,No,No,No,1
CUST-005915,34,69.3,2420.07,Month-to-month,DSL,No,Yes,No,No,Yes,Yes,No,Electronic check,Yes,No,No,Yes,1
CUST-005916,10,76.32,1059.4,Two year,DSL,No,Yes,Yes,No,No,Yes,No,Credit card,Yes,No,Yes,No,0
CUST-005917,45,65.57,2789.33,Month-to-month,No,No,Yes,No,Yes,Yes,Yes,No,Electronic check,No,No,No,No,0
CUST-005918,36,92.46,3147.82,One year,Fiber optic,No,No,Yes,No,No,Yes,No,Electronic check,Yes,No,Yes,No,1
CUST-005919,21,90.36,2225.96,Month-to-month,DSL,Yes,Yes,No,Yes,Yes,Yes,Yes,Bank transfer,No,No,No,No,0
CUST-005920,69,80.15,5428.98,Two year,DSL,Yes,No,No,No,Yes,Yes,No,Mailed check,Yes,No,No,Yes,0
CUST-005921,57,51.78,2766.35,Month-to-month,DSL,Yes,Yes,Yes,No,No,No,No,Electronic check,No,Yes,Yes,Yes,0
CUST-005922,63,88.85,5554.05,Month-to-month,DSL,Yes,No,Yes,Yes,No,Yes,No,Electronic check,No,No,Yes,No,1
CUST-005923,34,67.14,2068.51,Month-to-month,DSL,Yes,Yes,No,No,No,Yes,No,Credit card,Yes,Yes,Yes,Yes,0
CUST-005924,28,82.48,2112.71,One year,DSL,Yes,No,No,Yes,Yes,Yes,No,Bank transfer,No,No,Yes,No,0
CUST-005925,23,104.28,2376.9,Month-to-month,Fiber optic,No,No,No,Yes,No,Yes,Yes,Electronic check,Yes,No,No,No,1
CUST-005926,6,101.06,511.8,Two year,Fiber optic,No,Yes,No,No,Yes,Yes,No,Bank transfer,Yes,Yes,Yes,No,0
CUST-005927,65,147.26,9525.78,Two year,Fiber optic,No,Yes,Yes,Yes,Yes,Yes,Yes,Mailed check,Yes,No,Yes,No,0
CUST-005928,44,80.56,3368.35,Two year,Fiber optic,No,Yes,No,No,No,Yes,No,Mailed check,Yes,Yes,Yes,Yes,0
CUST-005929,34,79.33,2713.18,Month-to-month,DSL,No,No,Yes,Yes,No,No,Yes,Credit card,Yes,No,No,No,1
CUST-005930,52,102.56,5339.84,One year,Fiber optic,No,Yes,No,No,Yes,Yes,No,Electronic check,Yes,No,No,No,0
CUST-005931,15,58.8,793.03,Month-to-month,No,No,No,Yes,No,Yes,Yes,Yes,Credit card,Yes,No,Yes,No,0
CUST-005932,66,92.09,6058.55,Month-to-month,DSL,Yes,Yes,No,Yes,No,No,Yes,Electronic check,Yes,No,No,No,0
CUST-005933,65,91.22,5957.95,Month-to-month,DSL,No,No,Yes,Yes,Yes,Yes,No,Electronic check,Yes,No,No,No,0
CUST-005934,55,65.14,3453.67,Month-to-month,DSL,No,Yes,Yes,No,No,Yes,Yes,Electronic check,No,No,Yes,No,0
CUST-005935,10,80.34,801.02,Month-to-month,DSL,No,No,No,Yes,Yes,Yes,Yes,Bank transfer,Yes,No,No,Yes,1
CUST-005936,64,80.39,5187.89,Month-to-month,DSL,No,No,Yes,Yes,Yes,Yes,No,Electronic check,No,No,No,Yes,1
CUST-005937,22,72.11,1557.89,One year,DSL,No,No,No,Yes,No,Yes,Yes,Electronic check,No,Yes,Yes,Yes,0
CUST-005938,54,34.63,1951.67,Month-to-month,No,Yes,No,Yes,Yes,Yes,Yes,No,Mailed check,No,No,No,No,0
CUST-005939,25,97.29,2415.96,Two year,Fiber optic,No,Yes,Yes,No,No,Yes,No,Electronic check,Yes,No,No,Yes,0
CUST-005940,26,96.62,2418.25,Two year,Fiber optic,Yes,No,Yes,No,No,Yes,No,Electronic check,No,No,No,No,0
CUST-005941,39,115.8,4783.75,Two year,Fiber optic,No,Yes,No,Yes,No,Yes,Yes,Electronic check,No,No,Yes,No,0
CUST-005942,71,101.97,7216.66,Month-to-month,Fiber optic,No,Yes,No,No,No,Yes,Yes,Electronic check,Yes,No,No,No,0
CUST-005943,35,38.34,1523.72,Two year,No,No,Yes,No,Yes,No,Yes,Yes,Electronic check,Yes,No,No,Yes,0
CUST-005944,20,47.93,605.94,Month-to-month,No,Yes,No,No,No,Yes,No,No,Bank transfer,Yes,No,Yes,No,0
CUST-005945,71,97.81,6992.14,Two year,DSL,Yes,Yes,No,Yes,Yes,Yes,No,Electronic check,No,No,Yes,Yes,0
CUST-005946,34,18.0,523.37,One year,No,No,Yes,No,Yes,No,Yes,No,Mailed check,Yes,No,Yes,No,0
CUST-005947,45,59.87,2485.39,Month-to-month,DSL,No,No,No,No,No,Yes,No,Credit card,No,No,No,Yes,0
CUST-005948,45,116.44,5219.42,Month-to-month,Fiber optic,No,No,Yes,Yes,No,Yes,Yes,Electronic check,No,No,Yes,No,1
CUST-005949,60,74.57,4485.2,One year,No,Yes,Yes,No,Yes,Yes,Yes,Yes,Electronic check,Yes,No,No,No,0
CUST-005950,44,53.82,2481.55,Month-to-month,DSL,Yes,No,No,No,No,No,No,Electronic check,No,No,Yes,No,1
CUST-005951,8,75.01,764.85,Two year,DSL,No,No,Yes,No,Yes,Yes,No,Credit card,Yes,No,No,No,0
CUST-005952,49,92.94,4691.09,One year,DSL,No,No,No,Yes,Yes,Yes,No,Bank transfer,No,No,No,No,0
CUST-005953,26,98.56,2903.9,Two year,Fiber optic,No,Yes,No,Yes,Yes,Yes,No,Electronic check,Yes,No,Yes,Yes,0
CUST-005954,41,37.51,1735.59,One year,No,No,No,No,Yes,Yes,Yes,No,Electronic check,Yes,No,Yes,Yes,0
CUST-005955,13,55.83,1113.94,Two year,No,No,No,No,No,Yes,Yes,Yes,Electronic check,No,No,Yes,No,0
CUST-005956,9,87.02,453.79,One year,DSL,No,No,Yes,Yes,Yes,Yes,Yes,Credit card,Yes,Yes,No,No,0
CUST-005957,30,85.99,2508.31,Two year,Fiber optic,No,No,No,Yes,No,Yes,Yes,Electronic check,No,No,Yes,No,1
CUST-005958,59,59.85,3480.38,Month-to-month,No,No,No,Yes,Yes,No,Yes,Yes,Bank transfer,Yes,No,Yes,No,1
CUST-005959,65,102.4,6503.57,Month-to-month,Fiber optic,Yes,No,No,Yes,No,Yes,No,Electronic check,Yes,No,Yes,Yes,1
CUST-005960,51,105.16,5540.92,Month-to-month,Fiber optic,No,No,Yes,Yes,Yes,Yes,No,Electronic check,Yes,No,Yes,Yes,1
CUST-005961,16,94.36,1514.17,Month-to-month,Fiber optic,No,No,No,Yes,No,No,No,Electronic check,Yes,No,Yes,No,1
CUST-005962,10,60.87,882.37,Month-to-month,DSL,No,No,Yes,No,Yes,Yes,No,Electronic check,Yes,No,Yes,No,1
CUST-005963,16,94.45,1618.38,Month-to-month,DSL,Yes,No,Yes,Yes,No,Yes,No,Mailed check,Yes,No,Yes,No,1
CUST-005964,47,126.7,5684.73,One year,Fiber optic,Yes,No,Yes,Yes,Yes,Yes,No,Mailed check,No,No,No,No,1
CUST-005965,54,29.22,1808.34,Month-to-month,No,No,Yes,No,No,No,Yes,Yes,Credit card,Yes,No,No,No,0
CUST-005966,16,96.3,1567.55,Month-to-month,DSL,Yes,Yes,Yes,No,Yes,Yes,Yes,Credit card,No,No,Yes,Yes,0
CUST-005967,9,105.4,1239.83,Two year,Fiber optic,No,No,No,No,Yes,Yes,Yes,Bank transfer,Yes,No,Yes,Yes,1
CUST-005968,37,123.36,4557.35,One year,Fiber optic,No,Yes,No,Yes,Yes,Yes,No,Electronic check,Yes,No,No,No,0
CUST-005969,44,54.33,2391.44,Month-to-month,DSL,No,No,Yes,No,Yes,No,Yes,Credit card,No,Yes,Yes,Yes,0
CUST-005970,33,107.7,3422.25,Month-to-month,Fiber optic,Yes,No,Yes,No,Yes,Yes,Yes,Electronic check,Yes,No,Yes,No,1
CUST-005971,61,80.72,4862.86,One year,DSL,Yes,No,Yes,Yes,No,Yes,No,Mailed check,Yes,No,No,Yes,0
CUST-005972,13,120.5,1749.48,One year,Fiber optic,No,Yes,Yes,Yes,Yes,Yes,No,Electronic check,Yes,No,No,No,0
CUST-005973,57,88.33,4894.5,Month-to-month,DSL,No,Yes,No,Yes,No,Yes,No,Bank transfer,Yes,Yes,Yes,Yes,0
CUST-005974,29,118.67,3333.65,One year,Fiber optic,Yes,Yes,Yes,Yes,No,Yes,Yes,Electronic check,Yes,No,No,Yes,0
CUST-005975,25,88.89,2455.14,One year,DSL,No,Yes,No,Yes,Yes,Yes,Yes,Electronic check,Yes,No,Yes,No,1
CUST-005976,21,34.54,1113.8,Two year,No,No,No,Yes,No,No,Yes,No,Bank transfer,Yes,No,No,Yes,0
CUST-005977,31,93.7,2867.71,Month-to-month,Fiber optic,No,No,Yes,No,No,Yes,No,Electronic check,Yes,No,No,Yes,1
CUST-005978,54,129.84,7321.3,Month-to-month,Fiber optic,Yes,Yes,Yes,No,Yes,Yes,Yes,Electronic check,Yes,No,Yes,No,0
CUST-005979,66,67.8,4525.57,Month-to-month,DSL,No,No,No,Yes,No,Yes,No,Mailed check,No,No,No,Yes,0
CUST-005980,3,48.94,0.0,Month-to-month,No,No,Yes,No,Yes,No,Yes,No,Credit card,Yes,No,No,Yes,0
CUST-005981,48,69.81,3114.7,Month-to-month,DSL,Yes,Yes,No,No,Yes,Yes,No,Credit card,Yes,No,Yes,Yes,1
CUST-005982,23,58.14,1445.17,One year,DSL,Yes,No,No,Yes,No,Yes,Yes,Credit card,Yes,No,Yes,No,0
CUST-005983,38,118.36,4612.37,Two year,Fiber optic,Yes,Yes,Yes,No,No,Yes,Yes,Electronic check,Yes,No,Yes,Yes,0
CUST-005984,2,80.86,0.0,Month-to-month,DSL,No,Yes,No,Yes,No,Yes,Yes,Credit card,Yes,No,Yes,No,0
CUST-005985,7,78.78,633.11,Two year,DSL,Yes,Yes,No,No,No,Yes,No,Electronic check,Yes,No,Yes,Yes,0
CUST-005986,46,61.27,2965.29,One year,DSL,No,No,Yes,No,No,Yes,No,Electronic check,No,No,No,No,0
CUST-005987,6,85.41,453.32,One year,DSL,Yes,No,No,Yes,No,Yes,Yes,Electronic check,Yes,Yes,No,No,1
CUST-005988,67,74.29,5238.87,Month-to-month,DSL,Yes,No,No,Yes,Yes,Yes,No,Electronic check,Yes,No,No,Yes,0
CUST-005989,48,97.36,4580.34,One year,Fiber optic,Yes,No,Yes,Yes,No,Yes,No,Electronic check,No,No,No,No,0
CUST-005990,39,87.39,3440.05,Month-to-month,Fiber optic,No,No,Yes,No,Yes,Yes,No,Electronic check,No,No,No,Yes,1
CUST-005991,64,120.16,7763.98,Two year,Fiber optic,Yes,Yes,Yes,Yes,Yes,Yes,No,Bank transfer,No,No,Yes,No,0
CUST-005992,67,73.21,4853.4,One year,DSL,No,Yes,Yes,No,Yes,Yes,No,Electronic check,No,No,No,No,0
CUST-005993,50,93.99,4954.75,Month-to-month,Fiber optic,No,No,No,No,No,Yes,No,Bank transfer,No,No,Yes,No,1
CUST-005994,44,52.32,2523.52,One year,No,Yes,No,No,No,No,Yes,Yes,Bank transfer,No,No,Yes,Yes,0
CUST-005995,22,99.08,2113.54,Two year,DSL,Yes,Yes,No,No,Yes,Yes,No,Mailed check,Yes,No,No,No,0
CUST-005996,60,117.93,7219.61,One year,Fiber optic,Yes,Yes,No,Yes,Yes,Yes,Yes,Credit card,Yes,No,Yes,No,0
CUST-005997,7,58.87,219.88,Month-to-month,No,Yes,No,No,Yes,Yes,Yes,Yes,Electronic check,No,No,Yes,Yes,1
CUST-005998,36,98.9,3599.09,Month-to-month,Fiber optic,Yes,No,No,No,Yes,Yes,Yes,Electronic check,Yes,No,Yes,No,1
CUST-005999,44,104.32,4449.37,Two year,Fiber optic,No,Yes,Yes,No,No,Yes,Yes,Electronic check,Yes,Yes,No,No,0
CUST-006000,63,71.38,4539.19,Two year,DSL,No,No,Yes,No,No,Yes,Yes,Mailed check,No,No,No,Yes,0
CUST-006001,31,79.11,2531.7,One year,No,Yes,Yes,Yes,Yes,Yes,Yes,Yes,Electronic check,Yes,No,Yes,No,1
CUST-006002,7,113.12,729.95,Month-to-month,Fiber optic,Yes,Yes,No,Yes,Yes,Yes,Yes,Credit card,Yes,No,Yes,No,1
CUST-006003,10,38.24,367.18,Month-to-month,No,No,Yes,No,No,No,Yes,No,Electronic check,Yes,No,No,No,0
CUST-006004,35,102.65,3564.16,Month-to-month,Fiber optic,Yes,Yes,Yes,Yes,No,Yes,Yes,Electronic check,No,No,No,Yes,1
CUST-006005,36,89.84,3350.87,Two year,Fiber optic,No,No,Yes,No,No,Yes,Yes,Bank transfer,Yes,No,No,No,0
CUST-006006,21,74.96,1367.42,Month-to-month,DSL,Yes,No,No,Yes,Yes,Yes,Yes,Mailed check,Yes,No,No,No,0
CUST-006007,5,126.85,690.95,Two year,Fiber optic,Yes,Yes,No,Yes,Yes,Yes,Yes,Credit card,No,No,Yes,No,0
CUST-006008,18,60.94,739.47,Month-to-month,No,Yes,Yes,No,Yes,Yes,Yes,Yes,Mailed check,No,No,Yes,No,0
CUST-006009,51,68.42,3448.34,Month-to-month,DSL,Yes,No,Yes,Yes,No,Yes,No,Bank transfer,Yes,No,Yes,No,0
CUST-006010,42,75.07,3220.35,Two year,DSL,No,Yes,Yes,No,No,Yes,Yes,Electronic check,Yes,No,No,No,0
CUST-006011,13,119.07,1400.39,Month-to-month,Fiber optic,Yes,No,Yes,Yes,Yes,Yes,Yes,Mailed check,Yes,Yes,No,No,1
CUST-006012,8,58.94,501.36,Month-to-month,No,Yes,No,No,No,Yes,Yes,No,Bank transfer,No,Yes,No,No,0
CUST-006013,68,58.45,4138.06,Month-to-month,No,No,Yes,No,Yes,Yes,Yes,No,Electronic check,Yes,No,Yes,No,0
CUST-006014,66,50.87,3567.48,Month-to-month,No,No,No,No,No,No,Yes,Yes,Mailed check,No,No,Yes,No,0
CUST-006015,40,120.08,4755.69,One year,Fiber optic,Yes,No,No,Yes,No,Yes,Yes,Bank transfer,Yes,No,No,No,0
CUST-006016,23,102.5,2361.52,One year,DSL,Yes,Yes,Yes,Yes,No,No,Yes,Electronic check,No,Yes,No,No,0
CUST-006017,49,107.07,5192.64,Two year,Fiber optic,No,No,No,Yes,No,Yes,Yes,Bank transfer,Yes,No,Yes,No,0
CUST-006018,5,95.71,553.23,Month-to-month,DSL,No,No,Yes,Yes,Yes,No,Yes,Mailed check,Yes,Yes,No,Yes,1
CUST-006019,22,57.8,1492.51,Month-to-month,No,No,Yes,No,Yes,No,Yes,No,Bank transfer,Yes,No,Yes,Yes,1
CUST-006020,17,68.66,1274.16,Two year,DSL,No,Yes,No,No,No,Yes,No,Electronic check,No,Yes,Yes,No,0
CUST-006021,26,62.53,1491.6,One year,DSL,Yes,No,Yes,Yes,No,Yes,Yes,Bank transfer,Yes,Yes,No,Yes,1
CUST-006022,26,60.62,1627.59,One year,No,No,No,No,Yes,Yes,Yes,No,Mailed check,Yes,No,No,Yes,0
CUST-006023,72,115.95,8602.25,Month-to-month,Fiber optic,No,Yes,No,No,Yes,Yes,Yes,Electronic check,Yes,No,No,No,1
CUST-006024,29,115.88,3324.88,One year,Fiber optic,No,Yes,No,No,Yes,Yes,Yes,Electronic check,Yes,No,Yes,No,0
CUST-006025,41,68.88,2900.4,Month-to-month,DSL,No,No,No,Yes,No,Yes,No,Mailed check,Yes,No,No,No,1
CUST-006026,0,127.46,261.77,One year,Fiber optic,Yes,No,No,No,Yes,Yes,No,Bank transfer,No,No,Yes,No,1
CUST-006027,3,89.72,248.81,One year,Fiber optic,No,No,Yes,No,No,Yes,No,Electronic check,Yes,No,Yes,No,1
CUST-006028,13,56.6,814.58,Two year,No,No,No,Yes,Yes,Yes,Yes,Yes,Electronic check,No,No,Yes,No,0
CUST-006029,29,78.58,2084.5,Two year,DSL,Yes,No,Yes,No,Yes,Yes,No,Mailed check,No,No,No,No,0
CUST-006030,39,130.66,5276.15,Month-to-month,Fiber optic,No,No,Yes,Yes,Yes,Yes,Yes,Credit card,No,No,Yes,No,1
CUST-006031,65,64.95,4326.95,One year,No,Yes,Yes,No,Yes,Yes,Yes,No,Credit card,Yes,No,Yes,Yes,0
CUST-006032,19,75.25,1669.55,Month-to-month,DSL,Yes,Yes,No,Yes,No,Yes,No,Bank transfer,Yes,No,Yes,No,0
CUST-006033,45,79.67,3579.23,Month-to-month,DSL,No,No,No,Yes,Yes,Yes,Yes,Electronic check,Yes,No,No,No,0
CUST-006034,26,88.64,2347.94,One year,Fiber optic,Yes,Yes,Yes,No,No,Yes,No,Credit card,Yes,Yes,Yes,Yes,0
CUST-006035,36,82.06,2753.18,Month-to-month,DSL,No,No,No,No,Yes,Yes,Yes,Bank transfer,No,No,No,No,1
CUST-006036,49,102.54,4980.76,One year,Fiber optic,No,No,No,Yes,No,Yes,No,Electronic check,No,Yes,Yes,Yes,0
CUST-006037,63,84.45,5263.58,One year,Fiber optic,No,No,No,No,Yes,Yes,No,Electronic check,No,No,No,No,0
CUST-006038,54,58.25,3118.32,Month-to-month,No,No,Yes,Yes,Yes,Yes,No,No,Bank transfer,Yes,No,No,Yes,1
CUST-006039,17,90.9,1622.5,Month-to-month,DSL,No,Yes,No,No,No,Yes,No,Electronic check,Yes,Yes,No,No,1
CUST-006040,39,83.23,3357.01,Month-to-month,DSL,Yes,No,Yes,Yes,No,Yes,No,Electronic check,No,No,No,Yes,0
CUST-006041,26,99.32,2305.67,Month-to-month,Fiber optic,No,Yes,No,No,Yes,Yes,No,Credit card,Yes,Yes,No,No,1
CUST-006042,30,46.5,1568.45,One year,No,No,No,No,No,No,Yes,Yes,Electronic check,Yes,No,Yes,No,0
CUST-006043,57,66.67,3915.82,Month-to-month,DSL,Yes,Yes,Yes,No,Yes,No,Yes,Mailed check,Yes,Yes,No,Yes,1
CUST-006044,31,121.11,3985.54,Two year,Fiber optic,No,No,Yes,Yes,Yes,Yes,Yes,Bank transfer,Yes,No,No,No,1
CUST-006045,32,45.63,1811.44,Month-to-month,No,Yes,Yes,Yes,No,No,Yes,Yes,Electronic check,Yes,No,Yes,No,1
CUST-006046,21,109.39,2355.18,Month-to-month,Fiber optic,No,No,Yes,Yes,No,Yes,Yes,Bank transfer,No,No,No,Yes,1
CUST-006047,30,114.01,3409.1,Two year,Fiber optic,No,Yes,No,Yes,Yes,Yes,No,Credit card,Yes,No,No,Yes,1
CUST-006048,72,90.26,6556.23,Month-to-month,DSL,Yes,Yes,No,Yes,No,Yes,No,Electronic check,Yes,No,Yes,No,0
CUST-006049,25,107.57,2539.51,Month-to-month,Fiber optic,No,Yes,Yes,Yes,Yes,No,No,Credit card,Yes,Yes,Yes,Yes,1
CUST-006050,9,110.57,846.95,Month-to-month,Fiber optic,No,Yes,No,No,Yes,Yes,Yes,Bank transfer,Yes,No,No,Yes,0
CUST-006051,0,79.42,180.78,One year,DSL,No,No,Yes,Yes,No,Yes,Yes,Mailed check,Yes,Yes,Yes,No,0
CUST-006052,58,61.48,3680.0,Month-to-month,DSL,No,No,No,No,No,Yes,No,Electronic check,Yes,Yes,No,Yes,1
CUST-006053,9,51.71,566.29,Two year,DSL,No,Yes,Yes,No,No,Yes,No,Credit card,Yes,No,No,No,0
CUST-006054,21,84.41,1915.69,Month-to-month,DSL,No,No,Yes,Yes,No,No,No,Electronic check,No,No,Yes,Yes,1
CUST-006055,5,63.86,347.25,Month-to-month,DSL,Yes,No,Yes,Yes,No,Yes,No,Electronic check,Yes,No,No,Yes,1
CUST-006056,62,94.45,6052.56,Two year,Fiber optic,Yes,No,Yes,No,No,Yes,No,Credit card,Yes,No,Yes,No,0
CUST-006057,6,100.29,606.24,One year,Fiber optic,Yes,No,No,No,No,Yes,No,Credit card,No,Yes,Yes,Yes,1
CUST-006058,68,101.74,7100.08,One year,Fiber optic,Yes,No,Yes,Yes,Yes,No,No,Bank transfer,No,No,Yes,No,0
CUST-006059,46,109.2,5011.87,Month-to-month,Fiber optic,Yes,No,Yes,Yes,Yes,Yes,No,Electronic check,No,No,No,Yes,1
CUST-006060,45,87.34,4013.65,Month-to-month,DSL,Yes,Yes,Yes,Yes,No,Yes,Yes,Credit card,Yes,No,Yes,Yes,0
CUST-006061,29,59.06,1809.37,Month-to-month,No,No,Yes,Yes,No,No,Yes,Yes,Credit card,Yes,No,Yes,Yes,0
CUST-006062,61,46.79,2869.4,Month-to-month,No,No,Yes,No,No,Yes,Yes,Yes,Bank transfer,Yes,No,No,No,0
CUST-006063,10,61.65,630.23,Two year,No,Yes,No,Yes,Yes,Yes,Yes,Yes,Mailed check,Yes,No,No,No,0
CUST-006064,62,85.18,5111.46,Month-to-month,DSL,No,Yes,No,Yes,Yes,No,No,Mailed check,Yes,No,No,Yes,1
CUST-006065,72,88.46,6719.09,Two year,DSL,Yes,Yes,Yes,Yes,No,Yes,Yes,Bank transfer,No,No,Yes,Yes,0
CUST-006066,23,106.71,2449.6,Month-to-month,Fiber optic,No,Yes,Yes,No,No,Yes,No,Bank transfer,Yes,No,Yes,No,1
CUST-006067,46,104.39,5080.25,Month-to-month,Fiber optic,Yes,No,Yes,No,No,Yes,No,Electronic check,No,No,No,Yes,1
CUST-006068,6,66.61,256.87,Month-to-month,DSL,No,Yes,Yes,No,Yes,Yes,No,Mailed check,Yes,No,No,Yes,1
CUST-006069,13,138.71,1785.38,Month-to-month,Fiber optic,Yes,Yes,Yes,No,Yes,Yes,Yes,Bank transfer,Yes,No,No,Yes,0
CUST-006070,70,104.99,7100.02,Two year,Fiber optic,Yes,No,Yes,No,Yes,Yes,No,Bank transfer,No,No,Yes,No,0
CUST-006071,37,114.73,4335.14,Month-to-month,Fiber optic,Yes,Yes,No,Yes,Yes,Yes,Yes,Electronic check,No,Yes,Yes,No,1
CUST-006072,53,99.53,5184.94,Month-to-month,Fiber optic,No,No,Yes,No,No,Yes,No,Electronic check,No,No,No,No,0
CUST-006073,39,69.9,2330.73,Two year,DSL,Yes,No,No,Yes,No,Yes,No,Electronic check,No,No,No,No,0
CUST-006074,63,87.24,5270.39,One year,Fiber optic,Yes,No,No,No,No,Yes,Yes,Electronic check,No,No,No,No,0
CUST-006075,22,54.91,1072.66,One year,DSL,No,Yes,No,No,No,Yes,No,Electronic check,No,No,No,No,1
CUST-006076,0,32.5,232.68,Month-to-month,No,No,No,Yes,No,Yes,Yes,Yes,Mailed check,Yes,No,Yes,No,1
CUST-006077,51,78.42,4125.21,Month-to-month,DSL,No,Yes,Yes,No,No,Yes,Yes,Bank transfer,No,No,No,No,0
CUST-006078,56,119.71,6520.95,Two year,Fiber optic,Yes,No,Yes,Yes,Yes,Yes,No,Credit card,Yes,No,No,Yes,0
CUST-006079,60,78.92,4643.43,Month-to-month,DSL,No,Yes,Yes,No,No,Yes,Yes,Electronic check,Yes,No,No,No,1
CUST-006080,56,88.6,5018.93,Month-to-month,Fiber optic,No,No,Yes,No,No,Yes,Yes,Credit card,Yes,No,No,Yes,1
CUST-006081,4,68.82,244.91,Month-to-month,DSL,No,Yes,No,Yes,No,No,No,Bank transfer,No,Yes,Yes,No,1
CUST-006082,54,36.47,1861.92,Two year,No,No,No,No,No,Yes,Yes,Yes,Mailed check,Yes,No,No,Yes,0
CUST-006083,49,75.64,3678.96,Month-to-month,DSL,Yes,No,Yes,Yes,No,Yes,Yes,Mailed check,No,Yes,Yes,No,0
CUST-006084,72,105.28,7684.23,Month-to-month,Fiber optic,Yes,No,Yes,No,No,Yes,Yes,Electronic check,Yes,No,Yes,Yes,0
CUST-006085,27,60.79,1628.89,One year,No,Yes,Yes,No,Yes,Yes,No,Yes,Credit card,Yes,No,Yes,Yes,0
CUST-006086,67,107.51,7043.03,Month-to-month,Fiber optic,No,No,No,Yes,No,Yes,No,Bank transfer,Yes,No,Yes,No,1
CUST-006087,37,49.95,2027.43,Month-to-month,No,No,No,Yes,Yes,No,Yes,Yes,Credit card,No,No,No,No,0
CUST-006088,64,41.1,2459.18,Two year,No,No,No,No,No,Yes,Yes,No,Mailed check,No,No,Yes,No,0
CUST-006089,33,48.89,1428.94,One year,No,No,No,No,Yes,Yes,No,No,Electronic check,No,No,Yes,No,0
CUST-006090,26,103.91,2849.1,Month-to-month,Fiber optic,Yes,No,No,Yes,No,Yes,No,Bank transfer,Yes,Yes,No,No,1
CUST-006091,52,51.58,2695.3,One year,DSL,No,Yes,No,No,No,Yes,No,Bank transfer,Yes,Yes,Yes,No,0
CUST-006092,12,57.07,621.86,Month-to-month,DSL,No,No,No,No,No,Yes,No,Electronic check,No,No,Yes,No,1
CUST-006093,40,108.6,4289.71,Month-to-month,Fiber optic,No,No,Yes,Yes,No,Yes,Yes,Mailed check,Yes,No,No,No,1
CUST-006094,32,101.58,3109.79,One year,Fiber optic,No,No,No,Yes,No,Yes,Yes,Mailed check,No,No,No,Yes,0
CUST-006095,54,77.56,4293.4,Month-to-month,DSL,No,No,No,No,No,Yes,No,Bank transfer,No,No,Yes,No,1
CUST-006096,1,46.07,0.0,Two year,No,No,No,Yes,Yes,Yes,Yes,Yes,Electronic check,Yes,Yes,No,No,1
CUST-006097,61,95.32,5809.07,One year,Fiber optic,No,Yes,No,No,Yes,Yes,No,Bank transfer,Yes,No,No,No,0
CUST-006098,44,115.24,5061.52,Month-to-month,Fiber optic,No,No,Yes,Yes,Yes,Yes,Yes,Credit card,Yes,No,Yes,Yes,1
CUST-006099,53,82.88,4367.47,Month-to-month,DSL,Yes,No,Yes,No,Yes,Yes,No,Bank transfer,Yes,No,Yes,No,1
CUST-006100,24,118.96,2861.21,One year,Fiber optic,Yes,No,No,No,Yes,Yes,No,Electronic check,Yes,No,Yes,No,1
CUST-006101,16,99.82,1782.22,One year,Fiber optic,No,No,Yes,Yes,No,Yes,No,Bank transfer,No,No,No,No,0
CUST-006102,0,36.42,178.75,Two year,No,No,No,No,No,No,Yes,No,Bank transfer,Yes,No,No,Yes,0
CUST-006103,67,81.47,5525.96,Two year,DSL,No,Yes,Yes,No,Yes,Yes,Yes,Bank transfer,Yes,No,No,No,0
CUST-006104,68,62.43,4316.45,One year,No,No,No,No,No,Yes,Yes,Yes,Credit card,Yes,No,Yes,No,0
CUST-006105,7,54.0,513.06,Month-to-month,No,No,No,No,No,Yes,No,Yes,Mailed check,No,No,No,No,1
CUST-006106,30,73.2,2137.78,Month-to-month,Fiber optic,No,Yes,No,No,No,Yes,No,Electronic check,No,No,No,No,1
CUST-006107,66,101.29,6482.5,Month-to-month,Fiber optic,No,No,Yes,Yes,Yes,Yes,No,Bank transfer,Yes,No,No,No,1
CUST-006108,62,91.95,5903.37,Two year,Fiber optic,No,No,Yes,No,No,Yes,No,Bank transfer,No,No,Yes,No,0
CUST-006109,40,125.5,5222.37,Month-to-month,Fiber optic,Yes,No,Yes,Yes,Yes,Yes,No,Mailed check,Yes,No,No,Yes,1
CUST-006110,40,93.89,3831.83,One year,Fiber optic,Yes,No,No,No,No,Yes,No,Bank transfer,Yes,No,No,No,0
CUST-006111,6,110.37,718.86,Month-to-month,Fiber optic,Yes,No,Yes,Yes,No,No,Yes,Bank transfer,Yes,No,No,No,0
CUST-006112,27,68.2,1934.4,One year,DSL,No,No,No,Yes,No,Yes,Yes,Credit card,No,No,No,No,0
CUST-006113,12,36.17,408.63,Month-to-month,No,No,Yes,No,No,No,Yes,Yes,Electronic check,Yes,No,No,Yes,0
CUST-006114,15,70.26,956.55,Two year,DSL,No,Yes,No,No,Yes,Yes,No,Mailed check,Yes,No,No,Yes,0
CUST-006115,16,80.37,1380.57,Two year,DSL,No,Yes,No,Yes,No,Yes,No,Electronic check,Yes,No,Yes,No,0
CUST-006116,52,63.34,3312.74,Month-to-month,No,No,Yes,No,Yes,Yes,Yes,No,Bank transfer,Yes,Yes,No,Yes,1
CUST-006117,11,111.24,1022.02,Month-to-month,Fiber optic,Yes,No,Yes,Yes,Yes,Yes,No,Bank transfer,No,No,No,No,1
CUST-006118,14,88.63,1334.16,Month-to-month,No,Yes,No,No,Yes,Yes,Yes,Yes,Electronic check,Yes,No,Yes,Yes,1
CUST-006119,20,76.22,1462.63,Two year,DSL,No,No,No,No,Yes,Yes,Yes,Credit card,Yes,No,No,No,0
CUST-006120,68,110.02,7516.89,Month-to-month,Fiber optic,Yes,Yes,No,No,Yes,Yes,Yes,Credit card,No,Yes,No,No,0
CUST-006121,36,97.82,3445.86,Month-to-month,DSL,No,Yes,Yes,Yes,Yes,Yes,No,Mailed check,Yes,No,No,No,1
CUST-006122,60,97.37,5865.53,One year,DSL,Yes,No,Yes,Yes,Yes,Yes,No,Electronic check,No,No,Yes,No,0
CUST-006123,40,35.96,1373.18,One year,No,No,Yes,No,No,No,Yes,No,Credit card,No,No,Yes,Yes,0
CUST-006124,39,72.51,2929.55,One year,DSL,No,No,Yes,No,Yes,Yes,Yes,Credit card,No,No,No,No,0
CUST-006125,17,94.58,1756.37,One year,Fiber optic,Yes,Yes,Yes,No,No,Yes,No,Electronic check,No,No,No,No,0
CUST-006126,53,116.69,6215.85,One year,Fiber optic,No,Yes,Yes,Yes,No,Yes,Yes,Electronic check,No,No,Yes,No,0
CUST-006127,69,81.98,5735.04,Month-to-month,DSL,Yes,No,No,Yes,Yes,Yes,Yes,Credit card,Yes,No,Yes,Yes,0
CUST-006128,16,52.76,730.81,Month-to-month,No,No,No,Yes,Yes,Yes,Yes,No,Electronic check,No,No,Yes,No,1
CUST-006129,8,110.23,1037.06,One year,Fiber optic,Yes,No,No,No,No,Yes,Yes,Credit card,Yes,No,Yes,No,1
CUST-006130,35,118.05,4279.36,Month-to-month,Fiber optic,No,Yes,Yes,No,Yes,Yes,No,Mailed check,Yes,No,No,No,1
CUST-006131,67,95.91,6421.08,Two year,Fiber optic,No,Yes,Yes,No,No,Yes,No,Credit card,No,No,No,No,0
CUST-006132,54,77.13,4047.03,One year,DSL,Yes,No,Yes,Yes,No,Yes,No,Credit card,Yes,Yes,Yes,No,0
CUST-006133,68,120.27,7900.26,Month-to-month,Fiber optic,Yes,No,No,Yes,No,Yes,Yes,Bank transfer,Yes,No,Yes,No,0
CUST-006134,19,104.72,2096.88,Two year,Fiber optic,Yes,Yes,No,Yes,No,Yes,No,Electronic check,Yes,Yes,No,No,0
CUST-006135,41,120.17,4964.16,Month-to-month,Fiber optic,No,Yes,Yes,Yes,Yes,Yes,Yes,Electronic check,Yes,No,Yes,No,1
CUST-006136,28,82.08,2213.83,One year,DSL,Yes,Yes,No,No,No,Yes,Yes,Electronic check,Yes,No,No,Yes,0
CUST-006137,48,102.25,5105.46,Month-to-month,Fiber optic,No,No,Yes,No,Yes,Yes,Yes,Credit card,Yes,No,No,Yes,1
CUST-006138,69,98.9,6727.94,Month-to-month,DSL,Yes,Yes,No,Yes,Yes,Yes,No,Mailed check,No,No,Yes,No,0
CUST-006139,55,44.04,2587.62,Month-to-month,No,No,No,Yes,No,Yes,Yes,No,Credit card,No,Yes,No,Yes,0
CUST-006140,31,40.86,1166.45,Month-to-month,No,No,No,Yes,No,Yes,Yes,Yes,Mailed check,Yes,No,Yes,No,1
CUST-006141,8,93.63,992.26,Month-to-month,DSL,No,No,Yes,Yes,Yes,Yes,Yes,Electronic check,Yes,No,No,No,1
CUST-006142,8,115.35,802.7,Two year,Fiber optic,Yes,No,No,No,Yes,Yes,Yes,Electronic check,Yes,No,No,Yes,1
CUST-006143,29,110.58,3133.73,Month-to-month,Fiber optic,Yes,No,No,Yes,Yes,No,No,Mailed check,Yes,No,Yes,No,1
CUST-006144,24,83.57,2061.0,Month-to-month,Fiber optic,No,No,No,No,Yes,Yes,No,Mailed check,Yes,No,No,Yes,1
CUST-006145,65,47.88,3186.49,One year,No,No,No,No,Yes,No,Yes,Yes,Credit card,Yes,No,No,No,0
CUST-006146,15,78.74,1338.69,One year,DSL,Yes,Yes,No,No,No,Yes,Yes,Bank transfer,No,No,Yes,No,0
CUST-006147,5,73.2,401.85,Month-to-month,DSL,No,No,No,Yes,No,Yes,Yes,Bank transfer,No,No,Yes,No,1
CUST-006148,0,94.81,280.67,Two year,Fiber optic,No,Yes,No,No,Yes,No,No,Electronic check,Yes,Yes,No,No,1
CUST-006149,63,99.51,6431.15,Month-to-month,Fiber optic,No,No,No,Yes,No,Yes,No,Credit card,Yes,No,No,No,1
CUST-006150,70,31.55,2667.58,Month-to-month,No,No,No,No,No,Yes,Yes,No,Mailed check,No,No,No,No,0
CUST-006151,16,37.71,429.89,Two year,No,Yes,Yes,Yes,No,No,Yes,Yes,Bank transfer,Yes,No,No,No,0
CUST-006152,30,55.84,1386.81,One year,No,Yes,Yes,No,No,No,Yes,Yes,Credit card,Yes,No,Yes,Yes,0
CUST-006153,19,76.45,1335.72,One year,DSL,Yes,No,No,Yes,Yes,Yes,No,Electronic check,Yes,No,Yes,No,0
CUST-006154,33,81.45,2520.59,Month-to-month,DSL,Yes,Yes,No,Yes,No,Yes,Yes,Mailed check,Yes,No,No,Yes,0
CUST-006155,1,87.53,0.0,Two year,Fiber optic,No,No,No,No,No,Yes,Yes,Mailed check,Yes,No,No,No,0
CUST-006156,2,98.76,319.44,Month-to-month,DSL,Yes,Yes,No,No,Yes,Yes,Yes,Mailed check,No,Yes,Yes,Yes,0
CUST-006157,26,57.8,1551.23,One year,No,No,No,Yes,No,No,No,Yes,Electronic check,Yes,No,Yes,No,0
CUST-006158,26,124.94,3162.16,Month-to-month,Fiber optic,Yes,Yes,Yes,No,Yes,Yes,Yes,Mailed check,No,Yes,Yes,Yes,1
CUST-006159,1,98.11,0.0,Month-to-month,DSL,No,Yes,Yes,No,Yes,Yes,Yes,Mailed check,No,No,No,No,0
CUST-006160,6,91.49,109.25,Month-to-month,Fiber optic,No,No,No,Yes,No,Yes,Yes,Electronic check,No,No,No,No,1
CUST-006161,56,84.7,4757.09,Month-to-month,Fiber optic,No,No,No,No,No,Yes,No,Bank transfer,Yes,No,Yes,Yes,0
CUST-006162,4,75.81,445.1,One year,Fiber optic,No,No,No,No,No,Yes,No,Bank transfer,Yes,No,No,No,0
CUST-006163,9,98.46,1085.27,Month-to-month,Fiber optic,Yes,No,No,Yes,No,Yes,No,Mailed check,Yes,Yes,No,Yes,1
CUST-006164,40,54.46,1846.46,Month-to-month,No,Yes,Yes,No,Yes,No,Yes,No,Electronic check,Yes,No,Yes,No,0
CUST-006165,59,54.37,3390.71,Two year,DSL,No,No,Yes,No,No,Yes,No,Electronic check,Yes,No,Yes,No,0
CUST-006166,65,101.16,6628.07,One year,Fiber optic,No,No,No,No,Yes,Yes,No,Electronic check,Yes,No,Yes,Yes,0
CUST-006167,31,99.75,2990.75,Month-to-month,Fiber optic,No,No,Yes,No,No,Yes,No,Electronic check,Yes,No,Yes,Yes,1
CUST-006168,18,73.97,1456.15,Month-to-month,DSL,No,No,Yes,Yes,No,Yes,No,Credit card,Yes,No,No,No,0
CUST-006169,53,45.96,2911.92,Month-to-month,No,No,No,Yes,Yes,Yes,Yes,Yes,Mailed check,Yes,No,No,No,1
CUST-006170,38,98.53,3411.87,Month-to-month,Fiber optic,No,Yes,No,Yes,No,Yes,Yes,Credit card,Yes,No,No,Yes,1
CUST-006171,12,88.36,872.37,One year,DSL,No,Yes,No,No,Yes,Yes,Yes,Electronic check,Yes,No,Yes,No,0
CUST-006172,30,66.79,1934.88,Month-to-month,DSL,No,No,No,No,Yes,Yes,No,Bank transfer,No,No,No,No,0
CUST-006173,35,68.12,2335.96,Month-to-month,Fiber optic,No,No,No,No,No,Yes,No,Bank transfer,Yes,Yes,Yes,Yes,0
CUST-006174,46,63.9,2927.16,Month-to-month,No,Yes,No,Yes,No,Yes,Yes,Yes,Electronic check,Yes,No,No,No,0
CUST-006175,19,23.79,366.68,One year,No,No,Yes,No,No,Yes,Yes,No,Electronic check,Yes,Yes,Yes,No,0
CUST-006176,67,94.31,6514.01,Month-to-month,Fiber optic,No,Yes,No,Yes,Yes,Yes,No,Bank transfer,No,No,No,No,0
CUST-006177,56,71.7,4206.19,Month-to-month,DSL,No,No,Yes,No,No,Yes,Yes,Mailed check,Yes,Yes,Yes,Yes,0
CUST-006178,11,48.53,540.89,Month-to-month,No,Yes,Yes,No,Yes,Yes,Yes,No,Bank transfer,Yes,No,No,Yes,0
CUST-006179,19,78.01,1552.78,One year,DSL,No,No,No,No,No,Yes,Yes,Electronic check,Yes,Yes,Yes,Yes,0
CUST-006180,43,79.16,3193.29,Month-to-month,Fiber optic,No,No,No,No,Yes,No,No,Electronic check,Yes,No,No,No,0
CUST-006181,59,93.57,5552.0,Two year,Fiber optic,No,Yes,No,No,No,No,No,Credit card,Yes,No,Yes,No,0
CUST-006182,63,112.06,7357.19,Month-to-month,Fiber optic,Yes,Yes,No,No,Yes,Yes,Yes,Credit card,No,Yes,Yes,No,0
CUST-006183,40,70.7,3115.0,One year,DSL,No,Yes,Yes,No,Yes,Yes,Yes,Mailed check,No,No,No,No,0
CUST-006184,43,77.53,3157.34,Two year,DSL,No,Yes,Yes,Yes,No,Yes,No,Credit card,Yes,No,Yes,No,0
CUST-006185,23,78.21,1700.58,One year,Fiber optic,No,No,Yes,No,Yes,Yes,Yes,Electronic check,Yes,No,No,No,0
CUST-006186,23,118.69,2452.89,Two year,Fiber optic,Yes,Yes,No,Yes,Yes,Yes,No,Bank transfer,No,No,Yes,No,1
CUST-006187,20,57.55,1294.22,One year,No,Yes,No,No,Yes,No,Yes,Yes,Mailed check,No,No,No,No,0
CUST-006188,4,106.27,441.98,One year,Fiber optic,No,No,Yes,No,No,Yes,Yes,Electronic check,No,No,Yes,No,1
CUST-006189,45,109.88,4850.54,Month-to-month,Fiber optic,Yes,Yes,No,No,No,Yes,Yes,Bank transfer,No,No,No,No,1
CUST-006190,39,122.01,4704.24,Month-to-month,Fiber optic,Yes,Yes,Yes,No,Yes,Yes,Yes,Credit card,Yes,No,Yes,No,1
CUST-006191,28,93.95,2943.21,Month-to-month,DSL,No,No,No,Yes,Yes,Yes,No,Mailed check,No,No,Yes,Yes,1
CUST-006192,37,30.57,1266.67,Two year,No,No,No,Yes,No,No,No,No,Credit card,No,No,No,No,0
CUST-006193,43,47.54,1979.02,Two year,No,No,No,No,Yes,No,Yes,No,Mailed check,No,No,No,No,0
CUST-006194,28,82.31,2338.4,Month-to-month,DSL,Yes,Yes,Yes,Yes,No,Yes,Yes,Electronic check,No,No,No,Yes,0
CUST-006195,36,97.91,3582.54,Month-to-month,Fiber optic,No,Yes,Yes,Yes,Yes,Yes,Yes,Electronic check,Yes,No,No,No,1
CUST-006196,24,93.53,2390.76,Month-to-month,Fiber optic,No,No,No,Yes,No,Yes,Yes,Bank transfer,Yes,Yes,No,Yes,0
CUST-006197,69,34.67,2548.39,Month-to-month,No,No,Yes,Yes,No,No,Yes,Yes,Electronic check,Yes,No,No,Yes,0
CUST-006198,5,74.72,469.08,Two year,DSL,No,Yes,No,Yes,No,Yes,No,Electronic check,No,Yes,No,No,0
CUST-006199,19,77.67,1745.09,Two year,DSL,Yes,Yes,No,Yes,No,Yes,No,Mailed check,Yes,No,Yes,No,0
CUST-006200,25,101.68,2642.25,Month-to-month,Fiber optic,Yes,No,No,No,Yes,Yes,Yes,Credit card,Yes,No,No,No,1
CUST-006201,61,103.82,6051.65,Month-to-month,Fiber optic,No,No,Yes,No,No,Yes,Yes,Mailed check,No,No,No,No,0
CUST-006202,40,73.86,3025.55,Month-to-month,DSL,Yes,No,Yes,No,No,Yes,No,Credit card,No,Yes,No,Yes,1
CUST-006203,4,93.21,565.52,Month-to-month,DSL,No,Yes,No,Yes,Yes,Yes,Yes,Bank transfer,No,No,No,Yes,1
CUST-006204,69,119.71,8378.73,Month-to-month,Fiber optic,Yes,Yes,No,Yes,No,No,Yes,Electronic check,No,No,Yes,No,1
CUST-006205,25,96.54,2521.66,Month-to-month,DSL,Yes,No,No,Yes,Yes,Yes,Yes,Electronic check,No,No,Yes,No,0
CUST-006206,61,111.12,6732.74,Month-to-month,Fiber optic,Yes,No,No,Yes,Yes,Yes,No,Electronic check,Yes,No,No,No,1
CUST-006207,19,93.1,1704.6,Two year,Fiber optic,No,Yes,No,Yes,Yes,No,No,Mailed check,Yes,Yes,No,No,1
CUST-006208,24,104.9,2860.24,Month-to-month,DSL,Yes,Yes,No,Yes,Yes,Yes,Yes,Electronic check,No,No,No,Yes,0
CUST-006209,63,113.65,7154.22,Month-to-month,Fiber optic,No,Yes,Yes,Yes,Yes,Yes,No,Electronic check,Yes,No,Yes,No,0
CUST-006210,62,59.58,3661.59,Two year,DSL,Yes,No,No,No,No,Yes,No,Credit card,Yes,Yes,Yes,No,0
CUST-006211,1,114.81,170.36,Two year,Fiber optic,No,No,Yes,Yes,Yes,Yes,Yes,Bank transfer,Yes,No,Yes,No,1
CUST-006212,31,103.64,3474.25,Two year,Fiber optic,No,No,Yes,No,No,Yes,Yes,Credit card,Yes,No,Yes,No,0
CUST-006213,31,127.7,3730.36,Month-to-month,Fiber optic,Yes,No,No,No,Yes,Yes,Yes,Bank transfer,Yes,No,Yes,No,1
CUST-006214,22,112.18,2693.7,One year,Fiber optic,Yes,No,Yes,No,Yes,Yes,No,Bank transfer,Yes,Yes,Yes,No,1
CUST-006215,39,104.66,3908.07,Month-to-month,Fiber optic,No,No,No,No,No,Yes,Yes,Electronic check,Yes,Yes,No,No,1
CUST-006216,34,51.85,1855.66,Two year,DSL,No,No,No,No,Yes,Yes,Yes,Bank transfer,Yes,No,No,No,0
CUST-006217,36,67.47,2383.94,Month-to-month,DSL,No,Yes,Yes,Yes,Yes,No,No,Credit card,Yes,No,Yes,No,0
CUST-006218,24,44.22,1160.77,Two year,No,No,No,No,No,Yes,Yes,Yes,Bank transfer,Yes,No,Yes,No,0
CUST-006219,24,90.1,1899.46,Month-to-month,DSL,No,Yes,Yes,No,Yes,Yes,No,Mailed check,Yes,Yes,Yes,Yes,1
CUST-006220,22,108.63,2214.21,One year,Fiber optic,Yes,No,No,No,Yes,Yes,No,Electronic check,No,No,No,No,1
CUST-006221,61,112.54,7135.4,Two year,Fiber optic,No,Yes,Yes,Yes,No,Yes,No,Electronic check,No,Yes,No,No,0
CUST-006222,59,104.42,6148.34,Month-to-month,Fiber optic,No,No,No,No,Yes,Yes,Yes,Credit card,Yes,No,No,No,0
CUST-006223,29,63.82,1945.1,Month-to-month,No,Yes,No,Yes,Yes,No,Yes,No,Electronic check,No,No,No,No,0
CUST-006224,41,93.63,3717.19,One year,Fiber optic,No,No,No,No,No,Yes,No,Credit card,Yes,Yes,Yes,Yes,0
CUST-006225,40,92.37,3202.67,One year,DSL,No,No,Yes,No,Yes,Yes,Yes,Electronic check,Yes,No,Yes,Yes,1
CUST-006226,71,53.43,3824.77,One year,DSL,Yes,No,Yes,No,No,No,Yes,Credit card,Yes,No,No,Yes,0
CUST-006227,0,102.82,0.0,Month-to-month,Fiber optic,Yes,No,No,Yes,No,Yes,Yes,Credit card,Yes,No,No,Yes,1
CUST-006228,47,40.34,1828.0,Two year,No,No,No,No,No,No,Yes,No,Electronic check,Yes,No,Yes,No,0
CUST-006229,37,63.22,2447.9,One year,No,Yes,Yes,Yes,No,Yes,Yes,No,Electronic check,No,No,No,No,0
CUST-006230,70,94.2,6566.9,Month-to-month,Fiber optic,Yes,No,No,No,Yes,Yes,No,Electronic check,Yes,No,Yes,No,0
CUST-006231,49,72.43,3756.93,Two year,DSL,Yes,Yes,Yes,Yes,No,Yes,Yes,Credit card,No,No,Yes,Yes,0
CUST-006232,38,67.95,2630.31,Month-to-month,No,No,Yes,No,No,Yes,Yes,Yes,Credit card,No,No,Yes,No,0
CUST-006233,21,79.87,1800.89,Month-to-month,DSL,No,Yes,Yes,Yes,No,Yes,No,Bank transfer,Yes,No,Yes,No,0
CUST-006234,41,121.97,5338.15,Month-to-month,Fiber optic,No,Yes,Yes,No,No,Yes,Yes,Bank transfer,Yes,No,Yes,Yes,0
CUST-006235,64,69.95,4266.39,Month-to-month,Fiber optic,No,No,No,No,No,Yes,No,Credit card,No,No,No,Yes,0
CUST-006236,72,121.82,8804.83,Two year,Fiber optic,No,No,Yes,Yes,No,Yes,Yes,Mailed check,Yes,No,Yes,No,0
CUST-006237,12,88.86,927.8,Month-to-month,Fiber optic,No,No,No,No,Yes,Yes,No,Bank transfer,Yes,No,No,Yes,0
CUST-006238,63,43.57,2947.85,Month-to-month,No,Yes,No,No,No,Yes,Yes,No,Electronic check,Yes,No,No,No,1
CUST-006239,3,73.21,6.99,Two year,DSL,No,No,Yes,No,No,Yes,No,Bank transfer,Yes,No,No,Yes,0
CUST-006240,21,80.61,1772.84,One year,Fiber optic,No,No,No,No,No,Yes,No,Bank transfer,Yes,No,No,Yes,0
CUST-006241,67,81.12,5373.62,Month-to-month,DSL,Yes,Yes,No,Yes,No,Yes,Yes,Mailed check,No,No,No,No,0
CUST-006242,27,113.49,3203.23,Month-to-month,Fiber optic,Yes,Yes,Yes,Yes,Yes,Yes,No,Electronic check,Yes,No,No,Yes,1
CUST-006243,68,71.09,4752.55,Month-to-month,Fiber optic,No,No,No,No,No,Yes,No,Bank transfer,Yes,No,Yes,Yes,1
CUST-006244,56,112.33,6381.13,Two year,Fiber optic,Yes,No,Yes,Yes,Yes,Yes,No,Mailed check,Yes,No,Yes,No,0
CUST-006245,32,92.36,2828.11,One year,Fiber optic,No,No,No,No,Yes,Yes,No,Mailed check,Yes,No,No,No,0
CUST-006246,38,110.22,4367.03,Month-to-month,Fiber optic,No,Yes,No,Yes,No,Yes,No,Electronic check,No,Yes,No,No,1
CUST-006247,51,140.29,7246.87,Month-to-month,Fiber optic,Yes,Yes,Yes,Yes,Yes,Yes,No,Mailed check,No,No,Yes,No,1
CUST-006248,2,56.39,0.0,One year,No,No,Yes,No,Yes,No,Yes,Yes,Credit card,Yes,No,Yes,Yes,0
CUST-006249,12,109.92,1434.0,Month-to-month,Fiber optic,No,Yes,Yes,Yes,Yes,Yes,Yes,Electronic check,Yes,No,Yes,No,1
CUST-006250,71,81.46,5692.39,Two year,DSL,Yes,Yes,No,Yes,No,Yes,No,Electronic check,Yes,No,Yes,No,0
CUST-006251,27,48.76,1326.54,One year,DSL,No,No,No,No,Yes,Yes,No,Credit card,No,No,No,Yes,0
CUST-006252,37,69.03,2436.98,Two year,DSL,No,No,No,No,No,Yes,No,Bank transfer,Yes,No,No,Yes,0
CUST-006253,41,84.6,3531.72,Two year,DSL,No,No,Yes,No,No,Yes,No,Bank transfer,No,Yes,Yes,No,0
CUST-006254,16,58.01,861.41,One year,DSL,Yes,No,No,No,No,Yes,No,Mailed check,Yes,No,No,No,1
CUST-006255,28,101.83,2901.45,One year,Fiber optic,Yes,Yes,Yes,No,Yes,Yes,Yes,Electronic check,Yes,No,Yes,Yes,0
CUST-006256,50,96.7,4686.0,One year,Fiber optic,Yes,No,No,Yes,No,No,No,Bank transfer,Yes,No,Yes,No,0
CUST-006257,3,112.65,218.37,Month-to-month,Fiber optic,No,Yes,No,Yes,Yes,Yes,Yes,Electronic check,No,No,No,No,1
CUST-006258,59,73.01,4084.11,Two year,DSL,No,No,No,No,Yes,Yes,No,Credit card,No,No,No,No,0
CUST-006259,50,75.48,3897.33,Month-to-month,DSL,Yes,No,No,Yes,No,Yes,No,Bank transfer,Yes,No,No,No,0
CUST-006260,25,97.29,2161.27,One year,Fiber optic,No,No,Yes,No,Yes,Yes,No,Credit card,No,No,No,No,0
CUST-006261,4,110.84,338.44,Month-to-month,Fiber optic,Yes,Yes,Yes,Yes,No,No,Yes,Electronic check,No,No,No,No,1
CUST-006262,51,73.19,3670.88,Month-to-month,DSL,No,Yes,No,Yes,No,Yes,No,Electronic check,Yes,No,Yes,No,1
CUST-006263,58,50.2,2981.77,Month-to-month,DSL,No,No,No,No,No,Yes,No,Mailed check,Yes,No,No,No,1
CUST-006264,19,77.4,1335.99,One year,No,Yes,Yes,Yes,No,Yes,No,Yes,Electronic check,Yes,No,No,No,0
CUST-006265,51,116.52,5902.51,Month-to-month,Fiber optic,Yes,No,Yes,Yes,No,Yes,Yes,Mailed check,No,No,No,No,1
CUST-006266,58,50.97,2923.54,Month-to-month,No,No,No,Yes,Yes,No,Yes,No,Electronic check,No,No,No,No,1
CUST-006267,49,93.92,4792.77,Month-to-month,Fiber optic,Yes,No,No,Yes,No,Yes,No,Bank transfer,No,No,Yes,No,0
CUST-006268,34,70.43,2282.52,Month-to-month,DSL,No,No,No,No,No,Yes,No,Electronic check,Yes,No,Yes,No,1
CUST-006269,23,91.44,2245.24,One year,Fiber optic,No,No,No,No,Yes,Yes,Yes,Credit card,Yes,No,No,No,1
CUST-006270,22,100.58,2362.9,Two year,Fiber optic,No,No,Yes,No,No,Yes,Yes,Bank transfer,No,No,Yes,No,0
CUST-006271,70,78.38,5636.28,Two year,DSL,No,Yes,Yes,Yes,No,Yes,Yes,Bank transfer,Yes,No,No,No,0
CUST-006272,0,101.98,0.0,Month-to-month,Fiber optic,Yes,No,No,Yes,Yes,Yes,No,Bank transfer,No,No,No,Yes,1
CUST-006273,72,77.77,5543.18,One year,Fiber optic,Yes,No,No,Yes,No,Yes,Yes,Mailed check,Yes,No,No,No,0
CUST-006274,24,68.48,1483.55,Month-to-month,DSL,Yes,No,No,Yes,No,Yes,Yes,Bank transfer,No,No,Yes,Yes,1
CUST-006275,44,140.66,6028.86,Month-to-month,Fiber optic,Yes,Yes,Yes,No,Yes,Yes,Yes,Credit card,No,No,No,No,1
CUST-006276,5,96.83,1038.94,Month-to-month,Fiber optic,Yes,No,No,No,Yes,Yes,No,Electronic check,No,No,No,Yes,1
CUST-006277,4,107.0,418.08,One year,Fiber optic,Yes,No,No,Yes,No,Yes,No,Credit card,Yes,No,Yes,Yes,0
CUST-006278,27,96.15,2446.47,One year,DSL,Yes,No,Yes,Yes,No,Yes,No,Electronic check,No,No,Yes,Yes,0
CUST-006279,27,82.65,2104.98,Month-to-month,DSL,Yes,No,Yes,Yes,Yes,Yes,Yes,Credit card,No,No,Yes,Yes,1
CUST-006280,41,79.79,3261.0,Month-to-month,DSL,Yes,Yes,No,Yes,Yes,Yes,Yes,Electronic check,No,No,No,No,0
CUST-006281,45,96.06,4448.72,Two year,DSL,No,Yes,Yes,Yes,Yes,Yes,Yes,Electronic check,Yes,Yes,No,No,0
CUST-006282,51,110.9,5467.19,Month-to-month,Fiber optic,No,No,Yes,No,Yes,Yes,Yes,Electronic check,No,No,No,Yes,1
CUST-006283,38,104.84,3985.33,Month-to-month,Fiber optic,Yes,No,No,No,Yes,Yes,Yes,Mailed check,Yes,No,No,Yes,1
CUST-006284,28,113.49,2923.23,Month-to-month,Fiber optic,Yes,No,No,Yes,Yes,No,Yes,Mailed check,Yes,No,Yes,No,1
CUST-006285,45,102.85,4583.26,Month-to-month,Fiber optic,Yes,Yes,Yes,Yes,No,Yes,No,Electronic check,Yes,No,No,No,1
CUST-006286,43,86.13,3431.24,Month-to-month,DSL,No,No,Yes,Yes,Yes,No,Yes,Mailed check,Yes,No,Yes,No,0
CUST-006287,45,24.18,857.97,Month-to-month,No,Yes,No,No,No,Yes,Yes,No,Electronic check,No,No,Yes,No,0
CUST-006288,35,117.41,4052.76,One year,Fiber optic,Yes,Yes,No,No,Yes,Yes,Yes,Mailed check,No,No,Yes,Yes,0
CUST-006289,27,100.55,2695.56,Month-to-month,Fiber optic,No,No,Yes,No,Yes,Yes,No,Electronic check,No,No,No,No,1
CUST-006290,55,115.27,6318.0,Month-to-month,Fiber optic,Yes,No,Yes,Yes,Yes,Yes,No,Electronic check,Yes,No,No,No,1
CUST-006291,19,126.73,2650.72,Month-to-month,Fiber optic,No,Yes,No,No,Yes,Yes,Yes,Mailed check,Yes,Yes,No,No,1
CUST-006292,42,98.75,4371.72,Month-to-month,Fiber optic,Yes,Yes,Yes,No,No,Yes,No,Mailed check,Yes,No,No,Yes,0
CUST-006293,41,112.0,4445.51,Month-to-month,Fiber optic,No,Yes,No,No,Yes,Yes,Yes,Electronic check,Yes,No,Yes,No,1
CUST-006294,31,114.27,3437.33,Month-to-month,Fiber optic,Yes,Yes,No,Yes,No,No,Yes,Mailed check,Yes,No,Yes,No,1
CUST-006295,34,104.54,3523.92,Month-to-month,Fiber optic,No,No,No,Yes,Yes,Yes,Yes,Electronic check,Yes,No,No,No,1
CUST-006296,46,83.59,3889.81,Month-to-month,DSL,No,Yes,Yes,No,Yes,Yes,No,Credit card,Yes,No,Yes,Yes,0
CUST-006297,34,107.03,3808.62,One year,Fiber optic,Yes,No,No,Yes,Yes,Yes,No,Electronic check,Yes,No,Yes,No,0
CUST-006298,21,100.94,2075.3,Month-to-month,DSL,No,Yes,No,Yes,Yes,Yes,Yes,Mailed check,No,No,Yes,No,0
CUST-006299,14,87.14,1274.89,Month-to-month,DSL,Yes,No,Yes,No,No,Yes,No,Credit card,Yes,No,Yes,No,1
CUST-006300,66,108.81,7164.37,One year,Fiber optic,Yes,No,Yes,Yes,No,Yes,No,Credit card,No,No,Yes,No,0
CUST-006301,63,104.7,6356.15,One year,Fiber optic,No,No,Yes,No,Yes,Yes,No,Electronic check,No,Yes,Yes,No,0
CUST-006302,65,66.21,4360.33,One year,DSL,Yes,Yes,No,No,No,Yes,Yes,Credit card,Yes,No,Yes,No,0
CUST-006303,8,32.0,12.01,Two year,No,No,Yes,No,Yes,No,Yes,No,Bank transfer,Yes,No,Yes,Yes,0
CUST-006304,17,38.44,710.66,Two year,No,No,Yes,No,No,Yes,Yes,No,Credit card,No,Yes,Yes,Yes,0
CUST-006305,17,113.0,2211.49,Month-to-month,Fiber optic,Yes,Yes,Yes,Yes,No,Yes,No,Electronic check,No,No,No,Yes,0
CUST-006306,51,99.44,4928.2,Two year,Fiber optic,Yes,No,Yes,Yes,Yes,No,Yes,Credit card,No,No,Yes,No,0
CUST-006307,63,102.34,6640.92,One year,Fiber optic,Yes,No,No,Yes,No,No,Yes,Bank transfer,No,No,Yes,No,1
CUST-006308,9,87.27,593.3,Month-to-month,Fiber optic,No,Yes,No,No,No,Yes,No,Electronic check,No,No,No,Yes,1
CUST-006309,49,72.17,3536.52,One year,DSL,No,No,Yes,Yes,No,Yes,Yes,Electronic check,Yes,No,No,Yes,0
CUST-006310,46,57.01,2785.21,Two year,No,No,No,No,No,Yes,Yes,Yes,Mailed check,Yes,No,Yes,Yes,0
CUST-006311,39,97.64,3899.16,Month-to-month,Fiber optic,No,Yes,Yes,Yes,No,Yes,No,Mailed check,No,Yes,Yes,No,0
CUST-006312,72,122.2,8684.93,Month-to-month,Fiber optic,No,Yes,No,Yes,Yes,Yes,Yes,Electronic check,Yes,No,No,No,0
CUST-006313,13,37.14,513.71,Two year,No,No,Yes,No,Yes,No,Yes,No,Bank transfer,Yes,Yes,No,No,0
CUST-006314,48,74.02,3538.97,Month-to-month,DSL,No,Yes,No,No,Yes,Yes,Yes,Electronic check,Yes,No,No,Yes,0
CUST-006315,11,119.89,1227.74,One year,Fiber optic,Yes,No,Yes,Yes,No,Yes,Yes,Bank transfer,No,No,Yes,Yes,0
CUST-006316,38,119.58,4555.35,Month-to-month,Fiber optic,Yes,Yes,No,Yes,Yes,Yes,Yes,Electronic check,Yes,No,No,No,1
CUST-006317,30,97.21,2923.37,Two year,Fiber optic,No,Yes,Yes,Yes,No,Yes,No,Credit card,No,No,No,No,0
CUST-006318,25,79.09,1882.72,Month-to-month,DSL,No,Yes,No,Yes,Yes,Yes,Yes,Credit card,Yes,No,No,No,0
CUST-006319,45,100.43,4754.51,Two year,Fiber optic,Yes,Yes,No,Yes,No,No,No,Credit card,No,No,Yes,Yes,0
CUST-006320,72,38.08,3028.74,Month-to-month,No,No,Yes,Yes,No,Yes,Yes,No,Electronic check,Yes,Yes,No,No,0
CUST-006321,48,44.81,2284.3,Month-to-month,No,Yes,No,Yes,No,Yes,Yes,No,Mailed check,Yes,No,Yes,No,0
CUST-006322,27,103.91,2564.48,Two year,Fiber optic,Yes,No,Yes,Yes,No,Yes,Yes,Electronic check,No,Yes,No,Yes,0
CUST-006323,65,106.84,7089.72,One year,Fiber optic,No,Yes,Yes,Yes,No,No,No,Credit card,Yes,No,No,No,0
CUST-006324,27,63.01,2067.28,One year,DSL,No,No,Yes,No,No,Yes,Yes,Electronic check,Yes,No,No,No,0
CUST-006325,46,103.67,4672.64,One year,Fiber optic,No,Yes,No,Yes,No,Yes,No,Mailed check,Yes,No,Yes,No,0
CUST-006326,36,86.44,3226.34,Month-to-month,Fiber optic,No,Yes,No,Yes,No,Yes,Yes,Credit card,No,No,No,No,0
CUST-006327,13,96.92,1390.56,Month-to-month,Fiber optic,No,No,No,Yes,No,Yes,No,Credit card,Yes,No,Yes,No,1
CUST-006328,55,62.51,3740.62,Month-to-month,DSL,Yes,No,No,No,Yes,Yes,No,Electronic check,Yes,No,No,No,1
CUST-006329,70,49.04,3599.35,Two year,DSL,No,No,No,No,No,Yes,Yes,Bank transfer,Yes,Yes,Yes,No,0
CUST-006330,7,70.26,386.79,One year,DSL,No,No,Yes,No,No,Yes,Yes,Bank transfer,Yes,No,No,No,1
CUST-006331,72,76.31,5276.03,Month-to-month,No,Yes,Yes,Yes,Yes,No,Yes,No,Credit card,No,No,No,No,0
CUST-006332,19,105.41,1940.81,Month-to-month,Fiber optic,Yes,Yes,No,No,No,Yes,Yes,Mailed check,Yes,No,No,Yes,1
CUST-006333,38,93.23,3554.45,Month-to-month,Fiber optic,Yes,No,Yes,No,Yes,Yes,No,Electronic check,No,No,Yes,No,1
CUST-006334,42,105.47,4293.48,Month-to-month,Fiber optic,No,No,No,Yes,No,Yes,No,Electronic check,No,No,Yes,No,1
CUST-006335,23,107.25,2555.19,Month-to-month,Fiber optic,No,No,No,Yes,Yes,Yes,Yes,Credit card,No,No,No,No,0
CUST-006336,13,55.4,699.85,Month-to-month,No,No,No,Yes,Yes,Yes,Yes,No,Mailed check,Yes,No,No,No,0
CUST-006337,59,64.27,3857.54,Month-to-month,DSL,No,Yes,No,Yes,No,No,Yes,Electronic check,No,No,Yes,No,1
CUST-006338,38,86.5,3438.34,Month-to-month,DSL,No,Yes,No,No,Yes,Yes,Yes,Electronic check,No,No,No,No,1
CUST-006339,2,77.14,0.0,One year,DSL,No,Yes,No,Yes,Yes,Yes,No,Credit card,Yes,No,Yes,Yes,0
CUST-006340,47,113.86,5070.02,Month-to-month,Fiber optic,Yes,Yes,No,No,No,Yes,No,Bank transfer,No,Yes,No,No,1
CUST-006341,35,87.68,2961.1,Month-to-month,Fiber optic,No,No,No,No,No,Yes,Yes,Bank transfer,Yes,No,Yes,No,1
CUST-006342,17,141.31,2473.08,Month-to-month,Fiber optic,Yes,Yes,No,Yes,Yes,Yes,Yes,Electronic check,Yes,No,Yes,Yes,1
CUST-006343,67,90.49,5915.89,One year,DSL,Yes,Yes,No,Yes,Yes,Yes,Yes,Credit card,Yes,No,No,No,0
CUST-006344,19,104.3,1886.49,Month-to-month,Fiber optic,Yes,No,Yes,No,No,Yes,Yes,Credit card,No,No,No,No,1
CUST-006345,38,60.26,2209.57,One year,DSL,No,No,No,No,Yes,Yes,No,Credit card,Yes,No,Yes,Yes,0
CUST-006346,47,79.38,3652.34,Two year,DSL,Yes,No,Yes,Yes,No,Yes,No,Credit card,Yes,No,Yes,Yes,0
CUST-006347,30,94.08,2697.87,Two year,DSL,No,Yes,Yes,Yes,No,Yes,No,Credit card,Yes,No,Yes,No,0
CUST-006348,31,94.5,3247.86,One year,Fiber optic,No,No,Yes,Yes,Yes,No,No,Bank transfer,Yes,No,No,No,0
CUST-006349,0,89.43,0.0,Month-to-month,DSL,Yes,No,No,Yes,Yes,Yes,Yes,Mailed check,No,Yes,Yes,No,1
CUST-006350,27,86.52,2345.91,Two year,Fiber optic,No,Yes,No,Yes,No,Yes,No,Credit card,Yes,No,No,Yes,1
CUST-006351,64,114.15,7228.53,Month-to-month,Fiber optic,Yes,No,Yes,Yes,Yes,Yes,No,Credit card,No,No,Yes,No,0
CUST-006352,67,110.61,7538.42,Two year,Fiber optic,Yes,No,Yes,No,No,Yes,Yes,Credit card,Yes,No,No,No,0
CUST-006353,47,83.51,4121.98,Two year,DSL,No,No,No,No,Yes,Yes,No,Electronic check,Yes,No,Yes,No,0
CUST-006354,45,91.14,4109.17,Month-to-month,Fiber optic,No,No,Yes,Yes,Yes,Yes,No,Electronic check,Yes,No,No,No,1
CUST-006355,71,87.74,6377.1,Month-to-month,DSL,No,Yes,Yes,Yes,Yes,Yes,No,Electronic check,No,No,Yes,No,0
CUST-006356,16,106.03,1896.55,One year,Fiber optic,No,No,No,Yes,Yes,Yes,Yes,Credit card,Yes,Yes,Yes,No,0
CUST-006357,46,78.04,3433.7,Month-to-month,DSL,No,No,Yes,Yes,No,Yes,No,Electronic check,Yes,No,No,No,0
CUST-006358,15,81.63,1104.58,Two year,DSL,Yes,No,Yes,No,Yes,Yes,Yes,Mailed check,No,No,Yes,No,0
CUST-006359,37,87.44,3185.43,Month-to-month,DSL,No,No,No,No,Yes,Yes,Yes,Bank transfer,Yes,No,Yes,No,1
CUST-006360,43,92.91,3935.73,Month-to-month,Fiber optic,Yes,No,Yes,No,No,Yes,No,Credit card,Yes,No,No,No,1
CUST-006361,0,64.48,207.9,Month-to-month,DSL,No,Yes,Yes,Yes,Yes,Yes,Yes,Bank transfer,Yes,No,No,No,0
CUST-006362,41,76.29,3222.86,Two year,DSL,No,Yes,No,Yes,Yes,Yes,No,Bank transfer,Yes,No,No,No,0
CUST-006363,54,73.97,3921.44,Month-to-month,DSL,No,No,Yes,No,No,Yes,Yes,Electronic check,No,No,No,No,1
CUST-006364,12,31.76,354.56,Two year,No,No,No,No,Yes,Yes,No,No,Credit card,No,No,Yes,Yes,0
CUST-006365,64,84.83,5771.7,Month-to-month,Fiber optic,No,No,No,No,No,Yes,Yes,Electronic check,No,No,No,Yes,1
CUST-006366,7,45.81,136.51,Two year,No,Yes,No,No,Yes,No,Yes,No,Electronic check,Yes,No,Yes,No,0
CUST-006367,67,37.17,2651.55,Month-to-month,No,No,No,No,Yes,No,Yes,No,Mailed check,Yes,No,Yes,No,0
CUST-006368,21,100.58,2207.61,One year,Fiber optic,No,No,Yes,No,Yes,Yes,No,Credit card,Yes,No,No,No,1
CUST-006369,22,119.17,2860.59,One year,Fiber optic,Yes,Yes,Yes,No,No,Yes,Yes,Electronic check,Yes,No,Yes,No,0
CUST-006370,66,69.79,4434.51,Month-to-month,DSL,No,No,No,No,Yes,Yes,Yes,Electronic check,Yes,Yes,No,No,1
CUST-006371,23,94.11,2168.71,One year,Fiber optic,No,No,Yes,Yes,No,Yes,Yes,Bank transfer,Yes,No,No,No,1
CUST-006372,57,74.46,3997.81,Two year,DSL,No,No,No,Yes,Yes,Yes,Yes,Bank transfer,Yes,No,No,No,0
CUST-006373,40,108.72,4477.77,Two year,Fiber optic,No,No,Yes,No,No,Yes,No,Electronic check,Yes,No,Yes,No,0
CUST-006374,65,113.55,7652.96,Two year,Fiber optic,Yes,No,No,No,Yes,Yes,Yes,Credit card,Yes,Yes,No,No,0
CUST-006375,17,90.1,1470.96,Month-to-month,DSL,Yes,No,No,Yes,No,Yes,Yes,Bank transfer,Yes,No,Yes,No,1
CUST-006376,48,108.47,5211.49,One year,Fiber optic,Yes,No,No,No,Yes,Yes,No,Credit card,Yes,No,No,Yes,0
CUST-006377,20,65.7,1438.52,Two year,DSL,No,No,No,Yes,Yes,Yes,No,Electronic check,No,Yes,No,Yes,0
CUST-006378,59,82.68,5188.44,One year,DSL,No,Yes,Yes,Yes,No,Yes,Yes,Electronic check,No,No,No,No,0
CUST-006379,33,80.93,2698.05,One year,Fiber optic,No,Yes,No,No,No,Yes,No,Electronic check,No,No,No,No,0
CUST-006380,71,104.38,7512.38,Month-to-month,Fiber optic,Yes,Yes,Yes,No,Yes,Yes,No,Mailed check,Yes,No,Yes,No,0
CUST-006381,59,100.34,6017.34,Month-to-month,Fiber optic,No,No,Yes,No,Yes,Yes,No,Electronic check,No,No,No,No,1
CUST-006382,57,92.55,5434.14,Month-to-month,Fiber optic,Yes,No,Yes,No,No,Yes,Yes,Electronic check,No,No,Yes,Yes,0
CUST-006383,16,91.01,1589.06,Month-to-month,DSL,No,No,No,Yes,Yes,Yes,Yes,Bank transfer,Yes,No,Yes,Yes,1
CUST-006384,18,70.09,1317.04,Month-to-month,DSL,No,Yes,No,No,No,Yes,No,Bank transfer,Yes,No,No,No,0
CUST-006385,2,74.81,21.0,Two year,DSL,Yes,No,No,Yes,Yes,Yes,Yes,Credit card,No,No,No,No,0
CUST-006386,4,110.49,295.32,One year,Fiber optic,Yes,No,No,No,Yes,Yes,Yes,Mailed check,No,No,No,No,0
CUST-006387,2,49.41,0.0,One year,No,Yes,No,Yes,Yes,No,No,No,Credit card,Yes,No,No,No,0
CUST-006388,57,78.93,4541.37,One year,DSL,No,No,No,No,No,Yes,Yes,Bank transfer,Yes,No,No,No,0
CUST-006389,56,80.34,4435.45,Month-to-month,DSL,No,Yes,Yes,No,Yes,Yes,Yes,Mailed check,Yes,Yes,No,Yes,0
CUST-006390,69,124.13,8482.93,Month-to-month,Fiber optic,No,Yes,No,Yes,No,Yes,Yes,Bank transfer,Yes,No,Yes,No,0
CUST-006391,2,36.97,0.0,One year,No,No,Yes,Yes,No,No,No,No,Bank transfer,No,Yes,Yes,Yes,0
CUST-006392,23,81.61,1850.62,Month-to-month,DSL,Yes,No,Yes,No,Yes,Yes,No,Credit card,No,No,No,No,0
CUST-006393,68,73.29,5019.58,Month-to-month,DSL,Yes,Yes,Yes,Yes,Yes,Yes,No,Credit card,Yes,No,No,Yes,0
CUST-006394,46,77.72,3472.89,One year,DSL,No,Yes,No,Yes,No,No,No,Bank transfer,Yes,No,No,Yes,0
CUST-006395,2,82.36,477.55,Two year,Fiber optic,Yes,No,No,No,Yes,No,Yes,Electronic check,No,No,No,Yes,0
CUST-006396,16,101.99,1666.04,One year,DSL,Yes,No,Yes,Yes,Yes,Yes,No,Credit card,No,No,Yes,Yes,1
CUST-006397,46,38.95,1887.33,Month-to-month,No,Yes,No,No,No,No,Yes,Yes,Bank transfer,Yes,No,Yes,Yes,0
CUST-006398,46,43.79,1957.95,Month-to-month,DSL,Yes,No,Yes,No,No,Yes,No,Credit card,Yes,No,Yes,Yes,0
CUST-006399,57,101.18,5501.9,Month-to-month,Fiber optic,Yes,No,Yes,Yes,Yes,Yes,No,Bank transfer,Yes,Yes,No,Yes,1
CUST-006400,5,117.5,519.62,One year,Fiber optic,No,Yes,Yes,No,Yes,Yes,No,Mailed check,No,No,Yes,No,1
CUST-006401,10,62.98,650.73,Month-to-month,No,Yes,No,Yes,Yes,No,Yes,Yes,Bank transfer,Yes,No,No,Yes,0
CUST-006402,9,75.68,889.95,One year,DSL,No,Yes,Yes,Yes,No,Yes,No,Mailed check,Yes,No,Yes,No,0
CUST-006403,22,63.7,1426.97,Month-to-month,DSL,Yes,No,No,Yes,No,Yes,Yes,Mailed check,Yes,No,Yes,No,0
CUST-006404,60,63.75,4043.66,Month-to-month,DSL,No,No,Yes,No,No,Yes,Yes,Credit card,Yes,No,Yes,No,0
CUST-006405,65,95.45,6512.32,One year,Fiber optic,No,No,Yes,No,Yes,Yes,Yes,Electronic check,No,No,Yes,Yes,0
CUST-006406,44,74.99,3404.64,Month-to-month,Fiber optic,No,No,No,No,No,Yes,No,Bank transfer,Yes,No,Yes,No,1
CUST-006407,58,52.38,3406.92,Month-to-month,No,Yes,Yes,Yes,No,No,Yes,No,Electronic check,Yes,No,No,Yes,0
CUST-006408,52,61.85,3140.62,Month-to-month,DSL,No,Yes,No,Yes,Yes,Yes,No,Credit card,Yes,No,No,No,0
CUST-006409,44,118.28,5156.01,One year,Fiber optic,Yes,No,Yes,Yes,No,Yes,No,Electronic check,No,No,No,No,0
CUST-006410,27,80.05,2120.53,Month-to-month,DSL,Yes,No,Yes,Yes,Yes,Yes,Yes,Credit card,No,Yes,No,Yes,1
CUST-006411,7,54.77,468.28,Month-to-month,DSL,No,Yes,Yes,No,No,Yes,Yes,Electronic check,No,Yes,No,No,1
CUST-006412,63,91.72,5772.47,Month-to-month,Fiber optic,No,No,Yes,Yes,No,Yes,Yes,Electronic check,Yes,Yes,Yes,No,0
CUST-006413,66,105.55,6850.97,One year,Fiber optic,No,No,No,No,Yes,Yes,Yes,Electronic check,Yes,No,No,Yes,0
CUST-006414,21,119.18,2475.66,Month-to-month,Fiber optic,No,Yes,No,Yes,Yes,Yes,Yes,Mailed check,Yes,No,No,No,0
CUST-006415,1,105.11,0.0,Two year,Fiber optic,No,No,No,Yes,Yes,Yes,Yes,Bank transfer,Yes,Yes,Yes,Yes,1
CUST-006416,10,80.07,585.36,Month-to-month,Fiber optic,Yes,Yes,Yes,No,Yes,No,No,Electronic check,Yes,No,Yes,No,0
CUST-006417,28,96.76,2761.15,Month-to-month,Fiber optic,No,Yes,Yes,Yes,No,Yes,No,Credit card,Yes,No,Yes,No,1
CUST-006418,12,96.21,1233.82,One year,Fiber optic,Yes,No,No,No,Yes,Yes,No,Electronic check,No,No,Yes,No,1
CUST-006419,3,92.1,10.18,Month-to-month,Fiber optic,No,No,No,No,No,Yes,No,Mailed check,No,Yes,No,Yes,1
CUST-006420,10,55.14,530.03,Month-to-month,No,Yes,No,Yes,Yes,No,Yes,Yes,Bank transfer,No,No,Yes,No,1
CUST-006421,1,91.12,262.74,Month-to-month,DSL,Yes,Yes,No,Yes,No,Yes,Yes,Bank transfer,Yes,No,No,Yes,1
CUST-006422,50,70.0,3745.03,Month-to-month,DSL,Yes,No,No,No,No,Yes,No,Electronic check,Yes,No,No,No,1
CUST-006423,22,67.27,1528.03,Month-to-month,DSL,Yes,No,No,No,Yes,Yes,Yes,Bank transfer,Yes,No,No,No,0
CUST-006424,72,105.25,7718.26,Month-to-month,Fiber optic,Yes,Yes,No,No,Yes,Yes,Yes,Mailed check,Yes,No,No,No,0
CUST-006425,55,40.43,2469.9,Month-to-month,No,Yes,No,No,No,Yes,Yes,Yes,Credit card,Yes,No,No,No,0
CUST-006426,38,91.74,3441.9,Two year,Fiber optic,No,No,No,Yes,No,Yes,No,Bank transfer,No,No,Yes,Yes,0
CUST-006427,14,54.8,900.57,Two year,DSL,No,No,No,No,Yes,Yes,Yes,Electronic check,Yes,No,Yes,No,1
CUST-006428,19,134.13,2336.77,One year,Fiber optic,Yes,No,No,Yes,Yes,Yes,No,Bank transfer,Yes,Yes,No,No,1
CUST-006429,66,108.97,7063.62,Month-to-month,Fiber optic,Yes,Yes,Yes,Yes,No,Yes,No,Bank transfer,Yes,No,Yes,Yes,0
CUST-006430,1,55.64,301.01,Month-to-month,No,Yes,Yes,Yes,No,Yes,Yes,No,Mailed check,Yes,Yes,No,Yes,1
CUST-006431,3,46.18,119.32,Month-to-month,No,No,Yes,No,No,Yes,Yes,No,Credit card,Yes,No,No,Yes,0
CUST-006432,57,86.04,4800.5,Month-to-month,DSL,No,Yes,No,Yes,No,Yes,Yes,Mailed check,Yes,No,Yes,No,0
CUST-006433,54,107.75,5963.94,Month-to-month,DSL,Yes,Yes,Yes,Yes,Yes,Yes,Yes,Mailed check,Yes,No,Yes,No,0
CUST-006434,13,92.03,1091.5,Month-to-month,Fiber optic,No,No,Yes,No,No,Yes,Yes,Electronic check,Yes,No,No,No,1
CUST-006435,60,83.06,5007.25,One year,DSL,No,No,Yes,No,Yes,Yes,No,Mailed check,No,No,Yes,Yes,0
CUST-006436,51,116.34,5881.38,Month-to-month,Fiber optic,No,No,Yes,Yes,Yes,Yes,Yes,Mailed check,Yes,No,No,No,1
CUST-006437,39,100.71,4170.97,Month-to-month,Fiber optic,No,No,No,No,Yes,Yes,No,Bank transfer,Yes,No,Yes,Yes,1
CUST-006438,19,47.66,461.7,Month-to-month,No,No,Yes,Yes,Yes,No,Yes,Yes,Credit card,Yes,Yes,Yes,No,0
CUST-006439,34,54.84,1781.75,Month-to-month,No,No,Yes,No,No,No,Yes,Yes,Mailed check,Yes,No,Yes,No,0
CUST-006440,56,72.23,4231.33,Month-to-month,DSL,No,No,No,No,No,Yes,Yes,Credit card,Yes,No,Yes,No,0
CUST-006441,34,74.48,2494.87,Month-to-month,DSL,No,Yes,No,No,Yes,Yes,Yes,Electronic check,Yes,No,No,No,0
CUST-006442,45,111.96,5168.84,Two year,Fiber optic,No,No,Yes,Yes,No,Yes,Yes,Mailed check,No,Yes,Yes,No,1
CUST-006443,40,99.5,4012.16,Two year,Fiber optic,No,No,Yes,No,No,Yes,Yes,Bank transfer,Yes,No,No,No,0
CUST-006444,32,90.34,2632.81,Month-to-month,Fiber optic,No,No,Yes,Yes,No,Yes,No,Electronic check,Yes,No,Yes,No,1
CUST-006445,52,55.34,2782.08,Month-to-month,No,No,Yes,No,Yes,No,Yes,No,Bank transfer,Yes,No,No,No,0
CUST-006446,19,54.39,1250.31,Month-to-month,No,Yes,Yes,No,Yes,No,Yes,Yes,Mailed check,No,Yes,Yes,Yes,0
CUST-006447,24,69.67,1817.53,Month-to-month,DSL,Yes,No,No,Yes,No,Yes,No,Credit card,Yes,No,Yes,No,0
CUST-006448,42,44.3,1908.24,Two year,No,No,Yes,No,Yes,No,Yes,Yes,Mailed check,No,Yes,Yes,Yes,0
CUST-006449,68,117.35,8274.26,Month-to-month,Fiber optic,Yes,No,Yes,Yes,No,Yes,Yes,Electronic check,No,No,No,No,1
CUST-006450,50,54.26,2763.42,One year,No,Yes,No,Yes,Yes,No,Yes,No,Electronic check,Yes,No,No,No,0
CUST-006451,6,120.82,576.19,Month-to-month,Fiber optic,Yes,Yes,Yes,Yes,Yes,Yes,Yes,Bank transfer,Yes,No,No,Yes,1
CUST-006452,2,73.86,171.28,One year,DSL,Yes,Yes,Yes,No,No,Yes,Yes,Electronic check,Yes,No,Yes,No,0
CUST-006453,47,104.22,4523.57,Month-to-month,Fiber optic,No,No,Yes,No,No,Yes,No,Credit card,No,No,No,No,1
CUST-006454,22,92.61,1998.92,Month-to-month,DSL,Yes,Yes,No,No,Yes,No,No,Credit card,Yes,No,No,No,0
CUST-006455,3,98.79,226.7,Month-to-month,Fiber optic,No,Yes,No,Yes,No,Yes,No,Mailed check,No,No,Yes,No,1
CUST-006456,55,82.72,4776.04,Month-to-month,DSL,No,No,No,Yes,Yes,Yes,Yes,Credit card,Yes,No,No,Yes,1
CUST-006457,24,112.2,2668.49,Month-to-month,Fiber optic,No,No,Yes,Yes,Yes,Yes,Yes,Bank transfer,Yes,No,No,No,0
CUST-006458,19,62.53,1128.64,One year,No,Yes,Yes,Yes,No,Yes,Yes,Yes,Credit card,Yes,No,No,No,0
CUST-006459,38,68.59,2778.94,Month-to-month,DSL,No,Yes,Yes,Yes,No,Yes,Yes,Credit card,Yes,No,Yes,Yes,0
CUST-006460,53,78.56,4427.82,One year,No,Yes,Yes,Yes,Yes,Yes,Yes,No,Electronic check,Yes,No,Yes,No,0
CUST-006461,8,85.39,831.52,Month-to-month,Fiber optic,No,No,No,No,Yes,Yes,No,Mailed check,No,No,No,No,1
CUST-006462,29,51.89,1305.2,Month-to-month,DSL,No,No,No,No,Yes,Yes,No,Mailed check,No,No,No,No,1
CUST-006463,55,65.86,3868.6,Month-to-month,DSL,No,No,Yes,No,No,No,No,Electronic check,No,No,Yes,No,0
CUST-006464,49,121.08,5993.36,Month-to-month,Fiber optic,No,No,Yes,Yes,Yes,Yes,Yes,Electronic check,No,No,Yes,No,1
CUST-006465,8,76.21,435.0,Month-to-month,DSL,Yes,No,No,No,No,Yes,No,Mailed check,No,No,Yes,Yes,1
CUST-006466,67,90.8,5894.73,Month-to-month,Fiber optic,Yes,No,No,No,Yes,Yes,No,Electronic check,No,No,No,No,0
CUST-006467,13,106.93,1341.47,One year,Fiber optic,No,Yes,Yes,Yes,Yes,Yes,No,Mailed check,Yes,No,Yes,No,0
CUST-006468,12,64.09,722.07,Month-to-month,DSL,No,No,No,Yes,No,Yes,Yes,Bank transfer,Yes,No,No,No,1
CUST-006469,3,51.97,261.42,One year,DSL,No,No,No,No,No,Yes,Yes,Credit card,Yes,No,Yes,Yes,0
CUST-006470,67,46.35,3058.53,Month-to-month,No,Yes,No,No,No,Yes,Yes,Yes,Credit card,No,No,Yes,Yes,0
CUST-006471,15,120.15,2166.3,Month-to-month,Fiber optic,Yes,No,Yes,Yes,Yes,Yes,Yes,Credit card,No,No,Yes,Yes,0
CUST-006472,64,126.5,8124.21,One year,Fiber optic,Yes,No,Yes,Yes,Yes,Yes,No,Electronic check,No,No,No,No,0
CUST-006473,43,32.19,1547.72,One year,No,Yes,No,No,Yes,No,Yes,No,Electronic check,No,No,No,No,0
CUST-006474,37,104.15,3838.84,Two year,Fiber optic,No,No,Yes,No,No,Yes,Yes,Credit card,Yes,Yes,No,No,0
CUST-006475,66,131.8,8743.32,Month-to-month,Fiber optic,Yes,Yes,Yes,Yes,No,Yes,Yes,Credit card,No,No,No,No,0
CUST-006476,3,77.49,141.49,One year,DSL,Yes,No,No,No,Yes,Yes,No,Credit card,No,No,No,No,1
CUST-006477,62,38.21,2399.1,One year,No,No,No,Yes,Yes,Yes,Yes,Yes,Mailed check,No,No,Yes,No,0
CUST-006478,59,88.27,5169.97,Month-to-month,Fiber optic,No,No,Yes,No,No,Yes,No,Electronic check,No,No,No,Yes,1
CUST-006479,68,104.79,7269.36,Two year,Fiber optic,No,No,No,No,No,Yes,Yes,Mailed check,Yes,No,Yes,No,0
CUST-006480,43,24.27,883.78,One year,No,No,No,No,No,Yes,Yes,No,Mailed check,Yes,No,Yes,No,0
CUST-006481,72,77.57,5635.78,One year,DSL,Yes,Yes,Yes,No,No,Yes,Yes,Credit card,Yes,No,No,No,0
CUST-006482,22,93.03,2058.89,Month-to-month,Fiber optic,No,Yes,No,No,Yes,No,Yes,Mailed check,Yes,No,Yes,No,0
CUST-006483,0,65.18,95.76,One year,DSL,Yes,No,No,No,No,Yes,No,Electronic check,Yes,No,No,No,0
CUST-006484,3,51.43,264.27,Month-to-month,No,No,Yes,Yes,No,No,Yes,Yes,Bank transfer,No,Yes,Yes,Yes,0
CUST-006485,59,91.08,5518.69,One year,Fiber optic,No,No,No,Yes,Yes,Yes,No,Electronic check,Yes,Yes,No,No,1
CUST-006486,28,112.81,2944.01,Month-to-month,Fiber optic,No,Yes,No,No,Yes,No,No,Mailed check,No,No,Yes,No,1
CUST-006487,4,43.46,0.0,Two year,No,No,Yes,Yes,Yes,Yes,Yes,No,Credit card,Yes,No,No,No,1
CUST-006488,5,83.07,479.82,One year,DSL,Yes,Yes,Yes,No,Yes,No,Yes,Bank transfer,Yes,No,No,No,0
CUST-006489,57,71.04,4138.02,Month-to-month,DSL,No,Yes,Yes,No,No,Yes,Yes,Electronic check,Yes,No,No,No,1
CUST-006490,32,123.41,3883.25,Two year,Fiber optic,Yes,No,Yes,Yes,No,Yes,No,Mailed check,No,No,Yes,No,0
CUST-006491,18,102.6,2096.63,One year,DSL,Yes,Yes,Yes,Yes,No,Yes,Yes,Electronic check,Yes,No,Yes,No,1
CUST-006492,4,68.32,173.92,Month-to-month,DSL,No,Yes,No,Yes,No,Yes,No,Bank transfer,Yes,No,Yes,No,1
CUST-006493,69,104.89,7350.58,Month-to-month,Fiber optic,No,No,Yes,Yes,Yes,No,No,Electronic check,Yes,No,No,No,0
CUST-006494,48,61.69,2923.33,Month-to-month,DSL,No,Yes,Yes,Yes,No,No,No,Credit card,Yes,No,Yes,Yes,0
CUST-006495,57,94.98,5540.23,Month-to-month,Fiber optic,No,No,Yes,Yes,No,Yes,Yes,Bank transfer,No,No,Yes,No,0
CUST-006496,45,99.87,4385.51,One year,Fiber optic,No,Yes,Yes,Yes,No,Yes,No,Credit card,No,No,No,No,0
CUST-006497,52,73.39,3867.43,Month-to-month,DSL,No,No,Yes,Yes,Yes,No,No,Credit card,Yes,No,No,No,0
CUST-006498,16,82.74,1366.12,One year,DSL,No,Yes,Yes,Yes,Yes,Yes,Yes,Credit card,No,No,No,No,0
CUST-006499,27,76.21,2270.47,Two year,DSL,No,Yes,Yes,No,Yes,Yes,No,Credit card,Yes,No,No,Yes,0
CUST-006500,45,110.76,4959.3,One year,Fiber optic,No,Yes,Yes,Yes,No,Yes,No,Electronic check,No,No,No,No,0
CUST-006501,43,109.02,4682.57,Month-to-month,Fiber optic,No,No,Yes,No,Yes,Yes,Yes,Bank transfer,No,No,Yes,Yes,0
CUST-006502,12,76.74,1033.43,One year,DSL,Yes,No,Yes,No,No,Yes,No,Credit card,Yes,No,No,Yes,0
CUST-006503,11,67.53,623.32,Month-to-month,DSL,No,No,No,Yes,No,Yes,No,Electronic check,No,No,Yes,Yes,0
CUST-006504,9,43.61,404.79,One year,No,No,No,Yes,Yes,No,Yes,No,Bank transfer,Yes,No,No,No,0
CUST-006505,62,51.12,3551.06,Month-to-month,DSL,No,No,Yes,No,No,No,No,Electronic check,Yes,No,No,No,0
CUST-006506,26,65.27,1733.89,One year,No,Yes,Yes,No,No,Yes,Yes,Yes,Credit card,Yes,No,No,No,0
CUST-006507,58,102.54,5878.46,One year,DSL,Yes,Yes,Yes,Yes,Yes,No,Yes,Bank transfer,No,No,No,Yes,0
CUST-006508,13,63.74,841.2,Month-to-month,DSL,No,Yes,Yes,No,No,Yes,Yes,Electronic check,Yes,No,Yes,No,0
CUST-006509,16,124.63,1695.76,Month-to-month,Fiber optic,Yes,No,Yes,No,Yes,Yes,Yes,Mailed check,Yes,No,No,Yes,1
CUST-006510,34,79.54,2634.88,Month-to-month,Fiber optic,No,No,No,No,No,Yes,Yes,Electronic check,Yes,No,No,Yes,1
CUST-006511,66,67.94,4486.01,Month-to-month,DSL,No,No,Yes,No,No,Yes,Yes,Credit card,No,Yes,No,No,0
CUST-006512,41,99.28,4227.85,Month-to-month,Fiber optic,No,No,Yes,Yes,Yes,Yes,No,Bank transfer,Yes,No,Yes,No,1
CUST-006513,31,73.86,2185.66,One year,DSL,No,Yes,No,Yes,No,Yes,Yes,Electronic check,No,No,Yes,No,0
CUST-006514,33,89.21,2911.99,Two year,DSL,Yes,Yes,No,Yes,Yes,Yes,No,Electronic check,Yes,No,No,No,1
CUST-006515,9,35.09,215.28,Month-to-month,No,No,No,No,No,No,Yes,No,Credit card,No,No,Yes,No,0
CUST-006516,39,112.42,4322.02,Month-to-month,Fiber optic,No,No,No,Yes,No,Yes,Yes,Credit card,Yes,No,No,No,1
CUST-006517,54,63.04,3158.7,Month-to-month,DSL,Yes,No,Yes,Yes,No,Yes,Yes,Electronic check,Yes,No,No,Yes,0
CUST-006518,61,73.71,4513.7,Two year,DSL,Yes,Yes,No,No,No,Yes,No,Mailed check,Yes,Yes,No,Yes,0
CUST-006519,63,43.47,2706.93,Month-to-month,No,No,No,No,Yes,Yes,Yes,No,Bank transfer,Yes,No,No,No,0
CUST-006520,72,64.18,4599.5,Month-to-month,No,No,No,Yes,No,No,Yes,Yes,Credit card,No,No,Yes,No,1
CUST-006521,4,61.81,285.33,Month-to-month,DSL,No,Yes,Yes,No,No,Yes,No,Bank transfer,No,No,No,No,0
CUST-006522,5,81.51,71.29,Two year,Fiber optic,No,No,No,No,No,Yes,Yes,Electronic check,Yes,Yes,Yes,No,0
CUST-006523,3,145.36,343.6,Two year,Fiber optic,Yes,Yes,Yes,Yes,Yes,Yes,Yes,Bank transfer,Yes,No,No,Yes,1
CUST-006524,44,89.52,3945.32,Month-to-month,Fiber optic,No,No,No,No,No,Yes,Yes,Electronic check,No,No,No,No,1
CUST-006525,2,73.85,63.27,Month-to-month,DSL,Yes,No,Yes,Yes,Yes,Yes,No,Bank transfer,Yes,No,Yes,No,0
CUST-006526,1,80.23,259.31,One year,DSL,No,Yes,No,Yes,Yes,Yes,Yes,Bank transfer,Yes,Yes,No,No,1
CUST-006527,55,117.21,6523.48,Month-to-month,Fiber optic,No,No,Yes,No,No,Yes,Yes,Electronic check,No,No,No,No,0
CUST-006528,38,68.94,2750.44,One year,DSL,No,Yes,No,Yes,No,Yes,No,Mailed check,Yes,No,Yes,No,0
CUST-006529,53,126.08,6654.73,Month-to-month,Fiber optic,Yes,No,No,No,Yes,Yes,Yes,Electronic check,No,No,Yes,No,1
CUST-006530,29,75.04,2001.64,Two year,DSL,No,No,Yes,Yes,Yes,Yes,No,Bank transfer,Yes,Yes,Yes,No,0
CUST-006531,60,42.53,2208.61,Month-to-month,No,No,No,No,Yes,Yes,Yes,No,Electronic check,Yes,Yes,Yes,No,1
CUST-006532,0,91.0,159.66,Month-to-month,Fiber optic,No,No,Yes,Yes,No,No,No,Electronic check,Yes,No,Yes,No,1
CUST-006533,37,97.77,3813.55,One year,Fiber optic,Yes,Yes,Yes,No,No,Yes,No,Electronic check,Yes,No,No,No,1
CUST-006534,68,109.48,7488.1,One year,Fiber optic,No,No,No,No,Yes,Yes,No,Bank transfer,No,No,Yes,Yes,0
CUST-006535,17,77.11,1371.83,Month-to-month,DSL,Yes,No,Yes,Yes,No,Yes,No,Electronic check,Yes,No,Yes,No,1
CUST-006536,28,107.45,3102.32,Two year,Fiber optic,No,No,Yes,Yes,No,Yes,Yes,Credit card,No,No,No,No,0
CUST-006537,1,101.4,341.43,Month-to-month,Fiber optic,Yes,No,Yes,No,Yes,Yes,No,Credit card,No,Yes,No,No,1
CUST-006538,37,104.59,3732.65,Month-to-month,Fiber optic,No,No,No,Yes,No,Yes,Yes,Mailed check,Yes,Yes,No,No,1
CUST-006539,61,72.23,4292.35,Month-to-month,DSL,No,Yes,No,Yes,No,Yes,No,Mailed check,Yes,No,No,Yes,0
CUST-006540,55,53.79,3024.73,Month-to-month,No,No,No,No,Yes,No,Yes,Yes,Mailed check,No,No,Yes,No,1
CUST-006541,30,105.6,3068.93,Month-to-month,Fiber optic,Yes,No,No,No,No,Yes,Yes,Credit card,Yes,No,No,Yes,1
CUST-006542,43,103.8,4555.42,Month-to-month,Fiber optic,No,Yes,Yes,No,No,Yes,Yes,Electronic check,No,No,No,No,1
CUST-006543,39,87.4,3369.31,One year,Fiber optic,Yes,Yes,No,No,No,Yes,No,Credit card,No,No,Yes,No,1
CUST-006544,62,55.27,3451.0,One year,No,No,Yes,Yes,Yes,Yes,Yes,No,Electronic check,Yes,No,Yes,Yes,0
CUST-006545,5,97.83,476.08,Month-to-month,DSL,Yes,Yes,Yes,Yes,Yes,Yes,No,Bank transfer,No,No,No,No,1
CUST-006546,4,113.52,167.16,Month-to-month,Fiber optic,No,No,No,Yes,Yes,Yes,Yes,Credit card,Yes,No,Yes,No,1
CUST-006547,67,112.49,7622.92,Month-to-month,Fiber optic,No,Yes,Yes,Yes,Yes,Yes,Yes,Bank transfer,Yes,No,Yes,No,0
CUST-006548,2,100.94,0.0,Month-to-month,Fiber optic,Yes,No,No,No,Yes,Yes,No,Mailed check,Yes,No,Yes,No,1
CUST-006549,6,47.04,259.99,Two year,No,No,No,Yes,Yes,No,Yes,No,Mailed check,Yes,Yes,Yes,No,0
CUST-006550,13,111.45,1432.64,Month-to-month,Fiber optic,No,No,Yes,Yes,Yes,Yes,Yes,Bank transfer,Yes,Yes,No,No,1
CUST-006551,21,85.64,1709.8,Month-to-month,DSL,No,No,Yes,Yes,Yes,Yes,No,Bank transfer,Yes,No,Yes,No,0
CUST-006552,45,46.61,2086.97,Month-to-month,No,No,No,Yes,No,Yes,Yes,No,Electronic check,No,No,Yes,No,0
CUST-006553,26,67.03,1817.46,Month-to-month,DSL,Yes,No,No,No,No,Yes,Yes,Electronic check,Yes,Yes,Yes,Yes,1
CUST-006554,45,71.77,3418.44,One year,DSL,No,No,No,Yes,Yes,No,No,Mailed check,Yes,No,No,No,0
CUST-006555,11,121.21,944.22,Month-to-month,Fiber optic,Yes,Yes,Yes,Yes,Yes,Yes,No,Mailed check,Yes,No,Yes,Yes,1
CUST-006556,13,55.98,815.5,One year,No,No,Yes,Yes,Yes,No,No,Yes,Bank transfer,No,No,Yes,No,1
CUST-006557,49,60.19,3158.92,Month-to-month,DSL,No,No,No,Yes,No,Yes,No,Bank transfer,Yes,No,No,No,0
CUST-006558,4,133.76,634.21,Month-to-month,Fiber optic,Yes,Yes,Yes,No,Yes,Yes,No,Electronic check,Yes,No,No,No,1
CUST-006559,72,76.03,5290.88,One year,DSL,No,Yes,Yes,Yes,No,Yes,No,Electronic check,Yes,No,Yes,No,0
CUST-006560,39,88.44,3015.9,Month-to-month,Fiber optic,No,No,No,No,No,Yes,No,Electronic check,Yes,No,No,Yes,1
CUST-006561,47,71.34,3586.87,Month-to-month,DSL,Yes,No,Yes,No,No,No,Yes,Credit card,No,No,Yes,No,1
CUST-006562,65,102.23,6826.82,Month-to-month,Fiber optic,No,Yes,No,Yes,No,Yes,Yes,Credit card,No,No,Yes,Yes,0
CUST-006563,29,68.31,2007.96,Month-to-month,No,No,No,No,Yes,Yes,Yes,Yes,Credit card,Yes,No,Yes,No,0
CUST-006564,13,81.56,1499.12,Month-to-month,Fiber optic,No,No,Yes,Yes,No,No,No,Mailed check,No,No,Yes,No,1
CUST-006565,46,33.06,1469.91,Month-to-month,DSL,No,No,No,No,No,No,No,Credit card,No,No,Yes,No,0
CUST-006566,31,41.05,1545.2,One year,No,Yes,No,No,Yes,Yes,Yes,No,Bank transfer,Yes,No,Yes,No,0
CUST-006567,22,82.46,1872.29,Two year,DSL,Yes,Yes,Yes,No,No,No,No,Mailed check,Yes,No,Yes,Yes,0
CUST-006568,61,69.09,4148.76,Month-to-month,DSL,Yes,Yes,No,No,Yes,Yes,No,Electronic check,No,Yes,No,No,0
CUST-006569,38,126.48,5065.26,One year,Fiber optic,Yes,No,Yes,Yes,No,Yes,No,Bank transfer,Yes,No,No,Yes,1
CUST-006570,59,78.37,4636.49,Month-to-month,DSL,Yes,Yes,No,No,Yes,Yes,No,Credit card,Yes,No,No,No,0
CUST-006571,14,106.49,1522.5,One year,Fiber optic,No,Yes,Yes,No,No,Yes,Yes,Electronic check,Yes,No,No,Yes,1
CUST-006572,45,84.21,3608.78,Month-to-month,Fiber optic,Yes,No,Yes,Yes,No,Yes,No,Electronic check,No,No,No,No,1
CUST-006573,28,52.43,1403.2,Month-to-month,DSL,No,Yes,No,No,No,Yes,No,Credit card,Yes,No,No,No,0
CUST-006574,54,44.31,2312.53,One year,No,No,No,Yes,No,Yes,Yes,No,Mailed check,No,No,Yes,Yes,0
CUST-006575,16,50.42,918.74,Month-to-month,No,Yes,No,Yes,Yes,No,Yes,Yes,Credit card,No,No,Yes,No,1
CUST-006576,31,93.43,2861.66,One year,DSL,No,Yes,No,Yes,Yes,Yes,Yes,Bank transfer,No,No,No,No,0
CUST-006577,14,52.23,688.92,Month-to-month,No,Yes,Yes,No,No,No,No,Yes,Credit card,No,Yes,No,No,0
CUST-006578,54,73.62,4001.43,One year,DSL,No,No,Yes,No,Yes,Yes,No,Credit card,Yes,Yes,No,No,0
CUST-006579,4,93.95,220.31,One year,DSL,Yes,Yes,Yes,Yes,No,Yes,No,Mailed check,No,No,Yes,No,0
CUST-006580,9,64.46,444.89,Two year,DSL,No,No,Yes,No,No,Yes,No,Credit card,No,No,Yes,No,0
CUST-006581,40,117.34,4973.09,One year,Fiber optic,No,Yes,No,Yes,Yes,Yes,No,Electronic check,Yes,Yes,Yes,No,1
CUST-006582,8,71.86,705.65,One year,DSL,No,No,Yes,Yes,Yes,No,No,Bank transfer,No,No,No,No,0
CUST-006583,71,94.48,6542.52,Month-to-month,Fiber optic,No,No,No,No,No,Yes,Yes,Credit card,No,No,Yes,No,0
CUST-006584,40,89.13,3335.83,Month-to-month,Fiber optic,No,Yes,Yes,No,No,Yes,No,Electronic check,No,No,No,Yes,0
CUST-006585,7,58.16,289.42,Month-to-month,No,Yes,Yes,No,Yes,Yes,Yes,Yes,Credit card,No,No,No,No,1
CUST-006586,59,119.82,6814.93,Month-to-month,Fiber optic,No,Yes,Yes,Yes,No,Yes,No,Bank transfer,No,No,Yes,No,0
CUST-006587,13,125.86,1457.81,Two year,Fiber optic,Yes,No,Yes,Yes,Yes,Yes,Yes,Bank transfer,Yes,No,Yes,No,1
CUST-006588,66,63.34,4028.73,One year,DSL,No,Yes,No,No,No,Yes,Yes,Mailed check,No,No,Yes,Yes,0
CUST-006589,53,64.43,3453.54,Month-to-month,DSL,No,Yes,No,No,No,Yes,No,Credit card,Yes,No,No,Yes,0
CUST-006590,33,85.94,2937.87,Month-to-month,Fiber optic,No,No,No,No,No,No,Yes,Credit card,Yes,No,No,No,1
CUST-006591,64,82.3,5248.3,One year,DSL,No,No,Yes,Yes,No,Yes,Yes,Mailed check,No,No,Yes,No,0
CUST-006592,39,69.72,2702.33,One year,No,Yes,Yes,Yes,No,Yes,Yes,No,Electronic check,No,No,Yes,No,0
CUST-006593,10,49.66,588.16,Month-to-month,No,No,No,No,No,Yes,Yes,No,Electronic check,Yes,No,No,No,0
CUST-006594,72,89.67,6432.7,Month-to-month,Fiber optic,Yes,No,Yes,No,No,Yes,No,Electronic check,Yes,Yes,Yes,No,0
CUST-006595,33,105.38,3515.83,Month-to-month,Fiber optic,No,No,Yes,Yes,No,Yes,Yes,Mailed check,No,No,No,No,1
CUST-006596,65,114.44,7590.1,One year,Fiber optic,Yes,No,Yes,Yes,No,No,Yes,Electronic check,Yes,No,No,No,0
CUST-006597,55,87.76,4606.28,Two year,DSL,Yes,No,No,Yes,Yes,Yes,Yes,Mailed check,Yes,No,Yes,No,0
CUST-006598,36,86.31,2964.03,Two year,DSL,No,Yes,No,Yes,Yes,Yes,No,Electronic check,No,No,No,Yes,1
CUST-006599,4,108.48,397.39,One year,Fiber optic,No,No,Yes,Yes,Yes,Yes,No,Electronic check,No,Yes,Yes,No,0
CUST-006600,22,67.21,1362.76,One year,DSL,No,No,No,No,Yes,Yes,Yes,Electronic check,Yes,No,No,No,0
CUST-006601,16,71.49,1225.46,Month-to-month,DSL,No,Yes,No,No,Yes,Yes,No,Credit card,No,Yes,No,Yes,1
CUST-006602,19,97.68,1926.92,Month-to-month,Fiber optic,Yes,No,No,No,Yes,Yes,No,Bank transfer,Yes,No,Yes,Yes,1
CUST-006603,57,87.13,4729.93,Two year,Fiber optic,No,Yes,No,No,No,Yes,No,Credit card,No,No,No,No,0
CUST-006604,25,78.56,2120.82,Month-to-month,DSL,Yes,Yes,Yes,No,No,Yes,Yes,Bank transfer,Yes,No,Yes,Yes,1
CUST-006605,49,107.21,5257.45,One year,Fiber optic,No,No,Yes,Yes,Yes,Yes,No,Credit card,No,Yes,Yes,No,0
CUST-006606,3,64.3,66.63,One year,No,No,Yes,Yes,Yes,No,Yes,No,Bank transfer,No,No,No,No,0
CUST-006607,71,67.12,4865.18,Month-to-month,No,No,Yes,Yes,Yes,Yes,Yes,No,Mailed check,Yes,No,Yes,Yes,1
CUST-006608,10,59.72,514.64,Month-to-month,DSL,No,No,No,Yes,No,Yes,No,Mailed check,Yes,No,No,Yes,0
CUST-006609,30,74.06,1997.23,One year,Fiber optic,No,No,No,Yes,No,Yes,No,Electronic check,Yes,Yes,No,Yes,0
CUST-006610,36,23.89,1120.5,Month-to-month,No,Yes,No,Yes,No,Yes,Yes,No,Electronic check,No,No,Yes,Yes,0
CUST-006611,2,89.56,0.0,Month-to-month,DSL,No,No,No,Yes,Yes,Yes,Yes,Electronic check,Yes,No,Yes,No,1
CUST-006612,31,87.26,2728.94,Month-to-month,DSL,Yes,Yes,Yes,Yes,Yes,Yes,No,Credit card,No,No,No,Yes,0
CUST-006613,28,85.72,2463.38,One year,Fiber optic,Yes,No,No,No,Yes,Yes,No,Credit card,Yes,No,Yes,Yes,0
CUST-006614,21,110.6,2265.76,Month-to-month,Fiber optic,No,Yes,Yes,Yes,No,Yes,Yes,Mailed check,Yes,Yes,No,No,1
CUST-006615,23,48.69,1206.4,Month-to-month,No,Yes,Yes,No,Yes,Yes,Yes,Yes,Credit card,Yes,No,No,No,0
CUST-006616,35,49.24,1923.78,One year,No,Yes,Yes,No,No,No,Yes,No,Electronic check,No,Yes,No,No,0
CUST-006617,1,85.48,0.0,Two year,DSL,Yes,Yes,No,No,Yes,Yes,No,Mailed check,Yes,No,No,No,0
CUST-006618,22,91.13,1961.72,Month-to-month,DSL,Yes,No,Yes,Yes,Yes,Yes,No,Electronic check,No,No,Yes,No,1
CUST-006619,12,62.26,731.41,Month-to-month,No,Yes,No,Yes,Yes,Yes,Yes,No,Mailed check,Yes,Yes,Yes,Yes,1
CUST-006620,70,108.57,7636.12,One year,Fiber optic,No,Yes,Yes,Yes,No,Yes,Yes,Mailed check,No,Yes,No,No,0
CUST-006621,4,56.73,0.0,Month-to-month,DSL,No,No,Yes,No,Yes,Yes,Yes,Electronic check,No,Yes,No,No,1
CUST-006622,7,90.77,783.96,Month-to-month,DSL,Yes,Yes,Yes,Yes,No,Yes,Yes,Electronic check,No,Yes,No,Yes,0
CUST-006623,70,77.37,5454.39,Month-to-month,No,Yes,Yes,No,Yes,No,Yes,Yes,Bank transfer,No,No,No,No,1
CUST-006624,20,85.3,1867.31,Month-to-month,Fiber optic,No,No,No,Yes,No,Yes,Yes,Electronic check,Yes,No,No,No,1
CUST-006625,28,97.32,2867.77,Two year,DSL,Yes,Yes,No,Yes,No,Yes,No,Electronic check,Yes,No,Yes,No,0
CUST-006626,61,112.31,6764.02,Month-to-month,Fiber optic,No,No,Yes,Yes,Yes,Yes,No,Bank transfer,Yes,No,Yes,No,0
CUST-006627,58,81.2,4508.3,One year,Fiber optic,No,Yes,No,No,No,Yes,No,Bank transfer,Yes,Yes,No,Yes,0
CUST-006628,30,116.7,3636.72,Month-to-month,Fiber optic,Yes,No,Yes,Yes,Yes,No,Yes,Bank transfer,Yes,No,No,Yes,1
CUST-006629,13,85.99,1177.29,Two year,Fiber optic,Yes,Yes,Yes,No,No,Yes,No,Electronic check,Yes,No,Yes,No,1
CUST-006630,17,66.2,1261.63,One year,DSL,No,No,Yes,No,No,Yes,Yes,Electronic check,Yes,No,No,No,1
CUST-006631,8,110.11,789.7,Month-to-month,Fiber optic,Yes,No,No,No,Yes,Yes,Yes,Credit card,Yes,No,No,No,1
CUST-006632,60,82.74,4825.39,Month-to-month,Fiber optic,Yes,No,No,No,No,Yes,Yes,Mailed check,Yes,No,No,Yes,1
CUST-006633,64,66.54,4146.77,Month-to-month,No,No,Yes,No,No,Yes,Yes,Yes,Credit card,No,No,No,No,1
CUST-006634,65,57.32,3430.35,Month-to-month,DSL,No,No,Yes,No,Yes,Yes,No,Bank transfer,Yes,No,No,No,0
CUST-006635,41,68.75,2688.76,Month-to-month,DSL,No,No,No,Yes,Yes,Yes,No,Electronic check,Yes,No,No,No,0
CUST-006636,8,100.64,791.96,Month-to-month,Fiber optic,Yes,No,No,Yes,No,No,Yes,Electronic check,No,No,No,Yes,1
CUST-006637,25,100.68,2422.07,One year,Fiber optic,Yes,No,No,Yes,No,Yes,No,Mailed check,No,No,No,Yes,0
CUST-006638,67,46.35,2914.84,Month-to-month,No,No,Yes,No,Yes,No,Yes,Yes,Bank transfer,Yes,No,No,No,0
CUST-006639,68,37.23,2566.69,One year,No,Yes,No,No,No,No,Yes,No,Mailed check,Yes,Yes,Yes,Yes,0
CUST-006640,27,121.25,3208.65,Month-to-month,Fiber optic,No,No,Yes,No,Yes,Yes,Yes,Electronic check,Yes,No,Yes,No,1
CUST-006641,3,106.72,339.49,Two year,Fiber optic,No,Yes,No,No,Yes,Yes,Yes,Bank transfer,No,No,Yes,Yes,0
CUST-006642,59,79.36,4671.99,One year,DSL,No,Yes,No,Yes,No,Yes,Yes,Electronic check,Yes,No,Yes,No,0
CUST-006643,30,67.17,1984.32,Two year,DSL,No,No,No,No,Yes,Yes,Yes,Bank transfer,No,No,No,No,0
CUST-006644,60,65.24,3722.02,Month-to-month,DSL,Yes,No,No,No,No,Yes,No,Credit card,No,No,No,No,0
CUST-006645,31,73.17,2417.12,One year,DSL,No,No,Yes,No,Yes,Yes,Yes,Electronic check,No,No,No,Yes,0
CUST-006646,22,88.15,1764.19,Two year,DSL,No,Yes,Yes,Yes,No,Yes,Yes,Electronic check,Yes,No,No,Yes,0
CUST-006647,70,106.2,7566.95,One year,Fiber optic,No,No,Yes,Yes,Yes,Yes,No,Credit card,No,Yes,No,No,1
CUST-006648,36,88.98,3139.46,Month-to-month,DSL,Yes,Yes,Yes,Yes,No,Yes,No,Credit card,Yes,No,Yes,Yes,0
CUST-006649,16,75.13,1307.76,One year,DSL,No,No,No,Yes,Yes,Yes,Yes,Mailed check,No,No,Yes,No,1
CUST-006650,25,72.64,1845.1,Two year,DSL,No,Yes,Yes,No,No,Yes,Yes,Electronic check,No,Yes,No,Yes,0
CUST-006651,30,62.81,1890.85,Month-to-month,No,Yes,Yes,Yes,Yes,No,No,Yes,Mailed check,Yes,No,Yes,Yes,1
CUST-006652,35,36.63,1177.92,One year,No,Yes,No,Yes,Yes,No,Yes,No,Electronic check,No,No,Yes,No,1
CUST-006653,57,33.15,2100.06,Month-to-month,No,No,No,Yes,No,Yes,Yes,No,Bank transfer,Yes,Yes,Yes,No,0
CUST-006654,19,110.06,2038.2,Month-to-month,Fiber optic,No,Yes,Yes,Yes,Yes,Yes,No,Mailed check,Yes,Yes,Yes,No,1
CUST-006655,21,77.88,1907.93,Two year,DSL,Yes,No,No,Yes,No,Yes,No,Credit card,No,No,Yes,No,0
CUST-006656,21,67.53,1326.61,Month-to-month,DSL,Yes,No,Yes,No,No,Yes,No,Bank transfer,Yes,No,Yes,No,0
CUST-006657,48,92.25,4154.52,Month-to-month,Fiber optic,No,Yes,Yes,No,Yes,No,No,Electronic check,Yes,No,No,Yes,0
CUST-006658,4,87.96,94.47,Month-to-month,Fiber optic,Yes,No,No,No,No,Yes,No,Mailed check,No,No,Yes,No,1
CUST-006659,18,77.17,1253.15,Month-to-month,DSL,No,Yes,No,Yes,Yes,Yes,Yes,Bank transfer,No,No,No,Yes,1
CUST-006660,8,63.08,304.16,One year,DSL,Yes,Yes,No,Yes,Yes,Yes,No,Electronic check,Yes,No,Yes,No,0
CUST-006661,38,79.6,3144.77,Month-to-month,DSL,No,Yes,Yes,No,Yes,Yes,No,Mailed check,No,No,Yes,No,0
CUST-006662,58,110.95,6375.83,Month-to-month,Fiber optic,Yes,Yes,No,Yes,No,Yes,Yes,Electronic check,No,No,Yes,Yes,1
CUST-006663,25,42.4,1065.24,Two year,DSL,Yes,No,No,No,No,Yes,Yes,Mailed check,Yes,No,Yes,Yes,0
CUST-006664,32,63.22,2204.74,One year,DSL,No,No,Yes,Yes,Yes,Yes,No,Mailed check,No,No,No,No,0
CUST-006665,35,66.68,2282.88,Month-to-month,No,No,Yes,No,Yes,No,Yes,Yes,Bank transfer,No,No,No,No,0
CUST-006666,19,107.58,2144.27,Month-to-month,Fiber optic,No,Yes,Yes,No,No,Yes,Yes,Bank transfer,Yes,No,Yes,No,1
CUST-006667,21,72.47,1331.99,Two year,DSL,No,No,No,Yes,No,Yes,No,Mailed check,No,No,Yes,Yes,0
CUST-006668,5,61.21,87.74,Month-to-month,No,Yes,No,Yes,Yes,No,Yes,Yes,Electronic check,No,No,No,No,1
CUST-006669,56,37.86,1991.39,Two year,No,No,No,Yes,No,Yes,Yes,No,Bank transfer,No,No,No,No,0
CUST-006670,40,49.7,1814.69,Two year,No,No,No,Yes,No,Yes,Yes,Yes,Credit card,No,No,No,Yes,0
CUST-006671,15,69.54,966.62,Two year,DSL,No,No,No,Yes,No,Yes,No,Mailed check,Yes,No,No,No,1
CUST-006672,50,96.12,4658.14,Month-to-month,Fiber optic,Yes,No,Yes,No,No,Yes,Yes,Credit card,Yes,No,No,No,0
CUST-006673,34,32.3,909.48,Two year,No,No,No,Yes,No,No,Yes,No,Credit card,Yes,No,No,No,0
CUST-006674,20,115.98,2463.81,One year,Fiber optic,No,No,Yes,Yes,No,Yes,Yes,Electronic check,No,No,No,No,0
CUST-006675,71,67.66,4596.53,Two year,DSL,Yes,No,No,No,Yes,Yes,No,Bank transfer,Yes,No,Yes,Yes,0
CUST-006676,26,92.45,2296.77,One year,DSL,Yes,No,Yes,Yes,Yes,Yes,No,Credit card,Yes,No,No,No,0
CUST-006677,29,79.13,2355.08,One year,DSL,No,Yes,No,No,No,Yes,Yes,Electronic check,Yes,No,No,No,1
CUST-006678,43,103.15,4528.39,Month-to-month,Fiber optic,No,No,No,No,Yes,Yes,No,Electronic check,Yes,No,Yes,Yes,0
CUST-006679,17,86.54,1596.32,Two year,DSL,Yes,No,Yes,No,Yes,Yes,Yes,Mailed check,Yes,Yes,No,No,1
CUST-006680,46,66.7,2892.53,Month-to-month,DSL,No,Yes,No,Yes,Yes,Yes,No,Bank transfer,No,Yes,Yes,No,0
CUST-006681,63,115.58,7377.15,Month-to-month,Fiber optic,No,Yes,No,No,Yes,Yes,Yes,Credit card,Yes,No,No,Yes,1
CUST-006682,10,82.9,919.37,Month-to-month,Fiber optic,No,No,Yes,No,No,No,No,Electronic check,No,Yes,Yes,Yes,1
CUST-006683,58,60.11,3466.9,Month-to-month,No,Yes,Yes,Yes,No,No,Yes,No,Bank transfer,Yes,No,No,No,0
CUST-006684,33,37.14,880.38,Month-to-month,No,No,No,No,Yes,Yes,Yes,No,Bank transfer,No,No,Yes,No,0
CUST-006685,68,82.61,5685.08,Month-to-month,DSL,No,No,Yes,No,Yes,Yes,Yes,Electronic check,No,No,Yes,No,0
CUST-006686,38,59.59,2427.85,Two year,DSL,No,No,Yes,No,No,Yes,No,Bank transfer,Yes,Yes,Yes,No,0
CUST-006687,40,80.65,3344.6,One year,DSL,No,No,No,Yes,Yes,Yes,Yes,Mailed check,No,No,Yes,Yes,0
CUST-006688,29,95.95,2585.91,Month-to-month,DSL,Yes,Yes,Yes,Yes,No,Yes,No,Electronic check,Yes,No,Yes,No,1
CUST-006689,54,60.6,3070.25,Month-to-month,No,Yes,Yes,Yes,No,Yes,Yes,Yes,Electronic check,Yes,Yes,Yes,No,0
CUST-006690,52,77.43,3819.52,Month-to-month,DSL,Yes,No,Yes,Yes,No,Yes,Yes,Mailed check,Yes,No,Yes,No,0
CUST-006691,14,115.63,1703.21,One year,Fiber optic,No,Yes,No,Yes,Yes,Yes,Yes,Electronic check,Yes,Yes,No,Yes,1
CUST-006692,45,115.57,5399.6,Month-to-month,Fiber optic,Yes,No,Yes,No,No,Yes,No,Bank transfer,No,No,Yes,Yes,1
CUST-006693,45,56.08,2380.48,One year,No,No,Yes,No,Yes,No,Yes,No,Electronic check,No,No,No,Yes,0
CUST-006694,39,70.38,2963.42,Month-to-month,DSL,No,No,No,No,Yes,Yes,No,Electronic check,No,No,Yes,No,0
CUST-006695,35,109.1,3754.98,Month-to-month,Fiber optic,No,Yes,No,Yes,No,Yes,No,Bank transfer,Yes,Yes,Yes,No,0
CUST-006696,40,84.14,3387.96,Month-to-month,DSL,Yes,No,Yes,No,No,Yes,Yes,Electronic check,Yes,No,No,No,0
CUST-006697,2,98.17,83.77,Month-to-month,Fiber optic,No,Yes,Yes,No,No,Yes,No,Electronic check,Yes,No,Yes,No,1
CUST-006698,66,100.5,6283.34,Month-to-month,Fiber optic,Yes,No,Yes,Yes,No,Yes,No,Credit card,Yes,No,Yes,No,0
CUST-006699,22,114.11,2418.24,One year,Fiber optic,No,No,No,No,Yes,Yes,Yes,Bank transfer,No,No,No,Yes,0
CUST-006700,18,112.67,1954.74,Month-to-month,Fiber optic,No,Yes,Yes,Yes,Yes,No,No,Credit card,Yes,No,No,No,1
CUST-006701,15,74.41,1217.46,Month-to-month,DSL,Yes,No,Yes,Yes,Yes,No,No,Mailed check,Yes,No,Yes,Yes,1
CUST-006702,60,114.12,7029.9,One year,Fiber optic,No,Yes,No,Yes,Yes,Yes,Yes,Mailed check,Yes,Yes,No,No,0
CUST-006703,36,95.41,3363.49,Month-to-month,Fiber optic,No,No,Yes,No,Yes,No,No,Credit card,Yes,No,Yes,No,1
CUST-006704,33,99.65,3518.42,One year,Fiber optic,Yes,No,Yes,Yes,No,Yes,Yes,Electronic check,Yes,No,Yes,No,0
CUST-006705,36,88.86,3150.16,One year,DSL,No,No,No,Yes,Yes,Yes,Yes,Electronic check,No,No,Yes,No,0
CUST-006706,24,89.15,2042.38,Month-to-month,DSL,Yes,Yes,No,Yes,Yes,Yes,No,Electronic check,Yes,No,Yes,No,1
CUST-006707,28,104.11,2957.84,Two year,Fiber optic,Yes,Yes,No,No,Yes,Yes,No,Bank transfer,No,No,Yes,No,0
CUST-006708,54,84.56,4623.55,Two year,DSL,Yes,Yes,No,No,Yes,Yes,Yes,Credit card,No,No,No,No,0
CUST-006709,67,88.19,6096.89,Month-to-month,Fiber optic,Yes,No,Yes,Yes,No,No,Yes,Bank transfer,No,Yes,Yes,No,0
CUST-006710,62,81.22,4918.82,One year,DSL,No,No,No,Yes,No,Yes,Yes,Credit card,Yes,No,Yes,No,0
CUST-006711,5,68.66,188.44,Month-to-month,DSL,Yes,No,Yes,No,No,Yes,No,Credit card,Yes,No,No,No,1
CUST-006712,43,124.68,5805.34,Month-to-month,Fiber optic,Yes,Yes,Yes,No,Yes,Yes,Yes,Electronic check,Yes,No,Yes,No,1
CUST-006713,25,104.71,2286.48,One year,Fiber optic,No,Yes,No,No,No,Yes,Yes,Electronic check,Yes,No,Yes,No,1
CUST-006714,67,116.75,7957.61,Two year,Fiber optic,No,Yes,Yes,Yes,No,Yes,No,Bank transfer,No,No,Yes,No,0
CUST-006715,35,80.33,2938.96,Month-to-month,Fiber optic,No,No,Yes,No,No,No,No,Electronic check,Yes,Yes,Yes,Yes,1
CUST-006716,18,109.74,1969.18,Two year,Fiber optic,No,No,No,Yes,No,Yes,No,Bank transfer,No,No,No,No,0
CUST-006717,50,118.19,5817.63,One year,Fiber optic,Yes,No,Yes,No,No,Yes,Yes,Bank transfer,No,No,No,Yes,0
CUST-006718,4,52.39,295.04,Month-to-month,DSL,Yes,No,No,No,No,No,No,Bank transfer,Yes,No,Yes,No,0
CUST-006719,51,94.91,4716.23,Two year,Fiber optic,Yes,Yes,No,No,No,Yes,No,Bank transfer,Yes,Yes,Yes,Yes,0
CUST-006720,42,121.53,4986.16,Two year,Fiber optic,Yes,No,No,Yes,Yes,Yes,No,Credit card,Yes,No,Yes,Yes,0
CUST-006721,68,98.17,6687.56,Month-to-month,Fiber optic,No,No,Yes,No,No,Yes,No,Electronic check,Yes,No,No,No,1
CUST-006722,33,55.96,1895.43,One year,DSL,No,No,No,Yes,No,Yes,No,Mailed check,No,No,Yes,No,0
CUST-006723,66,64.65,3934.52,Month-to-month,DSL,Yes,Yes,Yes,Yes,No,Yes,Yes,Electronic check,Yes,No,No,No,0
CUST-006724,5,87.22,709.5,Month-to-month,Fiber optic,No,Yes,No,No,No,Yes,No,Mailed check,No,No,Yes,No,1
CUST-006725,34,112.19,3821.38,Month-to-month,Fiber optic,No,No,No,No,Yes,Yes,Yes,Credit card,Yes,No,No,No,0
CUST-006726,61,113.63,6873.07,Month-to-month,Fiber optic,Yes,Yes,Yes,No,No,Yes,Yes,Credit card,Yes,Yes,Yes,Yes,0
CUST-006727,60,82.17,4770.0,Month-to-month,Fiber optic,No,No,Yes,No,Yes,Yes,Yes,Mailed check,Yes,No,No,No,0
CUST-006728,63,81.79,5280.05,Month-to-month,DSL,No,Yes,No,No,Yes,Yes,Yes,Mailed check,Yes,No,Yes,Yes,0
CUST-006729,16,59.65,867.56,Month-to-month,No,No,No,No,Yes,Yes,Yes,Yes,Credit card,No,No,No,No,1
CUST-006730,35,85.08,2905.62,Month-to-month,DSL,Yes,Yes,No,Yes,No,No,Yes,Credit card,Yes,Yes,No,No,0
CUST-006731,4,27.13,196.02,Month-to-month,No,No,No,No,Yes,No,Yes,Yes,Bank transfer,No,No,Yes,Yes,1
CUST-006732,23,51.38,1202.64,Month-to-month,DSL,No,No,No,Yes,No,Yes,No,Credit card,No,No,No,Yes,1
CUST-006733,50,107.69,5101.32,Two year,Fiber optic,Yes,No,No,Yes,No,Yes,No,Mailed check,Yes,No,Yes,Yes,0
CUST-006734,5,87.24,152.62,Month-to-month,DSL,Yes,No,No,No,Yes,Yes,No,Electronic check,No,No,No,No,1
CUST-006735,50,46.54,2544.12,One year,DSL,Yes,No,No,No,No,Yes,No,Credit card,Yes,Yes,Yes,Yes,0
CUST-006736,63,117.76,7273.63,Month-to-month,Fiber optic,No,Yes,Yes,No,Yes,No,No,Credit card,No,No,Yes,Yes,0
CUST-006737,58,129.29,7586.49,Two year,Fiber optic,Yes,Yes,No,No,No,Yes,No,Electronic check,Yes,No,No,Yes,0
CUST-006738,69,106.2,7324.07,Two year,DSL,Yes,No,Yes,Yes,No,Yes,Yes,Credit card,No,Yes,No,No,0
CUST-006739,48,69.77,3466.68,Two year,DSL,No,No,No,No,Yes,Yes,No,Electronic check,No,No,Yes,No,0
CUST-006740,49,66.7,3552.46,Month-to-month,DSL,Yes,Yes,No,Yes,No,Yes,Yes,Electronic check,Yes,No,Yes,No,1
CUST-006741,5,110.75,367.18,Month-to-month,Fiber optic,No,No,No,Yes,Yes,Yes,No,Mailed check,No,No,No,No,1
CUST-006742,29,101.61,3023.86,One year,Fiber optic,Yes,No,No,No,No,Yes,Yes,Bank transfer,Yes,No,No,No,0
CUST-006743,62,97.71,5958.22,One year,Fiber optic,No,No,No,No,No,Yes,No,Bank transfer,No,No,Yes,No,0
CUST-006744,13,118.49,1583.63,Two year,Fiber optic,Yes,No,No,Yes,No,Yes,No,Mailed check,No,No,Yes,No,0
CUST-006745,17,111.62,1956.27,Month-to-month,Fiber optic,Yes,No,No,Yes,Yes,Yes,No,Electronic check,Yes,No,No,Yes,1
CUST-006746,29,110.59,3168.32,Two year,Fiber optic,No,No,No,No,Yes,No,Yes,Electronic check,Yes,No,No,Yes,0
CUST-006747,56,107.67,5999.68,Two year,Fiber optic,Yes,Yes,No,No,Yes,Yes,No,Mailed check,Yes,No,Yes,No,0
CUST-006748,10,90.64,776.8,Month-to-month,DSL,Yes,Yes,Yes,No,No,Yes,Yes,Mailed check,No,No,No,Yes,1
CUST-006749,58,65.93,3655.13,Month-to-month,DSL,Yes,Yes,Yes,Yes,No,Yes,No,Mailed check,Yes,No,No,Yes,0
CUST-006750,68,109.42,7365.96,Two year,Fiber optic,Yes,Yes,Yes,Yes,Yes,Yes,No,Electronic check,No,Yes,Yes,Yes,0
CUST-006751,14,77.43,1148.87,Month-to-month,DSL,No,No,Yes,No,No,Yes,No,Electronic check,No,No,No,Yes,0
CUST-006752,4,110.03,326.29,Month-to-month,Fiber optic,Yes,Yes,No,No,Yes,Yes,Yes,Mailed check,No,No,Yes,No,0
CUST-006753,11,123.49,1423.98,Month-to-month,Fiber optic,No,Yes,Yes,No,Yes,Yes,Yes,Credit card,Yes,No,No,No,1
CUST-006754,2,98.45,373.65,Month-to-month,Fiber optic,No,No,No,Yes,Yes,Yes,No,Credit card,Yes,No,No,No,1
CUST-006755,50,99.66,5127.08,Two year,DSL,Yes,No,Yes,Yes,Yes,Yes,Yes,Mailed check,Yes,No,No,No,0
CUST-006756,1,49.75,0.0,Month-to-month,No,No,Yes,No,No,No,Yes,Yes,Mailed check,Yes,No,No,No,1
CUST-006757,32,44.77,954.39,Month-to-month,No,No,Yes,No,No,No,Yes,Yes,Mailed check,Yes,No,Yes,Yes,0
CUST-006758,41,96.41,3798.62,One year,DSL,Yes,Yes,No,Yes,Yes,Yes,No,Credit card,Yes,No,Yes,No,1
CUST-006759,72,71.08,5249.16,Two year,No,No,Yes,Yes,Yes,Yes,Yes,No,Bank transfer,No,No,No,Yes,0
CUST-006760,35,62.54,1900.27,Two year,DSL,No,No,Yes,No,No,Yes,No,Mailed check,Yes,No,Yes,No,0
CUST-006761,15,99.22,1597.57,Month-to-month,Fiber optic,Yes,No,No,No,No,Yes,Yes,Electronic check,Yes,No,Yes,No,1
CUST-006762,26,150.0,3599.55,One year,Fiber optic,Yes,Yes,Yes,No,Yes,No,Yes,Electronic check,Yes,No,Yes,No,1
CUST-006763,54,57.15,3138.29,Month-to-month,DSL,Yes,No,No,Yes,No,Yes,No,Bank transfer,No,No,Yes,No,0
CUST-006764,22,92.31,2023.58,One year,Fiber optic,No,No,Yes,Yes,No,Yes,Yes,Electronic check,No,No,Yes,No,0
CUST-006765,68,115.58,7831.85,Month-to-month,Fiber optic,No,Yes,Yes,Yes,No,Yes,No,Mailed check,No,No,No,No,1
CUST-006766,15,113.51,1899.5,Month-to-month,Fiber optic,No,No,No,Yes,No,Yes,Yes,Electronic check,No,No,No,No,1
CUST-006767,26,96.86,2311.35,Month-to-month,Fiber optic,Yes,No,No,No,No,Yes,No,Mailed check,Yes,No,No,No,1
CUST-006768,36,49.47,1629.97,Month-to-month,No,No,No,Yes,Yes,No,Yes,Yes,Credit card,No,No,Yes,No,0
CUST-006769,9,89.51,853.82,Month-to-month,DSL,Yes,Yes,No,No,Yes,Yes,Yes,Credit card,Yes,No,No,No,1
CUST-006770,3,109.26,540.45,Month-to-month,Fiber optic,No,Yes,Yes,No,Yes,Yes,No,Credit card,Yes,No,No,No,1
CUST-006771,14,65.09,1044.36,Two year,DSL,No,No,No,Yes,Yes,Yes,No,Electronic check,Yes,No,No,No,0
CUST-006772,67,62.9,4340.45,One year,DSL,Yes,Yes,No,Yes,No,No,Yes,Mailed check,No,No,No,No,0
CUST-006773,17,115.15,2108.15,Month-to-month,Fiber optic,Yes,Yes,No,Yes,Yes,Yes,No,Electronic check,Yes,No,Yes,Yes,1
CUST-006774,65,63.15,3892.1,Two year,DSL,Yes,No,Yes,Yes,No,Yes,No,Credit card,No,No,Yes,Yes,0
CUST-006775,5,69.86,180.92,Two year,DSL,Yes,No,No,No,No,Yes,Yes,Electronic check,No,No,No,No,0
CUST-006776,26,87.35,2296.27,Month-to-month,DSL,Yes,No,No,Yes,Yes,Yes,Yes,Bank transfer,No,No,Yes,Yes,1
CUST-006777,17,101.64,1428.02,Two year,DSL,Yes,Yes,Yes,No,No,Yes,Yes,Bank transfer,Yes,No,Yes,No,0
CUST-006778,54,59.51,3120.33,Month-to-month,DSL,No,No,No,Yes,No,Yes,No,Credit card,Yes,No,No,Yes,0
CUST-006779,17,86.98,1467.35,One year,Fiber optic,No,No,No,No,Yes,Yes,No,Bank transfer,Yes,No,No,No,0
CUST-006780,22,75.93,1834.21,Month-to-month,DSL,Yes,No,Yes,Yes,No,No,No,Bank transfer,Yes,No,No,No,1
CUST-006781,24,63.89,1662.84,Month-to-month,No,No,Yes,Yes,Yes,No,Yes,No,Electronic check,No,No,No,No,0
CUST-006782,12,69.68,1031.9,One year,DSL,No,No,No,Yes,No,Yes,Yes,Mailed check,Yes,No,No,No,0
CUST-006783,29,114.72,3431.09,One year,Fiber optic,No,Yes,Yes,No,Yes,Yes,Yes,Bank transfer,Yes,No,No,No,0
CUST-006784,6,94.83,722.32,Month-to-month,DSL,Yes,Yes,Yes,Yes,Yes,Yes,Yes,Electronic check,No,No,No,Yes,1
CUST-006785,40,55.81,2480.07,Month-to-month,DSL,Yes,No,No,Yes,No,No,No,Bank transfer,No,No,No,No,1
CUST-006786,38,123.09,4649.83,Month-to-month,Fiber optic,No,Yes,No,Yes,Yes,Yes,Yes,Mailed check,Yes,No,Yes,No,1
CUST-006787,33,93.65,3066.56,Two year,Fiber optic,Yes,Yes,No,No,No,Yes,No,Mailed check,Yes,No,Yes,No,0
CUST-006788,5,108.9,251.4,Month-to-month,Fiber optic,Yes,Yes,Yes,No,No,Yes,No,Bank transfer,Yes,No,Yes,No,0
CUST-006789,51,90.47,4566.2,One year,DSL,Yes,Yes,No,Yes,Yes,Yes,No,Mailed check,No,No,No,No,0
CUST-006790,60,99.14,5771.65,Two year,Fiber optic,No,No,Yes,Yes,No,Yes,No,Mailed check,Yes,No,Yes,No,0
CUST-006791,29,79.83,2175.68,Month-to-month,Fiber optic,No,Yes,Yes,No,No,Yes,No,Electronic check,No,No,No,No,1
CUST-006792,57,94.46,5522.6,Month-to-month,DSL,No,No,Yes,No,Yes,Yes,Yes,Electronic check,Yes,No,No,No,1
CUST-006793,26,65.78,1943.93,Month-to-month,DSL,No,No,Yes,Yes,No,Yes,Yes,Mailed check,Yes,No,Yes,No,0
CUST-006794,69,68.13,4716.08,Month-to-month,No,Yes,No,Yes,Yes,Yes,Yes,Yes,Electronic check,No,No,No,Yes,0
CUST-006795,51,108.03,5448.01,One year,Fiber optic,Yes,Yes,No,Yes,No,Yes,Yes,Mailed check,Yes,No,Yes,No,1
CUST-006796,68,52.98,3676.96,Month-to-month,No,Yes,Yes,No,No,No,Yes,No,Mailed check,No,No,Yes,Yes,0
CUST-006797,42,78.65,3343.58,Month-to-month,DSL,Yes,No,No,No,Yes,Yes,Yes,Mailed check,Yes,No,Yes,No,1
CUST-006798,30,81.02,2470.74,Month-to-month,DSL,Yes,Yes,No,No,Yes,Yes,Yes,Credit card,Yes,Yes,No,Yes,1
CUST-006799,72,102.14,7383.02,Two year,Fiber optic,No,No,Yes,No,No,Yes,No,Mailed check,No,No,No,No,0
CUST-006800,58,111.69,6423.03,Two year,Fiber optic,Yes,No,No,No,Yes,Yes,Yes,Mailed check,Yes,No,Yes,No,0
CUST-006801,18,98.01,1745.01,Month-to-month,DSL,Yes,Yes,Yes,Yes,No,Yes,Yes,Credit card,Yes,No,No,No,1
CUST-006802,46,89.1,4061.15,Month-to-month,Fiber optic,Yes,No,Yes,No,No,Yes,Yes,Credit card,Yes,No,No,No,0
CUST-006803,56,106.69,6025.6,Month-to-month,Fiber optic,No,No,Yes,Yes,No,Yes,Yes,Credit card,Yes,Yes,No,No,1
CUST-006804,14,117.17,1714.86,Month-to-month,Fiber optic,Yes,No,Yes,No,Yes,Yes,No,Bank transfer,Yes,No,No,Yes,1
CUST-006805,4,84.69,82.92,Two year,Fiber optic,Yes,No,No,Yes,No,Yes,No,Mailed check,No,Yes,Yes,No,1
CUST-006806,38,106.94,4063.66,Month-to-month,Fiber optic,No,No,Yes,No,Yes,Yes,Yes,Credit card,Yes,No,No,No,1
CUST-006807,54,105.2,5808.77,Month-to-month,DSL,Yes,No,Yes,No,Yes,Yes,Yes,Electronic check,No,No,Yes,No,0
CUST-006808,19,40.13,1090.03,Month-to-month,No,No,No,No,No,No,Yes,Yes,Electronic check,Yes,No,Yes,Yes,1
CUST-006809,46,99.03,4393.66,Two year,Fiber optic,No,No,Yes,Yes,No,Yes,No,Bank transfer,Yes,No,Yes,No,0
CUST-006810,10,103.82,1081.26,One year,Fiber optic,No,No,Yes,Yes,Yes,Yes,No,Bank transfer,Yes,No,Yes,Yes,0
CUST-006811,30,82.28,2743.43,One year,Fiber optic,No,No,No,No,No,Yes,Yes,Electronic check,No,Yes,No,Yes,1
CUST-006812,55,46.23,2758.13,One year,No,Yes,Yes,No,No,No,Yes,Yes,Bank transfer,No,No,Yes,No,0
CUST-006813,5,85.2,395.89,Month-to-month,DSL,No,No,Yes,Yes,No,Yes,No,Mailed check,No,No,No,No,1
CUST-006814,46,85.66,4105.56,One year,DSL,Yes,Yes,Yes,Yes,Yes,Yes,No,Electronic check,Yes,No,Yes,Yes,0
CUST-006815,30,80.05,2546.56,Month-to-month,DSL,No,Yes,No,Yes,Yes,Yes,Yes,Credit card,No,Yes,No,No,0
CUST-006816,25,82.36,1877.51,One year,Fiber optic,No,No,No,No,No,Yes,Yes,Electronic check,Yes,No,Yes,No,1
CUST-006817,17,79.72,1587.51,Month-to-month,Fiber optic,Yes,No,No,No,No,Yes,No,Credit card,No,No,Yes,No,1
CUST-006818,44,89.55,3689.85,Month-to-month,Fiber optic,No,No,Yes,Yes,No,Yes,No,Bank transfer,Yes,No,No,No,1
CUST-006819,52,108.29,5699.23,Month-to-month,Fiber optic,Yes,No,No,No,Yes,Yes,No,Electronic check,No,No,Yes,Yes,1
CUST-006820,15,84.07,1274.52,One year,DSL,No,Yes,No,No,No,Yes,Yes,Bank transfer,No,No,Yes,No,0
CUST-006821,51,91.42,4679.0,Month-to-month,DSL,Yes,No,No,Yes,No,Yes,No,Electronic check,Yes,No,No,No,0
CUST-006822,38,70.37,2689.63,One year,DSL,No,Yes,No,No,Yes,Yes,No,Bank transfer,No,No,No,Yes,0
CUST-006823,57,96.45,5764.43,Month-to-month,Fiber optic,No,No,No,Yes,No,Yes,No,Electronic check,Yes,Yes,Yes,Yes,0
CUST-006824,25,82.55,2272.61,Two year,DSL,Yes,Yes,Yes,No,Yes,Yes,Yes,Bank transfer,Yes,No,Yes,No,0
CUST-006825,63,86.7,5597.38,Month-to-month,Fiber optic,No,No,No,Yes,No,Yes,No,Mailed check,Yes,No,Yes,No,1
CUST-006826,6,83.67,418.1,One year,DSL,No,No,Yes,Yes,No,Yes,Yes,Credit card,Yes,No,No,No,0
CUST-006827,16,106.43,1929.12,Month-to-month,DSL,Yes,Yes,Yes,Yes,No,Yes,Yes,Electronic check,Yes,No,No,No,0
CUST-006828,61,95.33,5775.28,Two year,DSL,No,Yes,Yes,Yes,Yes,Yes,Yes,Electronic check,No,No,Yes,No,0
CUST-006829,70,78.46,5422.91,Two year,DSL,Yes,No,Yes,No,No,Yes,Yes,Bank transfer,Yes,No,No,No,0
CUST-006830,68,97.0,6821.83,Two year,Fiber optic,No,Yes,Yes,No,No,Yes,Yes,Electronic check,Yes,No,No,No,1
CUST-006831,62,26.49,1602.71,Month-to-month,No,No,No,No,No,Yes,Yes,No,Mailed check,Yes,Yes,Yes,No,0
CUST-006832,27,88.78,2331.22,Month-to-month,Fiber optic,No,No,No,Yes,No,Yes,Yes,Credit card,No,No,No,No,1
CUST-006833,50,103.37,5242.63,Two year,Fiber optic,Yes,Yes,No,Yes,No,Yes,No,Mailed check,No,No,No,Yes,1
CUST-006834,20,85.46,1803.97,Month-to-month,DSL,No,Yes,Yes,No,Yes,Yes,Yes,Mailed check,Yes,No,Yes,No,1
CUST-006835,65,38.7,2521.57,One year,No,No,No,Yes,No,Yes,Yes,No,Electronic check,Yes,No,Yes,Yes,0
CUST-006836,6,84.18,529.37,Month-to-month,DSL,Yes,No,Yes,Yes,Yes,No,No,Electronic check,Yes,Yes,Yes,No,1
CUST-006837,12,58.91,870.39,One year,DSL,No,No,No,Yes,No,Yes,No,Mailed check,No,No,Yes,Yes,0
CUST-006838,35,95.16,3201.75,One year,Fiber optic,No,No,No,Yes,Yes,Yes,No,Credit card,Yes,No,No,No,0
CUST-006839,63,113.67,7327.39,Month-to-month,Fiber optic,Yes,No,Yes,No,Yes,Yes,No,Bank transfer,Yes,Yes,Yes,No,0
CUST-006840,54,55.88,2810.74,Two year,DSL,No,No,No,No,Yes,Yes,Yes,Electronic check,No,No,Yes,No,0
CUST-006841,6,71.59,576.16,Month-to-month,DSL,No,Yes,No,No,No,Yes,Yes,Credit card,Yes,No,Yes,No,1
CUST-006842,19,106.8,1902.01,Month-to-month,Fiber optic,Yes,Yes,No,Yes,No,Yes,No,Electronic check,Yes,Yes,No,No,1
CUST-006843,35,127.75,4141.41,Two year,Fiber optic,No,Yes,Yes,Yes,Yes,Yes,Yes,Electronic check,No,No,No,Yes,1
CUST-006844,70,103.0,7312.11,Two year,Fiber optic,No,No,Yes,No,Yes,Yes,No,Bank transfer,No,No,No,Yes,0
CUST-006845,1,80.56,0.0,Month-to-month,Fiber optic,No,No,Yes,No,No,Yes,No,Credit card,Yes,No,No,No,1
CUST-006846,45,102.97,4666.74,Month-to-month,Fiber optic,No,No,Yes,Yes,No,Yes,No,Credit card,No,Yes,Yes,No,0
CUST-006847,30,112.68,3608.86,Month-to-month,Fiber optic,No,No,Yes,Yes,No,Yes,Yes,Credit card,No,Yes,Yes,No,1
CUST-006848,67,97.75,6305.47,Month-to-month,Fiber optic,No,Yes,No,No,No,Yes,Yes,Bank transfer,Yes,No,No,Yes,1
CUST-006849,10,110.48,1152.29,Two year,Fiber optic,Yes,Yes,No,No,No,No,Yes,Electronic check,No,Yes,Yes,No,0
CUST-006850,67,88.76,5953.95,Two year,DSL,Yes,Yes,No,Yes,No,Yes,Yes,Mailed check,No,No,No,No,0
CUST-006851,54,27.92,1224.48,One year,No,Yes,No,No,No,No,Yes,Yes,Electronic check,Yes,No,No,No,0
CUST-006852,48,101.95,4722.18,Month-to-month,Fiber optic,No,Yes,Yes,No,No,Yes,Yes,Electronic check,No,No,No,Yes,0
CUST-006853,30,18.0,678.29,Two year,No,No,No,Yes,Yes,No,No,No,Electronic check,Yes,No,Yes,Yes,0
CUST-006854,16,94.8,1705.84,Month-to-month,Fiber optic,No,No,No,Yes,Yes,Yes,No,Credit card,No,No,Yes,No,1
CUST-006855,33,117.1,4164.25,One year,Fiber optic,Yes,No,No,No,Yes,Yes,Yes,Bank transfer,No,No,No,No,1
CUST-006856,46,104.94,4894.61,One year,Fiber optic,No,Yes,No,Yes,Yes,Yes,Yes,Mailed check,No,No,No,Yes,0
CUST-006857,50,52.75,2745.45,Month-to-month,No,Yes,Yes,Yes,No,No,Yes,Yes,Bank transfer,Yes,No,No,No,0
CUST-006858,24,47.04,1024.15,Month-to-month,No,No,Yes,No,Yes,Yes,Yes,No,Electronic check,Yes,Yes,No,No,0
CUST-006859,15,119.93,1699.02,Two year,Fiber optic,Yes,Yes,Yes,No,Yes,Yes,Yes,Credit card,No,No,No,No,0
CUST-006860,36,47.46,1876.2,Month-to-month,DSL,No,No,No,No,No,Yes,No,Bank transfer,No,No,No,No,1
CUST-006861,56,119.28,6738.75,Month-to-month,Fiber optic,No,No,No,Yes,Yes,Yes,Yes,Electronic check,Yes,No,No,No,1
CUST-006862,28,44.26,1180.52,Month-to-month,DSL,No,No,No,No,No,Yes,No,Electronic check,No,No,No,No,0
CUST-006863,0,99.12,3.76,Month-to-month,Fiber optic,No,No,No,Yes,No,Yes,Yes,Credit card,Yes,Yes,No,Yes,1
CUST-006864,1,52.93,0.0,Month-to-month,DSL,No,No,No,Yes,No,Yes,No,Electronic check,Yes,No,No,No,1
CUST-006865,11,59.65,743.04,One year,No,Yes,Yes,Yes,Yes,No,Yes,Yes,Electronic check,No,No,No,No,0
CUST-006866,28,104.27,2960.8,Month-to-month,Fiber optic,No,Yes,No,No,Yes,Yes,No,Electronic check,No,No,No,Yes,1
CUST-006867,41,54.66,2174.94,Month-to-month,No,Yes,Yes,Yes,No,Yes,Yes,Yes,Bank transfer,Yes,Yes,No,No,1
CUST-006868,5,102.34,519.85,Month-to-month,Fiber optic,No,No,No,No,Yes,Yes,No,Bank transfer,No,No,Yes,Yes,1
CUST-006869,22,110.13,2258.38,One year,Fiber optic,No,No,Yes,No,Yes,Yes,Yes,Electronic check,Yes,No,No,No,0
CUST-006870,67,97.2,6646.74,Month-to-month,Fiber optic,No,No,No,Yes,No,Yes,Yes,Credit card,Yes,No,Yes,No,1
CUST-006871,30,101.85,3173.3,Month-to-month,Fiber optic,Yes,No,No,No,Yes,Yes,No,Bank transfer,Yes,No,No,No,1
CUST-006872,19,105.29,2000.07,Two year,Fiber optic,Yes,No,No,Yes,Yes,Yes,No,Bank transfer,Yes,No,Yes,No,0
CUST-006873,22,127.58,3049.73,One year,Fiber optic,No,No,Yes,Yes,Yes,Yes,No,Credit card,Yes,No,Yes,No,1
CUST-006874,2,31.12,0.0,Month-to-month,No,Yes,No,No,No,No,No,No,Electronic check,No,Yes,No,No,0
CUST-006875,24,93.5,2140.21,Month-to-month,Fiber optic,No,Yes,No,Yes,No,Yes,No,Electronic check,Yes,Yes,No,No,0
CUST-006876,30,92.8,2697.63,One year,Fiber optic,No,No,No,No,Yes,Yes,No,Electronic check,Yes,No,No,No,0
CUST-006877,3,68.69,326.69,One year,DSL,Yes,No,No,Yes,No,Yes,Yes,Electronic check,No,No,Yes,No,0
CUST-006878,52,78.4,4192.96,Month-to-month,DSL,No,Yes,No,Yes,Yes,Yes,Yes,Bank transfer,Yes,No,No,No,1
CUST-006879,1,114.34,55.36,One year,Fiber optic,Yes,Yes,Yes,Yes,Yes,Yes,No,Bank transfer,No,No,No,Yes,1
CUST-006880,69,82.22,5664.5,Month-to-month,DSL,No,Yes,No,Yes,Yes,Yes,Yes,Bank transfer,No,No,Yes,No,1
CUST-006881,28,80.72,2050.14,Month-to-month,DSL,Yes,No,Yes,Yes,No,Yes,Yes,Mailed check,No,No,No,Yes,0
CUST-006882,29,66.86,2107.4,Month-to-month,No,Yes,No,Yes,Yes,No,Yes,Yes,Mailed check,No,No,No,No,0
CUST-006883,16,118.65,1634.09,Month-to-month,Fiber optic,Yes,Yes,No,No,Yes,Yes,No,Mailed check,Yes,No,No,No,0
CUST-006884,26,61.75,1608.15,Two year,No,No,No,Yes,Yes,Yes,No,No,Electronic check,Yes,No,Yes,No,1
CUST-006885,15,52.59,821.49,Month-to-month,No,No,Yes,No,No,Yes,Yes,Yes,Bank transfer,Yes,No,Yes,No,0
CUST-006886,6,101.02,564.59,Two year,Fiber optic,No,No,Yes,No,Yes,Yes,No,Bank transfer,No,No,Yes,Yes,0
CUST-006887,5,39.98,82.36,Two year,No,No,Yes,No,Yes,No,Yes,No,Credit card,Yes,No,No,Yes,0
CUST-006888,72,99.89,6948.87,One year,Fiber optic,No,No,No,No,Yes,Yes,No,Credit card,Yes,No,No,No,0
CUST-006889,7,93.11,473.58,Month-to-month,DSL,Yes,No,Yes,Yes,No,Yes,Yes,Credit card,No,No,Yes,No,0
CUST-006890,2,74.99,18.34,Month-to-month,DSL,Yes,Yes,No,No,No,Yes,No,Mailed check,Yes,No,No,No,0
CUST-006891,51,72.01,3802.59,Two year,DSL,No,No,Yes,Yes,Yes,Yes,No,Mailed check,Yes,Yes,No,No,0
CUST-006892,2,76.45,130.08,Month-to-month,Fiber optic,No,No,No,Yes,No,Yes,No,Credit card,No,No,No,No,1
CUST-006893,56,100.32,5735.0,Two year,DSL,Yes,Yes,Yes,Yes,Yes,Yes,Yes,Electronic check,Yes,No,Yes,Yes,0
CUST-006894,1,70.16,184.03,Month-to-month,DSL,No,No,No,Yes,Yes,Yes,No,Credit card,No,No,No,No,1
CUST-006895,55,41.41,2142.56,One year,No,No,No,No,Yes,Yes,Yes,Yes,Credit card,No,Yes,Yes,Yes,0
CUST-006896,49,77.0,3603.94,Month-to-month,Fiber optic,No,Yes,No,No,No,Yes,Yes,Bank transfer,Yes,No,Yes,Yes,1
CUST-006897,64,46.9,3028.49,One year,No,No,No,No,Yes,No,Yes,No,Mailed check,No,No,Yes,No,0
CUST-006898,19,46.73,497.6,One year,DSL,No,No,Yes,No,Yes,Yes,No,Credit card,Yes,No,Yes,No,0
CUST-006899,59,84.78,5287.23,One year,Fiber optic,No,No,No,Yes,No,Yes,No,Credit card,No,No,No,No,0
CUST-006900,61,109.06,6547.32,Month-to-month,Fiber optic,Yes,Yes,No,No,Yes,Yes,Yes,Electronic check,Yes,No,No,Yes,1
CUST-006901,57,110.37,6102.2,Month-to-month,Fiber optic,No,No,No,Yes,Yes,Yes,Yes,Mailed check,Yes,No,Yes,No,0
CUST-006902,54,82.03,4356.25,Month-to-month,Fiber optic,No,No,Yes,No,No,Yes,No,Credit card,Yes,No,No,Yes,0
CUST-006903,57,43.56,2095.23,Two year,No,No,No,Yes,Yes,No,Yes,No,Mailed check,Yes,No,Yes,No,0
CUST-006904,58,106.68,6427.93,One year,Fiber optic,Yes,No,No,Yes,Yes,Yes,Yes,Mailed check,Yes,No,Yes,No,0
CUST-006905,25,71.73,1972.96,One year,DSL,No,Yes,No,Yes,Yes,Yes,Yes,Electronic check,No,No,No,Yes,0
CUST-006906,12,52.56,625.48,One year,No,Yes,No,Yes,No,Yes,Yes,Yes,Credit card,No,No,No,No,0
CUST-006907,24,107.73,2339.1,Two year,Fiber optic,No,Yes,No,No,No,Yes,Yes,Credit card,Yes,Yes,Yes,Yes,1
CUST-006908,49,96.17,4887.94,Month-to-month,Fiber optic,No,No,Yes,Yes,No,No,Yes,Credit card,Yes,Yes,No,No,1
CUST-006909,26,115.41,2775.33,Month-to-month,Fiber optic,Yes,No,Yes,Yes,No,Yes,No,Electronic check,Yes,No,Yes,No,1
CUST-006910,70,84.57,5940.1,Two year,DSL,Yes,Yes,Yes,Yes,No,Yes,Yes,Electronic check,Yes,No,Yes,No,0
CUST-006911,56,89.52,4892.42,One year,DSL,No,No,No,Yes,Yes,Yes,No,Mailed check,Yes,No,Yes,Yes,0
CUST-006912,61,133.96,8095.2,Month-to-month,Fiber optic,Yes,No,Yes,Yes,Yes,Yes,Yes,Credit card,Yes,Yes,No,Yes,1
CUST-006913,29,92.03,2502.39,Month-to-month,Fiber optic,No,Yes,No,Yes,Yes,Yes,No,Electronic check,Yes,No,Yes,No,0
CUST-006914,14,102.72,1193.06,One year,Fiber optic,Yes,Yes,No,Yes,Yes,Yes,Yes,Credit card,No,No,Yes,No,1
CUST-006915,71,85.35,5892.84,Month-to-month,DSL,No,Yes,Yes,Yes,No,Yes,No,Electronic check,No,No,Yes,Yes,0
CUST-006916,4,72.53,367.85,Two year,DSL,No,No,Yes,Yes,No,No,No,Credit card,Yes,No,No,No,0
CUST-006917,59,79.42,4703.74,Month-to-month,DSL,No,No,No,Yes,Yes,Yes,No,Credit card,No,No,No,No,0
CUST-006918,36,57.07,1687.09,Month-to-month,DSL,No,Yes,No,No,No,Yes,No,Credit card,Yes,No,Yes,No,0
CUST-006919,48,91.41,4360.28,Two year,Fiber optic,No,No,No,No,Yes,Yes,No,Electronic check,Yes,No,No,No,0
CUST-006920,15,131.52,1944.57,Month-to-month,Fiber optic,No,Yes,Yes,Yes,Yes,Yes,Yes,Credit card,Yes,No,Yes,No,1
CUST-006921,0,65.14,257.71,Month-to-month,No,No,Yes,Yes,Yes,Yes,Yes,No,Electronic check,Yes,No,Yes,Yes,0
CUST-006922,1,88.63,89.79,Month-to-month,DSL,Yes,No,No,No,Yes,Yes,Yes,Mailed check,No,Yes,No,No,1
CUST-006923,33,70.73,2227.2,Two year,DSL,Yes,No,No,Yes,Yes,Yes,Yes,Credit card,Yes,No,No,No,0
CUST-006924,12,75.43,569.21,Month-to-month,DSL,Yes,Yes,No,Yes,No,Yes,No,Mailed check,Yes,No,No,Yes,1
CUST-006925,47,103.33,4749.03,Month-to-month,Fiber optic,No,Yes,Yes,Yes,No,Yes,No,Electronic check,Yes,No,Yes,No,1
CUST-006926,27,100.03,2502.6,Month-to-month,Fiber optic,No,No,Yes,No,Yes,No,Yes,Electronic check,Yes,No,No,Yes,1
CUST-006927,5,74.82,372.86,Month-to-month,DSL,No,No,Yes,Yes,No,Yes,No,Electronic check,No,No,No,Yes,1
CUST-006928,48,109.74,5371.03,Month-to-month,Fiber optic,Yes,No,Yes,No,No,Yes,No,Credit card,No,Yes,No,No,0
CUST-006929,70,103.02,7740.64,Month-to-month,Fiber optic,Yes,No,Yes,No,Yes,Yes,No,Electronic check,Yes,Yes,Yes,Yes,0
CUST-006930,12,53.43,844.66,Month-to-month,DSL,No,Yes,No,No,No,Yes,No,Mailed check,Yes,No,No,No,0
CUST-006931,53,110.38,5734.18,Month-to-month,Fiber optic,Yes,Yes,No,Yes,No,Yes,Yes,Mailed check,No,No,Yes,Yes,0
CUST-006932,15,53.77,917.12,Month-to-month,No,Yes,Yes,No,No,Yes,Yes,No,Bank transfer,No,No,No,Yes,0
CUST-006933,69,100.51,6801.69,Two year,Fiber optic,No,No,No,Yes,Yes,Yes,Yes,Credit card,Yes,No,Yes,No,0
CUST-006934,13,53.93,663.3,One year,No,No,Yes,Yes,Yes,Yes,Yes,Yes,Electronic check,Yes,No,No,No,0
CUST-006935,6,56.9,594.55,One year,DSL,Yes,No,No,Yes,No,Yes,No,Electronic check,Yes,No,No,No,0
CUST-006936,58,115.91,6553.84,Month-to-month,Fiber optic,No,No,Yes,No,Yes,Yes,No,Bank transfer,Yes,No,Yes,Yes,1
CUST-006937,2,111.54,108.02,Month-to-month,Fiber optic,Yes,Yes,Yes,Yes,No,No,No,Mailed check,No,Yes,Yes,Yes,0
CUST-006938,15,98.05,1237.94,Month-to-month,Fiber optic,Yes,Yes,No,Yes,No,Yes,No,Mailed check,Yes,No,Yes,No,1
CUST-006939,18,118.95,1999.7,One year,Fiber optic,Yes,No,No,Yes,Yes,Yes,Yes,Mailed check,Yes,Yes,Yes,Yes,0
CUST-006940,8,73.84,478.39,Month-to-month,DSL,Yes,No,Yes,No,No,Yes,Yes,Credit card,No,No,Yes,No,1
CUST-006941,22,74.72,1585.87,Month-to-month,DSL,Yes,Yes,No,Yes,No,Yes,No,Electronic check,No,No,No,No,0
CUST-006942,61,102.45,6341.28,Month-to-month,DSL,Yes,No,Yes,Yes,Yes,Yes,Yes,Bank transfer,Yes,No,Yes,No,1
CUST-006943,63,46.3,2703.4,One year,No,No,No,No,No,Yes,Yes,Yes,Bank transfer,Yes,No,Yes,No,0
CUST-006944,51,108.51,5483.17,Month-to-month,Fiber optic,Yes,No,No,No,No,Yes,No,Mailed check,Yes,No,No,No,1
CUST-006945,36,118.14,3903.3,Month-to-month,Fiber optic,No,No,No,Yes,Yes,Yes,Yes,Bank transfer,Yes,No,No,No,1
CUST-006946,10,114.21,1347.53,Two year,Fiber optic,No,No,Yes,Yes,Yes,Yes,No,Mailed check,Yes,No,No,No,0
CUST-006947,5,82.65,91.13,One year,DSL,No,No,Yes,No,Yes,Yes,Yes,Bank transfer,Yes,No,No,Yes,1
CUST-006948,21,59.93,1152.23,Month-to-month,DSL,No,Yes,Yes,No,No,No,No,Credit card,Yes,No,No,No,0
CUST-006949,40,129.88,4809.77,Month-to-month,Fiber optic,Yes,Yes,Yes,Yes,No,Yes,Yes,Credit card,Yes,No,Yes,Yes,1
CUST-006950,68,81.88,5545.91,One year,DSL,Yes,Yes,No,Yes,No,Yes,No,Electronic check,Yes,No,No,Yes,0
CUST-006951,1,71.81,207.01,Month-to-month,DSL,Yes,No,No,No,Yes,Yes,No,Mailed check,Yes,No,No,No,1
CUST-006952,14,112.62,1710.13,Month-to-month,Fiber optic,Yes,No,Yes,Yes,No,Yes,No,Credit card,Yes,No,Yes,Yes,1
CUST-006953,48,71.94,3536.74,Month-to-month,DSL,No,Yes,No,No,Yes,Yes,No,Bank transfer,Yes,No,Yes,No,0
CUST-006954,58,129.43,7759.91,One year,Fiber optic,No,No,Yes,Yes,Yes,Yes,Yes,Credit card,No,Yes,Yes,No,1
CUST-006955,1,90.38,186.62,Month-to-month,DSL,No,No,Yes,Yes,Yes,Yes,Yes,Credit card,Yes,No,Yes,No,1
CUST-006956,36,81.57,2834.64,Month-to-month,DSL,Yes,Yes,Yes,No,Yes,Yes,Yes,Credit card,Yes,No,No,No,0
CUST-006957,66,74.92,5111.2,Two year,DSL,No,Yes,Yes,No,No,Yes,Yes,Electronic check,No,Yes,No,No,0
CUST-006958,56,74.11,3806.73,Month-to-month,DSL,No,Yes,Yes,Yes,Yes,Yes,No,Electronic check,No,Yes,Yes,No,0
CUST-006959,72,65.48,4796.21,One year,DSL,No,No,No,Yes,Yes,Yes,No,Electronic check,Yes,Yes,No,No,0
CUST-006960,22,65.28,1255.81,Month-to-month,DSL,No,No,No,No,Yes,Yes,No,Electronic check,No,No,Yes,Yes,0
CUST-006961,63,91.36,5731.14,Month-to-month,Fiber optic,No,No,Yes,No,No,Yes,No,Electronic check,Yes,No,No,Yes,0
CUST-006962,29,91.8,2683.69,Month-to-month,Fiber optic,No,No,Yes,Yes,No,Yes,Yes,Credit card,No,No,Yes,No,0
CUST-006963,8,97.71,556.85,Month-to-month,Fiber optic,Yes,No,Yes,No,No,Yes,No,Bank transfer,No,No,Yes,No,1
CUST-006964,9,107.28,1099.81,Month-to-month,Fiber optic,No,Yes,Yes,Yes,No,Yes,Yes,Bank transfer,Yes,No,No,Yes,1
CUST-006965,50,49.04,2551.02,Month-to-month,No,Yes,No,No,Yes,Yes,No,No,Bank transfer,No,No,No,No,0
CUST-006966,50,88.12,4264.01,Month-to-month,DSL,No,Yes,No,Yes,No,No,No,Electronic check,Yes,No,Yes,No,1
CUST-006967,47,105.06,5047.18,Month-to-month,Fiber optic,Yes,Yes,No,Yes,No,Yes,No,Bank transfer,No,No,No,No,1
CUST-006968,70,112.96,7980.32,Two year,Fiber optic,Yes,No,Yes,Yes,No,Yes,Yes,Electronic check,Yes,No,No,Yes,0
CUST-006969,4,54.83,419.9,One year,DSL,No,No,Yes,No,No,Yes,Yes,Electronic check,Yes,No,Yes,No,0
CUST-006970,26,109.83,2763.75,One year,Fiber optic,Yes,Yes,No,Yes,Yes,Yes,Yes,Credit card,No,Yes,Yes,Yes,0
CUST-006971,13,68.95,1118.88,Month-to-month,DSL,No,No,No,Yes,Yes,Yes,No,Electronic check,Yes,No,Yes,Yes,1
CUST-006972,27,67.74,1798.88,Two year,DSL,Yes,No,Yes,No,Yes,Yes,No,Bank transfer,No,Yes,Yes,No,0
CUST-006973,65,122.6,8084.21,One year,Fiber optic,Yes,No,No,Yes,No,Yes,No,Bank transfer,Yes,No,Yes,Yes,0
CUST-006974,54,93.61,4849.9,Month-to-month,DSL,No,No,Yes,Yes,Yes,Yes,Yes,Electronic check,No,No,No,Yes,0
CUST-006975,24,82.63,1984.26,Two year,DSL,Yes,No,No,No,Yes,Yes,Yes,Mailed check,No,No,No,No,0
CUST-006976,48,95.77,4447.19,One year,Fiber optic,Yes,No,No,No,No,No,Yes,Electronic check,Yes,No,No,Yes,1
CUST-006977,54,128.56,6871.68,Month-to-month,Fiber optic,Yes,No,Yes,Yes,Yes,Yes,No,Mailed check,No,Yes,No,No,0
CUST-006978,56,66.14,3679.82,One year,DSL,No,Yes,No,Yes,No,Yes,No,Electronic check,Yes,No,No,Yes,0
CUST-006979,67,89.02,5987.26,Month-to-month,Fiber optic,Yes,No,Yes,No,Yes,Yes,No,Credit card,No,No,No,No,1
CUST-006980,11,98.13,1128.29,Month-to-month,DSL,Yes,Yes,Yes,Yes,No,Yes,Yes,Credit card,No,No,No,No,0
CUST-006981,38,38.72,1561.12,One year,No,Yes,Yes,Yes,No,No,Yes,No,Electronic check,No,No,Yes,No,0
CUST-006982,60,104.88,6268.92,One year,Fiber optic,No,Yes,Yes,Yes,No,No,No,Credit card,Yes,No,No,No,0
CUST-006983,40,114.2,4721.23,Two year,Fiber optic,Yes,Yes,Yes,Yes,Yes,Yes,No,Mailed check,Yes,No,No,Yes,1
CUST-006984,66,93.83,6627.18,Month-to-month,Fiber optic,Yes,No,No,No,Yes,Yes,No,Credit card,No,Yes,No,No,1
CUST-006985,61,112.12,6538.18,Month-to-month,Fiber optic,Yes,No,No,Yes,No,Yes,Yes,Electronic check,Yes,No,Yes,No,1
CUST-006986,49,113.57,5416.62,Month-to-month,DSL,No,No,Yes,Yes,Yes,Yes,Yes,Electronic check,Yes,No,Yes,No,1
CUST-006987,71,58.44,4281.69,Month-to-month,No,No,No,No,No,No,Yes,Yes,Electronic check,Yes,No,Yes,No,0
CUST-006988,2,102.29,35.45,One year,Fiber optic,Yes,No,No,No,No,Yes,No,Credit card,No,No,No,No,0
CUST-006989,64,112.17,7215.07,Month-to-month,Fiber optic,Yes,Yes,Yes,No,No,Yes,No,Electronic check,Yes,No,No,No,0
CUST-006990,41,101.85,4042.86,Month-to-month,Fiber optic,No,No,No,No,No,Yes,No,Mailed check,Yes,No,No,No,1
CUST-006991,61,39.69,2401.58,Two year,No,No,Yes,No,Yes,Yes,Yes,No,Mailed check,No,No,No,No,0
CUST-006992,34,50.59,1918.54,One year,DSL,No,No,No,Yes,No,Yes,No,Bank transfer,Yes,No,Yes,No,0
CUST-006993,0,60.43,0.0,Month-to-month,DSL,No,Yes,No,No,No,Yes,No,Bank transfer,No,No,No,Yes,1
CUST-006994,68,97.28,6500.6,Two year,Fiber optic,No,Yes,Yes,No,No,Yes,No,Electronic check,No,No,Yes,No,0
CUST-006995,48,96.93,4581.03,Month-to-month,Fiber optic,No,No,Yes,No,No,Yes,Yes,Electronic check,Yes,No,No,No,1
CUST-006996,40,77.58,2939.37,Month-to-month,DSL,No,Yes,No,Yes,Yes,Yes,No,Credit card,Yes,No,Yes,Yes,1
CUST-006997,32,94.6,3078.07,Month-to-month,Fiber optic,No,Yes,No,Yes,Yes,Yes,No,Electronic check,No,No,Yes,No,1
CUST-006998,34,110.38,3497.91,Month-to-month,Fiber optic,No,Yes,Yes,No,Yes,Yes,Yes,Bank transfer,No,No,No,No,1
CUST-006999,16,54.73,878.46,Month-to-month,No,No,Yes,No,No,No,Yes,Yes,Mailed check,Yes,No,Yes,No,0
CUST-007000,34,80.1,2863.07,Month-to-month,DSL,No,Yes,No,Yes,No,Yes,Yes,Electronic check,No,Yes,Yes,No,0
CUST-007001,63,84.96,5699.2,One year,DSL,Yes,No,Yes,No,No,Yes,No,Bank transfer,No,No,Yes,No,0
CUST-007002,19,93.2,1703.34,Month-to-month,DSL,No,Yes,Yes,No,No,Yes,Yes,Credit card,No,No,Yes,Yes,0
CUST-007003,15,111.16,1845.35,Month-to-month,Fiber optic,Yes,No,Yes,Yes,No,Yes,No,Electronic check,No,No,Yes,No,0
CUST-007004,70,77.23,5371.57,Month-to-month,DSL,No,No,No,Yes,Yes,Yes,Yes,Electronic check,No,No,No,No,0
CUST-007005,63,86.78,5749.49,Month-to-month,Fiber optic,Yes,No,Yes,No,Yes,Yes,Yes,Mailed check,Yes,No,Yes,No,0
CUST-007006,48,105.17,5034.16,Month-to-month,Fiber optic,Yes,Yes,Yes,No,No,Yes,No,Mailed check,No,No,Yes,No,1
CUST-007007,43,80.62,3632.59,Month-to-month,DSL,No,No,No,Yes,No,Yes,Yes,Credit card,No,No,No,Yes,1
CUST-007008,51,60.8,2895.37,Month-to-month,No,No,No,No,Yes,Yes,Yes,Yes,Bank transfer,Yes,Yes,Yes,No,1
CUST-007009,18,107.43,1803.31,One year,Fiber optic,Yes,No,No,No,Yes,Yes,No,Electronic check,Yes,No,Yes,Yes,0
CUST-007010,45,67.11,2921.1,Month-to-month,DSL,Yes,No,Yes,No,Yes,Yes,No,Bank transfer,Yes,Yes,Yes,Yes,0
CUST-007011,31,59.72,1924.44,Month-to-month,DSL,Yes,No,No,Yes,No,Yes,Yes,Credit card,Yes,No,Yes,No,0
CUST-007012,12,108.72,1495.05,Month-to-month,Fiber optic,No,No,Yes,Yes,No,No,Yes,Bank transfer,No,No,No,No,1
CUST-007013,9,91.39,916.75,Two year,DSL,No,No,Yes,Yes,Yes,Yes,Yes,Credit card,No,No,No,No,0
CUST-007014,50,101.32,4912.03,Month-to-month,Fiber optic,No,No,Yes,No,No,Yes,No,Bank transfer,No,No,Yes,No,1
CUST-007015,38,70.45,2419.35,Two year,DSL,Yes,Yes,Yes,No,No,Yes,Yes,Electronic check,Yes,No,Yes,No,0
CUST-007016,14,117.69,1510.74,Month-to-month,Fiber optic,Yes,Yes,Yes,No,No,No,Yes,Bank transfer,Yes,No,No,Yes,0
CUST-007017,6,109.83,624.22,Month-to-month,Fiber optic,Yes,No,Yes,Yes,Yes,Yes,Yes,Electronic check,No,No,Yes,Yes,1
CUST-007018,10,81.93,1084.06,Two year,Fiber optic,No,No,No,No,Yes,Yes,No,Credit card,Yes,No,Yes,No,0
CUST-007019,40,35.21,1312.83,One year,No,Yes,Yes,No,No,Yes,No,No,Bank transfer,Yes,No,No,No,0
CUST-007020,32,59.71,2076.54,Month-to-month,No,Yes,No,No,Yes,Yes,Yes,No,Electronic check,Yes,No,Yes,Yes,0
CUST-007021,68,96.98,6844.37,Month-to-month,Fiber optic,Yes,No,Yes,No,Yes,Yes,No,Electronic check,Yes,No,No,No,0
CUST-007022,37,99.86,3509.44,Month-to-month,Fiber optic,No,No,No,Yes,Yes,Yes,Yes,Credit card,No,No,Yes,No,1
CUST-007023,69,61.42,4580.23,One year,DSL,Yes,No,No,No,No,Yes,Yes,Electronic check,No,No,Yes,Yes,0
CUST-007024,39,107.96,4283.95,Month-to-month,Fiber optic,No,No,No,Yes,Yes,Yes,No,Bank transfer,Yes,No,No,Yes,1
CUST-007025,41,116.42,4675.53,One year,Fiber optic,No,No,No,Yes,Yes,Yes,No,Bank transfer,Yes,Yes,No,No,1
CUST-007026,68,76.91,5392.58,One year,DSL,No,Yes,No,Yes,Yes,Yes,No,Bank transfer,Yes,No,Yes,Yes,0
CUST-007027,3,127.14,444.51,Month-to-month,Fiber optic,Yes,Yes,No,Yes,No,Yes,Yes,Mailed check,Yes,Yes,Yes,No,1
CUST-007028,25,92.85,2486.07,Month-to-month,DSL,Yes,No,Yes,No,Yes,Yes,Yes,Bank transfer,Yes,No,No,Yes,0
CUST-007029,12,107.88,1017.69,Two year,Fiber optic,No,No,No,No,Yes,Yes,Yes,Electronic check,Yes,No,Yes,No,0
CUST-007030,52,58.42,2964.88,Month-to-month,DSL,Yes,No,Yes,No,Yes,Yes,No,Electronic check,Yes,No,No,No,0
CUST-007031,41,98.44,3886.09,Month-to-month,Fiber optic,No,No,No,Yes,Yes,Yes,No,Credit card,Yes,No,Yes,No,1
CUST-007032,22,86.99,1969.26,Month-to-month,Fiber optic,No,Yes,No,Yes,No,Yes,Yes,Credit card,Yes,No,No,No,1
CUST-007033,30,82.55,2244.97,Two year,DSL,Yes,Yes,Yes,No,No,Yes,No,Electronic check,Yes,No,No,No,0
CUST-007034,57,71.51,3971.15,Month-to-month,DSL,Yes,No,Yes,No,Yes,Yes,Yes,Electronic check,Yes,No,No,No,0
CUST-007035,24,63.92,1372.67,Month-to-month,DSL,Yes,No,Yes,Yes,No,Yes,No,Electronic check,Yes,No,No,No,1
CUST-007036,46,121.16,5547.39,Month-to-month,Fiber optic,No,No,No,Yes,Yes,Yes,No,Electronic check,Yes,Yes,No,Yes,1
CUST-007037,50,101.88,5313.11,Month-to-month,Fiber optic,No,No,Yes,No,Yes,Yes,No,Credit card,Yes,No,Yes,No,0
CUST-007038,32,103.4,3273.68,One year,Fiber optic,Yes,Yes,Yes,Yes,No,Yes,No,Credit card,Yes,No,No,No,0
CUST-007039,53,65.08,3311.52,Month-to-month,DSL,No,No,Yes,No,Yes,Yes,No,Mailed check,Yes,No,Yes,No,0
CUST-007040,29,67.29,1587.37,Month-to-month,DSL,No,Yes,No,No,No,Yes,Yes,Credit card,No,No,No,Yes,0
CUST-007041,51,49.06,2472.16,Month-to-month,DSL,No,No,Yes,No,Yes,Yes,No,Mailed check,Yes,No,Yes,Yes,0
CUST-007042,33,47.97,1736.61,Month-to-month,No,Yes,No,No,Yes,No,Yes,Yes,Mailed check,Yes,No,Yes,No,0
CUST-007043,31,93.05,2823.15,One year,DSL,Yes,No,Yes,Yes,Yes,Yes,Yes,Electronic check,Yes,Yes,Yes,Yes,1
CUST-007044,41,80.58,3238.47,Month-to-month,Fiber optic,No,Yes,No,No,No,Yes,No,Credit card,Yes,No,No,No,1
CUST-007045,14,63.05,846.86,Two year,DSL,No,Yes,Yes,No,No,Yes,No,Bank transfer,No,Yes,Yes,No,0
CUST-007046,60,56.07,3687.54,Month-to-month,No,No,Yes,No,No,Yes,Yes,Yes,Credit card,No,No,Yes,No,0
CUST-007047,65,35.47,2393.57,Month-to-month,No,No,No,No,No,Yes,Yes,No,Electronic check,Yes,No,No,No,0
CUST-007048,16,78.45,1069.84,One year,DSL,No,Yes,Yes,Yes,No,Yes,No,Electronic check,Yes,No,Yes,No,0
CUST-007049,21,104.02,2017.96,Two year,Fiber optic,Yes,Yes,Yes,No,Yes,Yes,Yes,Bank transfer,No,No,Yes,No,0
CUST-007050,22,99.12,2618.43,Month-to-month,Fiber optic,Yes,Yes,Yes,No,No,Yes,No,Electronic check,No,No,No,Yes,1
CUST-007051,61,56.29,3153.94,One year,DSL,No,No,No,Yes,No,Yes,No,Bank transfer,No,No,Yes,No,0
CUST-007052,53,105.29,5432.26,Two year,Fiber optic,No,Yes,Yes,Yes,Yes,Yes,No,Electronic check,Yes,No,No,No,0
CUST-007053,37,103.6,3871.36,Month-to-month,Fiber optic,Yes,Yes,No,No,No,Yes,Yes,Electronic check,No,No,No,No,1
CUST-007054,28,82.15,2076.15,Month-to-month,DSL,No,Yes,Yes,No,Yes,Yes,Yes,Bank transfer,Yes,No,No,No,0
CUST-007055,59,89.9,5398.02,One year,DSL,No,Yes,No,Yes,No,Yes,Yes,Mailed check,No,Yes,No,No,0
CUST-007056,46,52.69,2333.57,Two year,DSL,No,Yes,No,No,Yes,No,No,Electronic check,Yes,No,No,No,0
CUST-007057,2,80.66,0.0,One year,DSL,No,No,Yes,No,Yes,Yes,Yes,Bank transfer,No,No,Yes,Yes,0
CUST-007058,71,59.77,3812.19,One year,DSL,Yes,No,No,No,Yes,Yes,No,Mailed check,No,No,Yes,No,0
CUST-007059,10,44.58,628.05,One year,No,Yes,No,Yes,No,No,Yes,Yes,Bank transfer,Yes,No,Yes,No,0
CUST-007060,37,40.41,1393.64,Month-to-month,No,Yes,No,No,Yes,No,Yes,No,Credit card,No,No,No,No,0
CUST-007061,52,104.23,5751.27,Month-to-month,DSL,No,No,Yes,Yes,Yes,No,Yes,Credit card,Yes,No,No,No,1
CUST-007062,62,122.45,7596.93,One year,Fiber optic,Yes,Yes,No,No,Yes,Yes,Yes,Electronic check,No,No,Yes,No,1
CUST-007063,8,86.2,589.72,Month-to-month,DSL,No,Yes,Yes,Yes,No,Yes,No,Electronic check,No,No,No,No,1
CUST-007064,1,75.4,8.07,Two year,DSL,No,Yes,Yes,Yes,No,Yes,No,Electronic check,No,No,No,Yes,0
CUST-007065,60,97.42,5870.11,Month-to-month,Fiber optic,Yes,No,Yes,No,No,Yes,No,Electronic check,Yes,No,Yes,Yes,1
CUST-007066,47,96.86,4619.86,Month-to-month,Fiber optic,No,Yes,No,Yes,Yes,Yes,Yes,Electronic check,Yes,No,Yes,No,0
CUST-007067,6,119.56,644.37,Month-to-month,Fiber optic,No,Yes,No,No,Yes,Yes,No,Mailed check,Yes,Yes,Yes,Yes,1
CUST-007068,47,107.24,5100.94,One year,Fiber optic,Yes,Yes,No,Yes,No,Yes,Yes,Electronic check,Yes,No,No,Yes,0
CUST-007069,59,111.68,6734.4,Two year,Fiber optic,No,Yes,No,No,Yes,Yes,Yes,Credit card,No,No,Yes,No,0
CUST-007070,39,39.52,1624.21,One year,No,No,No,Yes,Yes,No,Yes,Yes,Bank transfer,Yes,No,No,No,0
CUST-007071,34,92.5,3055.81,Month-to-month,DSL,Yes,No,No,Yes,Yes,Yes,Yes,Mailed check,No,No,Yes,Yes,1
CUST-007072,5,76.93,491.69,Two year,DSL,Yes,Yes,No,Yes,No,Yes,Yes,Credit card,Yes,No,Yes,No,0
CUST-007073,25,106.11,2748.37,Month-to-month,Fiber optic,Yes,No,No,Yes,Yes,Yes,No,Credit card,No,No,Yes,Yes,1
CUST-007074,18,138.23,2496.49,One year,Fiber optic,No,No,No,Yes,Yes,Yes,Yes,Electronic check,Yes,No,No,No,0
CUST-007075,20,98.13,2005.36,Two year,Fiber optic,No,No,Yes,No,Yes,Yes,No,Bank transfer,Yes,No,No,No,0
CUST-007076,43,106.62,4530.85,Two year,Fiber optic,No,Yes,No,Yes,No,Yes,Yes,Mailed check,No,Yes,Yes,No,0
CUST-007077,10,119.52,1410.15,One year,Fiber optic,Yes,Yes,Yes,Yes,No,Yes,No,Credit card,No,No,Yes,No,0
CUST-007078,2,111.6,171.98,Two year,Fiber optic,Yes,Yes,Yes,No,No,Yes,No,Electronic check,Yes,No,Yes,No,1
CUST-007079,61,92.75,5635.36,One year,DSL,Yes,Yes,No,Yes,No,Yes,Yes,Electronic check,No,No,Yes,No,0
CUST-007080,37,62.28,2479.93,Two year,No,No,Yes,No,No,Yes,Yes,Yes,Bank transfer,Yes,No,Yes,No,0
CUST-007081,53,51.55,2769.2,Month-to-month,No,No,No,Yes,Yes,No,Yes,Yes,Credit card,Yes,No,Yes,No,0
CUST-007082,40,86.98,3578.59,Two year,DSL,Yes,Yes,No,No,Yes,Yes,No,Electronic check,No,No,No,No,0
CUST-007083,22,41.15,891.52,Month-to-month,No,Yes,Yes,Yes,No,No,No,Yes,Electronic check,No,No,No,No,1
CUST-007084,72,116.49,8226.93,Month-to-month,Fiber optic,No,No,Yes,Yes,No,Yes,Yes,Electronic check,Yes,No,Yes,Yes,0
CUST-007085,53,118.04,6041.62,Two year,Fiber optic,No,Yes,Yes,No,Yes,Yes,Yes,Electronic check,Yes,No,Yes,Yes,1
CUST-007086,70,106.93,7718.16,Month-to-month,Fiber optic,Yes,No,Yes,Yes,No,Yes,No,Electronic check,Yes,No,No,No,1
CUST-007087,30,114.54,3197.17,Month-to-month,Fiber optic,Yes,No,No,No,Yes,Yes,Yes,Bank transfer,Yes,Yes,Yes,No,1
CUST-007088,42,39.13,1756.41,One year,No,No,No,No,No,No,Yes,Yes,Bank transfer,Yes,No,No,Yes,0
CUST-007089,1,69.93,0.0,Month-to-month,DSL,No,Yes,No,No,No,Yes,No,Credit card,Yes,No,Yes,Yes,0
CUST-007090,66,74.05,4831.81,Two year,DSL,Yes,No,Yes,No,No,Yes,No,Electronic check,No,No,No,Yes,0
CUST-007091,26,104.73,2641.21,Two year,Fiber optic,No,No,Yes,Yes,No,Yes,No,Credit card,No,No,No,Yes,0
CUST-007092,44,86.37,3951.73,One year,Fiber optic,Yes,No,No,No,No,Yes,No,Mailed check,Yes,No,Yes,Yes,0
CUST-007093,1,117.35,221.72,Two year,Fiber optic,Yes,Yes,No,No,No,Yes,Yes,Electronic check,Yes,No,No,No,1
CUST-007094,41,101.57,3869.7,Two year,Fiber optic,Yes,Yes,No,No,No,Yes,No,Electronic check,Yes,Yes,No,No,0
CUST-007095,45,88.02,3928.44,Month-to-month,Fiber optic,No,No,No,No,No,Yes,No,Credit card,No,No,Yes,No,1
CUST-007096,28,58.07,1522.03,Month-to-month,No,No,Yes,Yes,Yes,No,Yes,Yes,Bank transfer,Yes,No,Yes,No,0
CUST-007097,26,86.97,2567.96,Two year,DSL,No,Yes,Yes,Yes,No,Yes,Yes,Bank transfer,Yes,No,No,Yes,0
CUST-007098,56,95.85,5580.0,Month-to-month,DSL,No,No,Yes,Yes,Yes,Yes,No,Credit card,Yes,No,Yes,Yes,1
CUST-007099,66,91.6,6206.58,Two year,Fiber optic,Yes,No,No,No,No,Yes,No,Electronic check,No,No,Yes,Yes,0
CUST-007100,11,52.29,478.15,Month-to-month,No,No,Yes,Yes,Yes,No,No,No,Bank transfer,No,Yes,Yes,No,1
CUST-007101,68,42.51,2753.97,Month-to-month,DSL,Yes,No,Yes,No,No,No,Yes,Electronic check,Yes,No,No,Yes,0
CUST-007102,13,76.66,1000.87,One year,DSL,No,Yes,No,No,No,Yes,No,Mailed check,Yes,No,Yes,Yes,0
CUST-007103,38,51.82,1793.02,One year,DSL,No,No,No,Yes,No,No,No,Electronic check,No,No,Yes,Yes,0
CUST-007104,47,80.92,3852.72,Month-to-month,Fiber optic,No,No,No,No,No,Yes,No,Credit card,No,No,No,Yes,1
CUST-007105,62,73.38,4709.27,Month-to-month,DSL,Yes,No,Yes,Yes,No,Yes,No,Electronic check,Yes,No,Yes,No,0
CUST-007106,54,86.08,4739.68,Month-to-month,DSL,Yes,No,Yes,Yes,No,Yes,Yes,Mailed check,Yes,No,Yes,No,0
CUST-007107,70,113.02,7828.32,One year,Fiber optic,No,Yes,No,Yes,Yes,Yes,No,Bank transfer,Yes,No,Yes,No,0
CUST-007108,6,81.22,240.58,One year,DSL,No,Yes,No,No,No,Yes,No,Credit card,Yes,No,Yes,Yes,0
CUST-007109,61,44.7,3039.52,Two year,No,No,No,Yes,Yes,Yes,Yes,No,Bank transfer,No,No,No,No,0
CUST-007110,72,39.53,2873.74,Two year,No,No,No,Yes,Yes,No,Yes,Yes,Electronic check,Yes,No,No,Yes,0
CUST-007111,2,68.05,238.09,Month-to-month,DSL,Yes,No,Yes,Yes,No,Yes,No,Electronic check,Yes,No,No,No,0
CUST-007112,57,105.97,6310.54,Month-to-month,Fiber optic,No,No,No,Yes,Yes,Yes,No,Electronic check,No,No,Yes,No,1
CUST-007113,0,96.54,156.58,Two year,DSL,Yes,Yes,Yes,Yes,No,Yes,Yes,Electronic check,Yes,Yes,No,No,0
CUST-007114,15,86.25,1211.25,Month-to-month,DSL,Yes,No,No,No,Yes,No,Yes,Electronic check,Yes,Yes,No,Yes,1
CUST-007115,26,96.58,2675.88,Month-to-month,Fiber optic,No,No,No,No,No,Yes,Yes,Electronic check,Yes,No,Yes,No,1
CUST-007116,55,44.5,2296.8,Two year,No,No,No,No,Yes,No,Yes,No,Electronic check,Yes,No,No,No,0
CUST-007117,43,73.94,3244.56,One year,DSL,No,Yes,Yes,No,Yes,Yes,Yes,Bank transfer,Yes,No,No,No,0
CUST-007118,11,53.12,747.28,Month-to-month,No,No,No,No,No,No,Yes,Yes,Bank transfer,Yes,No,No,No,1
CUST-007119,36,117.09,4281.97,Month-to-month,Fiber optic,Yes,No,No,No,Yes,Yes,Yes,Electronic check,Yes,No,Yes,Yes,0
CUST-007120,57,116.41,6491.86,Month-to-month,Fiber optic,Yes,Yes,Yes,Yes,No,Yes,Yes,Credit card,No,No,No,Yes,1
CUST-007121,17,64.36,1152.1,Month-to-month,DSL,Yes,Yes,No,No,Yes,Yes,No,Credit card,Yes,No,Yes,No,0
CUST-007122,21,105.43,2243.07,Month-to-month,Fiber optic,No,No,Yes,No,Yes,Yes,Yes,Credit card,Yes,Yes,No,No,1
CUST-007123,63,80.19,5102.41,Month-to-month,DSL,No,Yes,No,Yes,Yes,Yes,No,Electronic check,No,No,No,No,0
CUST-007124,14,80.82,1008.99,Month-to-month,DSL,Yes,No,No,No,Yes,Yes,Yes,Bank transfer,Yes,No,No,No,1
CUST-007125,23,101.8,2400.82,Month-to-month,Fiber optic,No,Yes,No,No,Yes,Yes,Yes,Credit card,Yes,No,Yes,No,0
CUST-007126,27,102.04,2621.79,One year,Fiber optic,No,No,No,No,Yes,Yes,No,Bank transfer,No,No,No,Yes,1
CUST-007127,45,78.7,3782.19,Month-to-month,Fiber optic,No,No,No,No,No,Yes,No,Bank transfer,No,No,No,No,1
CUST-007128,42,119.31,5072.83,Month-to-month,Fiber optic,No,Yes,Yes,Yes,Yes,Yes,Yes,Bank transfer,Yes,No,No,No,0
CUST-007129,36,97.56,3536.84,One year,DSL,Yes,Yes,Yes,Yes,Yes,No,Yes,Credit card,Yes,Yes,No,No,0
CUST-007130,42,78.47,3384.94,One year,DSL,No,No,Yes,No,Yes,Yes,No,Mailed check,Yes,No,No,No,0
CUST-007131,52,130.25,6851.55,Month-to-month,Fiber optic,Yes,No,Yes,Yes,No,Yes,Yes,Electronic check,Yes,No,Yes,Yes,0
CUST-007132,25,104.65,2575.47,Two year,Fiber optic,Yes,No,Yes,No,No,Yes,No,Credit card,Yes,No,No,No,0
CUST-007133,28,37.25,974.3,One year,No,Yes,No,No,No,No,Yes,No,Electronic check,No,Yes,No,No,0
CUST-007134,54,34.11,1868.69,Month-to-month,No,No,Yes,No,No,No,Yes,Yes,Bank transfer,No,No,Yes,No,0
CUST-007135,25,50.73,1330.0,One year,No,No,Yes,Yes,No,No,Yes,Yes,Bank transfer,Yes,Yes,Yes,No,0
CUST-007136,34,121.82,3933.96,One year,Fiber optic,No,No,No,Yes,Yes,Yes,Yes,Electronic check,Yes,No,No,No,1
CUST-007137,9,104.36,1039.9,Month-to-month,Fiber optic,No,No,Yes,Yes,No,Yes,No,Mailed check,No,Yes,Yes,No,1
CUST-007138,32,96.2,2914.81,One year,Fiber optic,Yes,No,No,No,No,Yes,Yes,Electronic check,Yes,Yes,Yes,No,1
CUST-007139,63,100.68,6430.05,One year,DSL,Yes,Yes,Yes,Yes,No,Yes,Yes,Mailed check,No,No,Yes,No,0
CUST-007140,49,84.83,4361.11,One year,DSL,Yes,No,Yes,Yes,Yes,Yes,Yes,Electronic check,No,No,Yes,No,0
CUST-007141,66,38.44,2337.66,One year,No,No,No,No,Yes,Yes,Yes,No,Credit card,No,No,No,No,0
CUST-007142,52,125.92,6451.44,One year,Fiber optic,No,No,Yes,Yes,Yes,Yes,Yes,Bank transfer,No,No,No,No,1
CUST-007143,41,98.38,4036.92,Month-to-month,Fiber optic,Yes,No,No,Yes,No,Yes,No,Electronic check,Yes,No,Yes,No,1
CUST-007144,71,95.26,6374.1,Month-to-month,Fiber optic,No,No,No,Yes,No,No,No,Mailed check,Yes,No,No,No,1
CUST-007145,67,75.8,4713.39,Month-to-month,DSL,No,No,No,No,Yes,Yes,Yes,Credit card,No,Yes,Yes,No,1
CUST-007146,4,55.63,227.79,Month-to-month,DSL,No,No,No,Yes,No,Yes,No,Mailed check,Yes,Yes,No,Yes,0
CUST-007147,10,110.31,1126.23,One year,Fiber optic,Yes,Yes,No,Yes,No,Yes,Yes,Bank transfer,Yes,Yes,No,Yes,1
CUST-007148,70,77.65,5421.96,Month-to-month,DSL,Yes,No,No,Yes,No,Yes,Yes,Electronic check,Yes,No,No,No,1
CUST-007149,41,41.13,1918.03,Two year,No,No,Yes,No,No,No,Yes,No,Bank transfer,Yes,No,Yes,No,0
CUST-007150,15,87.73,1336.22,Two year,DSL,Yes,No,No,No,Yes,Yes,Yes,Mailed check,Yes,No,Yes,No,0
CUST-007151,61,111.59,6745.38,One year,Fiber optic,No,No,Yes,No,Yes,Yes,Yes,Credit card,No,No,No,No,0
CUST-007152,8,111.92,775.81,One year,Fiber optic,Yes,No,No,Yes,No,Yes,No,Credit card,No,No,Yes,No,1
CUST-007153,41,50.61,2046.4,Month-to-month,No,Yes,No,Yes,Yes,Yes,Yes,Yes,Mailed check,No,No,No,No,0
CUST-007154,48,104.35,5028.13,Month-to-month,Fiber optic,No,Yes,Yes,No,No,Yes,Yes,Credit card,Yes,Yes,No,Yes,0
CUST-007155,1,67.89,38.43,Month-to-month,DSL,Yes,Yes,No,No,No,Yes,No,Credit card,Yes,No,No,No,1
CUST-007156,17,141.77,2643.5,Month-to-month,Fiber optic,Yes,Yes,Yes,Yes,Yes,Yes,No,Mailed check,Yes,No,Yes,Yes,0
CUST-007157,54,95.4,4951.22,Two year,Fiber optic,No,Yes,Yes,No,No,Yes,Yes,Mailed check,Yes,No,Yes,No,0
CUST-007158,47,52.03,2614.17,Month-to-month,DSL,No,No,No,No,No,Yes,No,Electronic check,Yes,No,Yes,Yes,0
CUST-007159,3,33.36,90.19,Month-to-month,No,No,No,Yes,Yes,No,Yes,No,Credit card,No,Yes,No,Yes,1
CUST-007160,32,111.7,3359.18,Two year,Fiber optic,No,Yes,Yes,Yes,Yes,Yes,No,Electronic check,Yes,No,Yes,No,0
CUST-007161,30,112.74,3675.22,Month-to-month,Fiber optic,Yes,Yes,No,Yes,No,Yes,Yes,Credit card,No,No,Yes,No,1
CUST-007162,71,99.11,7264.12,Two year,Fiber optic,Yes,No,No,No,Yes,Yes,No,Credit card,No,No,No,Yes,0
CUST-007163,44,95.97,3999.45,Month-to-month,Fiber optic,Yes,No,No,Yes,Yes,Yes,Yes,Electronic check,Yes,No,Yes,No,0
CUST-007164,56,127.31,7136.27,Month-to-month,Fiber optic,Yes,Yes,Yes,No,Yes,Yes,No,Bank transfer,Yes,No,No,No,1
CUST-007165,17,80.05,1463.75,Month-to-month,DSL,Yes,Yes,No,No,Yes,Yes,No,Bank transfer,Yes,No,Yes,No,0
CUST-007166,32,62.06,1671.16,Month-to-month,No,Yes,Yes,Yes,No,Yes,Yes,Yes,Electronic check,Yes,No,Yes,No,0
CUST-007167,54,60.09,3317.53,Month-to-month,No,No,Yes,No,Yes,Yes,Yes,No,Electronic check,Yes,No,Yes,No,0
CUST-007168,49,81.35,3871.52,Month-to-month,Fiber optic,No,Yes,No,Yes,No,No,No,Electronic check,Yes,Yes,Yes,No,1
CUST-007169,13,64.9,895.82,Month-to-month,DSL,No,Yes,No,No,No,Yes,No,Bank transfer,No,No,No,Yes,0
CUST-007170,3,73.16,418.02,One year,Fiber optic,No,No,No,No,No,Yes,No,Bank transfer,Yes,No,Yes,No,1
CUST-007171,0,48.21,78.3,Two year,No,Yes,No,No,Yes,Yes,No,Yes,Mailed check,Yes,No,Yes,No,0
CUST-007172,38,61.88,2409.52,Month-to-month,No,Yes,No,Yes,Yes,No,No,No,Credit card,No,No,Yes,No,1
CUST-007173,5,62.22,263.98,Two year,No,Yes,No,Yes,Yes,No,Yes,Yes,Electronic check,Yes,No,Yes,No,1
CUST-007174,59,88.0,4955.46,Month-to-month,DSL,Yes,No,Yes,No,Yes,No,Yes,Mailed check,Yes,No,No,No,1
CUST-007175,30,113.61,3475.88,Month-to-month,Fiber optic,Yes,No,Yes,No,Yes,Yes,Yes,Bank transfer,Yes,Yes,Yes,No,1
CUST-007176,36,88.4,3124.29,Two year,DSL,Yes,Yes,Yes,Yes,Yes,Yes,No,Electronic check,Yes,No,Yes,Yes,0
CUST-007177,21,65.08,1336.45,One year,DSL,No,Yes,Yes,No,No,Yes,No,Credit card,No,No,Yes,No,0
CUST-007178,30,60.2,1907.71,Two year,DSL,No,No,No,No,No,Yes,No,Credit card,No,Yes,No,No,0
CUST-007179,28,102.41,3136.99,One year,DSL,Yes,Yes,No,Yes,Yes,Yes,Yes,Bank transfer,Yes,No,No,Yes,0
CUST-007180,18,121.1,2182.71,One year,Fiber optic,No,No,Yes,Yes,Yes,Yes,Yes,Electronic check,Yes,No,Yes,No,1
CUST-007181,71,81.11,5879.41,Month-to-month,Fiber optic,No,No,Yes,No,No,Yes,No,Electronic check,Yes,No,Yes,No,0
CUST-007182,33,78.9,2446.3,Month-to-month,DSL,No,No,Yes,No,No,Yes,Yes,Electronic check,No,No,Yes,No,0
CUST-007183,49,90.1,4400.71,Month-to-month,Fiber optic,No,No,Yes,No,No,No,No,Bank transfer,Yes,No,No,Yes,0
CUST-007184,56,105.12,5779.7,Two year,Fiber optic,No,No,No,Yes,Yes,Yes,Yes,Credit card,Yes,No,Yes,No,0
CUST-007185,50,39.93,2413.1,Two year,No,No,No,Yes,Yes,No,Yes,Yes,Electronic check,Yes,No,No,Yes,0
CUST-007186,52,92.16,4726.0,One year,DSL,Yes,No,No,Yes,Yes,Yes,Yes,Bank transfer,No,No,Yes,No,0
CUST-007187,35,107.93,3664.65,One year,Fiber optic,Yes,No,Yes,Yes,Yes,Yes,Yes,Bank transfer,Yes,No,No,No,0
CUST-007188,9,74.7,847.96,Month-to-month,DSL,No,No,Yes,Yes,No,Yes,Yes,Electronic check,Yes,No,Yes,Yes,1
CUST-007189,12,67.0,661.46,Month-to-month,DSL,No,No,No,No,Yes,Yes,Yes,Mailed check,No,No,Yes,No,1
CUST-007190,23,74.67,1519.77,Month-to-month,DSL,No,No,Yes,Yes,Yes,Yes,No,Electronic check,No,No,Yes,Yes,0
CUST-007191,33,73.69,2432.88,One year,DSL,No,No,Yes,Yes,No,Yes,Yes,Credit card,Yes,No,Yes,Yes,0
CUST-007192,28,58.06,1468.85,Two year,DSL,Yes,No,Yes,No,No,Yes,Yes,Credit card,No,Yes,Yes,No,0
CUST-007193,72,117.3,8487.07,Month-to-month,Fiber optic,Yes,Yes,No,No,Yes,Yes,Yes,Mailed check,Yes,No,No,No,0
CUST-007194,29,105.8,3213.94,One year,Fiber optic,No,Yes,Yes,Yes,No,Yes,No,Mailed check,Yes,No,Yes,No,0
CUST-007195,54,48.32,2824.62,One year,No,No,No,Yes,Yes,No,Yes,No,Electronic check,Yes,No,No,No,0
CUST-007196,70,68.78,4552.75,Month-to-month,DSL,No,No,No,Yes,Yes,Yes,No,Electronic check,No,Yes,Yes,No,0
CUST-007197,46,76.48,3448.88,Month-to-month,DSL,No,No,Yes,Yes,Yes,Yes,Yes,Mailed check,No,No,Yes,No,0
CUST-007198,59,85.57,4817.5,One year,DSL,No,Yes,Yes,No,Yes,Yes,No,Credit card,Yes,No,No,No,0
CUST-007199,58,93.17,5397.31,Month-to-month,Fiber optic,No,Yes,Yes,No,No,No,No,Mailed check,Yes,No,No,No,0
CUST-007200,19,59.26,1056.65,One year,DSL,No,No,No,No,No,Yes,Yes,Electronic check,Yes,No,No,Yes,1
CUST-007201,22,62.38,1414.61,One year,DSL,No,No,No,No,No,Yes,Yes,Mailed check,No,No,No,Yes,0
CUST-007202,46,92.7,4332.97,Month-to-month,Fiber optic,Yes,Yes,Yes,Yes,No,No,Yes,Mailed check,No,No,Yes,Yes,0
CUST-007203,2,79.56,43.72,Month-to-month,Fiber optic,No,No,No,No,Yes,Yes,Yes,Electronic check,No,No,No,No,1
CUST-007204,17,115.93,1817.76,One year,Fiber optic,Yes,No,No,Yes,Yes,Yes,Yes,Bank transfer,Yes,No,No,No,1
CUST-007205,6,91.05,459.48,Month-to-month,Fiber optic,No,Yes,Yes,No,No,No,No,Bank transfer,Yes,No,Yes,No,1
CUST-007206,32,66.51,2344.8,Two year,No,Yes,Yes,Yes,No,No,Yes,Yes,Bank transfer,No,No,Yes,No,0
CUST-007207,50,95.26,4662.2,Month-to-month,DSL,Yes,Yes,No,Yes,Yes,Yes,Yes,Electronic check,Yes,Yes,Yes,No,0
CUST-007208,43,91.89,4043.15,Two year,Fiber optic,Yes,No,No,No,Yes,Yes,No,Electronic check,Yes,No,Yes,No,0
CUST-007209,53,29.55,1626.83,Month-to-month,No,Yes,No,No,No,Yes,Yes,No,Mailed check,No,Yes,No,No,1
CUST-007210,30,73.1,2202.84,One year,DSL,No,Yes,Yes,Yes,No,Yes,No,Bank transfer,Yes,No,Yes,No,1
CUST-007211,6,102.11,760.66,Two year,Fiber optic,Yes,No,No,No,No,Yes,Yes,Credit card,Yes,Yes,Yes,Yes,0
CUST-007212,36,70.99,2452.62,Two year,DSL,No,No,Yes,No,Yes,No,Yes,Electronic check,Yes,No,Yes,Yes,0
CUST-007213,64,87.43,5276.28,One year,DSL,No,No,Yes,Yes,Yes,Yes,Yes,Bank transfer,Yes,No,No,Yes,0
CUST-007214,38,89.98,3369.35,One year,Fiber optic,No,No,Yes,No,No,Yes,No,Electronic check,Yes,No,No,Yes,0
CUST-007215,53,82.87,4514.38,Two year,DSL,Yes,Yes,Yes,Yes,Yes,Yes,Yes,Electronic check,Yes,No,Yes,No,0
CUST-007216,9,98.61,951.29,Month-to-month,DSL,Yes,No,Yes,No,Yes,Yes,Yes,Bank transfer,No,Yes,Yes,No,1
CUST-007217,19,89.5,1797.09,Month-to-month,Fiber optic,Yes,No,No,No,No,Yes,Yes,Mailed check,Yes,No,Yes,Yes,1
CUST-007218,19,70.78,1266.79,Month-to-month,DSL,No,Yes,Yes,No,No,Yes,Yes,Electronic check,No,No,Yes,Yes,1
CUST-007219,17,83.97,1442.28,Two year,DSL,No,Yes,No,No,Yes,Yes,Yes,Credit card,No,No,No,No,0
CUST-007220,41,105.66,4332.27,Two year,Fiber optic,Yes,No,Yes,Yes,No,Yes,No,Mailed check,Yes,Yes,No,Yes,1
CUST-007221,67,92.82,6191.49,Month-to-month,Fiber optic,No,Yes,No,No,Yes,Yes,No,Electronic check,No,No,No,No,1
CUST-007222,43,115.64,5015.39,Month-to-month,Fiber optic,No,No,No,Yes,Yes,Yes,No,Credit card,Yes,No,Yes,Yes,1
CUST-007223,3,66.62,326.91,Month-to-month,DSL,No,No,Yes,Yes,No,Yes,No,Bank transfer,Yes,No,No,No,1
CUST-007224,68,108.91,7438.27,One year,Fiber optic,Yes,No,Yes,No,No,Yes,No,Bank transfer,No,No,Yes,Yes,0
CUST-007225,8,66.99,713.14,Month-to-month,DSL,No,Yes,No,No,Yes,Yes,Yes,Credit card,Yes,No,Yes,No,0
CUST-007226,2,84.35,50.01,One year,DSL,No,Yes,No,Yes,Yes,Yes,No,Mailed check,No,No,No,Yes,0
CUST-007227,5,63.93,661.36,Two year,DSL,No,Yes,No,No,No,Yes,No,Electronic check,Yes,No,No,No,1
CUST-007228,67,113.43,7515.66,Month-to-month,Fiber optic,No,No,No,Yes,No,Yes,Yes,Bank transfer,No,No,Yes,Yes,0
CUST-007229,48,118.67,5596.1,Month-to-month,Fiber optic,Yes,Yes,No,Yes,Yes,Yes,Yes,Electronic check,Yes,Yes,No,Yes,1
CUST-007230,10,109.93,791.04,Month-to-month,Fiber optic,Yes,No,Yes,Yes,No,Yes,Yes,Credit card,Yes,No,Yes,No,1
CUST-007231,64,108.33,7304.47,One year,Fiber optic,No,No,No,Yes,Yes,Yes,Yes,Credit card,Yes,No,No,Yes,0
CUST-007232,53,45.07,2548.65,Month-to-month,No,No,Yes,Yes,Yes,No,Yes,Yes,Mailed check,Yes,Yes,Yes,No,0
CUST-007233,66,104.03,6686.88,Two year,Fiber optic,No,No,No,No,Yes,Yes,Yes,Credit card,No,No,Yes,Yes,0
CUST-007234,31,52.12,1806.45,Month-to-month,DSL,Yes,No,No,No,Yes,Yes,No,Electronic check,No,Yes,Yes,Yes,1
CUST-007235,30,69.78,2003.24,Month-to-month,DSL,Yes,No,Yes,No,No,Yes,No,Mailed check,No,No,Yes,No,0
CUST-007236,72,111.85,7894.78,One year,Fiber optic,Yes,Yes,No,No,No,Yes,Yes,Mailed check,No,No,No,No,0
CUST-007237,10,50.48,252.92,Two year,No,Yes,No,No,Yes,Yes,Yes,Yes,Electronic check,No,No,Yes,Yes,0
CUST-007238,14,61.02,693.15,Month-to-month,No,Yes,No,No,Yes,No,Yes,No,Credit card,No,No,No,Yes,1
CUST-007239,27,59.61,1637.29,One year,DSL,No,Yes,No,No,No,No,No,Electronic check,No,No,No,No,0
CUST-007240,3,106.84,325.03,Two year,Fiber optic,Yes,Yes,Yes,No,Yes,Yes,No,Mailed check,No,No,Yes,Yes,0
CUST-007241,45,92.62,4212.35,Month-to-month,DSL,No,Yes,Yes,Yes,Yes,Yes,No,Credit card,No,No,No,No,0
CUST-007242,41,69.16,2788.86,One year,No,Yes,Yes,Yes,No,No,Yes,Yes,Bank transfer,Yes,No,Yes,No,0
CUST-007243,33,65.96,2133.11,Month-to-month,DSL,No,Yes,No,No,No,Yes,No,Bank transfer,No,No,Yes,No,0
CUST-007244,54,70.26,4016.25,Month-to-month,DSL,Yes,Yes,No,No,No,Yes,No,Bank transfer,Yes,No,Yes,Yes,0
CUST-007245,37,89.31,3389.2,Month-to-month,DSL,Yes,No,No,Yes,Yes,Yes,Yes,Electronic check,Yes,No,Yes,Yes,1
CUST-007246,59,86.56,5141.42,Two year,Fiber optic,Yes,Yes,No,No,Yes,Yes,No,Electronic check,No,No,No,Yes,0
CUST-007247,70,113.31,7951.25,Month-to-month,Fiber optic,No,No,No,No,Yes,Yes,Yes,Electronic check,No,No,No,No,1
CUST-007248,66,113.19,7494.25,Two year,Fiber optic,Yes,No,Yes,Yes,No,No,No,Credit card,Yes,No,No,No,0
CUST-007249,41,71.19,2942.82,Two year,DSL,No,No,Yes,Yes,Yes,Yes,No,Electronic check,Yes,No,No,Yes,0
CUST-007250,51,97.43,4784.24,One year,Fiber optic,No,No,No,Yes,Yes,Yes,No,Mailed check,Yes,No,Yes,No,1
CUST-007251,28,114.59,3291.7,Month-to-month,Fiber optic,Yes,No,Yes,Yes,Yes,Yes,No,Bank transfer,Yes,Yes,No,No,1
CUST-007252,72,97.52,6971.2,Month-to-month,Fiber optic,No,No,Yes,Yes,Yes,Yes,Yes,Credit card,No,Yes,No,Yes,0
CUST-007253,19,68.79,1366.11,Two year,DSL,Yes,Yes,No,No,No,Yes,No,Bank transfer,Yes,No,Yes,Yes,0
CUST-007254,2,104.59,0.0,Two year,Fiber optic,Yes,Yes,No,No,No,Yes,No,Electronic check,Yes,No,Yes,No,0
CUST-007255,28,45.54,1229.11,Month-to-month,No,No,No,Yes,Yes,No,Yes,Yes,Electronic check,Yes,No,Yes,Yes,1
CUST-007256,25,124.23,3028.89,Month-to-month,Fiber optic,Yes,No,Yes,Yes,No,No,No,Mailed check,Yes,No,No,No,1
CUST-007257,38,95.27,3707.02,One year,Fiber optic,Yes,No,Yes,Yes,Yes,Yes,Yes,Bank transfer,Yes,No,No,No,0
CUST-007258,7,134.48,859.48,Month-to-month,Fiber optic,No,Yes,Yes,Yes,Yes,Yes,Yes,Electronic check,Yes,No,No,Yes,1
CUST-007259,62,88.38,5672.31,One year,Fiber optic,No,No,Yes,No,No,Yes,No,Mailed check,No,No,Yes,No,1
CUST-007260,52,57.27,2957.31,Two year,No,No,No,Yes,No,No,Yes,Yes,Credit card,Yes,No,No,No,0
CUST-007261,68,120.45,8034.47,Month-to-month,Fiber optic,Yes,No,Yes,Yes,Yes,Yes,No,Bank transfer,Yes,No,Yes,No,1
CUST-007262,34,76.27,2666.39,Month-to-month,DSL,No,No,Yes,No,Yes,Yes,No,Electronic check,Yes,No,No,No,0
CUST-007263,17,134.06,2127.01,Two year,Fiber optic,Yes,Yes,Yes,Yes,Yes,Yes,Yes,Bank transfer,Yes,No,Yes,No,1
CUST-007264,39,85.8,3294.71,Month-to-month,Fiber optic,No,No,No,No,No,Yes,No,Electronic check,Yes,No,No,Yes,0
CUST-007265,1,104.8,44.18,Month-to-month,Fiber optic,No,Yes,Yes,Yes,No,No,Yes,Electronic check,Yes,No,Yes,No,1
CUST-007266,20,127.78,2416.11,One year,Fiber optic,Yes,Yes,Yes,No,Yes,Yes,Yes,Credit card,No,No,Yes,No,1
CUST-007267,16,44.49,742.89,Month-to-month,No,No,No,Yes,Yes,No,No,Yes,Bank transfer,No,Yes,No,No,1
CUST-007268,64,104.46,6812.01,Month-to-month,Fiber optic,No,No,No,Yes,Yes,Yes,No,Electronic check,Yes,Yes,No,No,1
CUST-007269,16,120.69,2052.69,Two year,Fiber optic,No,Yes,Yes,No,Yes,Yes,Yes,Electronic check,No,No,Yes,No,0
CUST-007270,34,92.62,3239.51,Month-to-month,Fiber optic,No,No,No,No,Yes,Yes,Yes,Electronic check,No,No,No,No,1
CUST-007271,58,55.05,2863.46,Month-to-month,DSL,Yes,No,No,No,No,Yes,Yes,Bank transfer,No,No,No,No,0
CUST-007272,0,101.77,160.92,Month-to-month,Fiber optic,Yes,Yes,Yes,Yes,Yes,No,Yes,Mailed check,No,Yes,No,Yes,0
CUST-007273,14,123.2,1676.45,Month-to-month,Fiber optic,No,No,No,Yes,Yes,Yes,Yes,Mailed check,Yes,No,Yes,No,1
CUST-007274,12,88.61,1243.9,Month-to-month,DSL,Yes,Yes,Yes,Yes,No,Yes,Yes,Credit card,Yes,No,No,No,1
CUST-007275,0,67.45,20.12,One year,No,Yes,No,Yes,Yes,No,Yes,Yes,Electronic check,No,Yes,No,No,1
CUST-007276,44,61.31,2468.83,Month-to-month,DSL,Yes,Yes,No,Yes,No,Yes,No,Mailed check,No,No,No,Yes,0
CUST-007277,20,76.13,1735.02,Month-to-month,DSL,No,Yes,No,No,Yes,Yes,Yes,Bank transfer,Yes,No,No,Yes,1
CUST-007278,46,48.62,2076.35,Two year,No,No,No,No,Yes,Yes,Yes,No,Credit card,Yes,No,No,Yes,0
CUST-007279,55,109.26,6154.22,Two year,Fiber optic,No,No,Yes,Yes,No,Yes,No,Credit card,Yes,No,No,No,0
CUST-007280,56,52.68,2687.75,Month-to-month,No,Yes,Yes,No,No,Yes,Yes,No,Credit card,Yes,No,No,Yes,0
CUST-007281,24,114.9,3076.4,One year,Fiber optic,Yes,No,Yes,Yes,No,Yes,No,Electronic check,No,No,No,No,1
CUST-007282,15,108.08,1698.59,One year,Fiber optic,No,No,Yes,Yes,Yes,Yes,No,Credit card,No,Yes,No,Yes,1
CUST-007283,71,51.58,3640.2,Month-to-month,DSL,No,Yes,No,No,No,Yes,No,Electronic check,Yes,No,Yes,Yes,1
CUST-007284,8,85.78,700.81,One year,DSL,No,Yes,No,Yes,Yes,Yes,Yes,Electronic check,Yes,No,No,Yes,1
CUST-007285,51,112.73,5709.23,Month-to-month,Fiber optic,No,No,Yes,No,Yes,Yes,Yes,Credit card,Yes,Yes,No,No,1
CUST-007286,32,81.02,2775.68,One year,DSL,No,Yes,No,No,Yes,Yes,No,Electronic check,Yes,No,Yes,No,1
CUST-007287,69,87.62,5955.72,One year,DSL,No,Yes,Yes,Yes,No,Yes,No,Electronic check,Yes,No,Yes,No,0
CUST-007288,5,89.48,146.0,Month-to-month,DSL,Yes,Yes,No,No,Yes,Yes,No,Bank transfer,No,No,No,No,0
CUST-007289,31,117.37,3733.44,Two year,Fiber optic,Yes,Yes,No,No,Yes,Yes,Yes,Credit card,Yes,Yes,No,Yes,1
CUST-007290,47,79.63,3824.02,Month-to-month,DSL,No,Yes,No,Yes,Yes,Yes,Yes,Bank transfer,Yes,No,No,No,1
CUST-007291,26,52.55,1597.13,Two year,DSL,No,No,Yes,No,No,Yes,No,Bank transfer,No,No,No,No,1
CUST-007292,61,90.84,5291.82,Two year,Fiber optic,Yes,Yes,No,No,No,Yes,No,Bank transfer,No,No,Yes,Yes,0
CUST-007293,66,77.59,5106.19,Month-to-month,DSL,No,Yes,Yes,No,Yes,Yes,No,Electronic check,No,No,No,No,0
CUST-007294,30,104.81,3237.34,One year,Fiber optic,Yes,Yes,No,No,No,Yes,Yes,Bank transfer,No,Yes,No,No,0
CUST-007295,28,115.42,3370.49,Month-to-month,Fiber optic,No,Yes,Yes,Yes,No,Yes,No,Bank transfer,Yes,No,Yes,No,1
CUST-007296,3,91.45,307.44,Month-to-month,DSL,Yes,No,Yes,Yes,Yes,Yes,No,Credit card,Yes,No,Yes,No,1
CUST-007297,53,118.41,6324.96,Two year,Fiber optic,Yes,No,No,Yes,No,Yes,No,Bank transfer,Yes,No,Yes,No,0
CUST-007298,67,106.06,7047.53,Month-to-month,Fiber optic,Yes,No,Yes,No,Yes,Yes,No,Mailed check,Yes,No,No,No,0
CUST-007299,13,140.6,2226.63,Month-to-month,Fiber optic,Yes,Yes,No,Yes,Yes,Yes,Yes,Electronic check,Yes,No,No,No,1
CUST-007300,68,59.35,4203.97,Month-to-month,DSL,Yes,No,No,No,No,Yes,No,Credit card,Yes,No,No,No,0
CUST-007301,24,105.73,2651.24,Month-to-month,Fiber optic,Yes,No,Yes,No,No,Yes,No,Credit card,No,No,No,No,0
CUST-007302,25,65.3,1658.5,Month-to-month,DSL,No,Yes,Yes,No,No,Yes,Yes,Credit card,No,No,Yes,Yes,0
CUST-007303,12,48.88,589.46,One year,DSL,Yes,No,No,Yes,No,Yes,No,Electronic check,Yes,Yes,No,No,0
CUST-007304,54,60.18,3306.85,Month-to-month,DSL,No,No,No,Yes,No,Yes,No,Bank transfer,No,No,Yes,No,0
CUST-007305,63,101.95,6492.67,Month-to-month,Fiber optic,No,No,Yes,Yes,Yes,Yes,Yes,Bank transfer,No,No,No,No,1
CUST-007306,14,71.22,669.53,One year,No,No,No,No,Yes,Yes,Yes,Yes,Electronic check,No,No,Yes,Yes,0
CUST-007307,22,76.49,1638.6,Month-to-month,DSL,No,No,No,Yes,Yes,Yes,No,Bank transfer,Yes,No,Yes,No,1
CUST-007308,57,89.58,5297.31,Two year,Fiber optic,No,Yes,No,No,No,Yes,No,Credit card,Yes,No,Yes,No,0
CUST-007309,18,138.14,2524.87,Month-to-month,Fiber optic,No,Yes,Yes,Yes,Yes,Yes,Yes,Bank transfer,Yes,No,Yes,No,1
CUST-007310,6,54.39,336.49,Month-to-month,DSL,No,No,No,No,No,Yes,No,Electronic check,No,No,Yes,Yes,1
CUST-007311,72,129.07,8961.32,Two year,Fiber optic,Yes,Yes,Yes,No,Yes,Yes,Yes,Electronic check,No,No,Yes,Yes,0
CUST-007312,51,70.07,3863.08,One year,DSL,No,No,No,Yes,No,Yes,No,Mailed check,No,No,No,No,0
CUST-007313,70,72.74,4943.32,Month-to-month,DSL,Yes,No,Yes,Yes,No,Yes,No,Electronic check,Yes,No,No,No,0
CUST-007314,19,108.41,2065.06,Month-to-month,Fiber optic,No,Yes,No,Yes,Yes,Yes,No,Mailed check,Yes,No,Yes,Yes,1
CUST-007315,37,103.94,3778.8,Month-to-month,Fiber optic,Yes,No,Yes,Yes,No,No,Yes,Electronic check,No,No,No,No,1
CUST-007316,36,92.52,3217.98,Month-to-month,Fiber optic,Yes,Yes,Yes,No,No,Yes,Yes,Electronic check,Yes,Yes,No,No,0
CUST-007317,68,84.73,5795.48,Month-to-month,Fiber optic,Yes,No,No,Yes,No,Yes,No,Electronic check,Yes,No,No,No,1
CUST-007318,46,52.17,2335.76,Two year,DSL,No,No,Yes,No,No,Yes,No,Credit card,Yes,No,No,Yes,0
CUST-007319,37,102.28,3804.31,Month-to-month,Fiber optic,Yes,Yes,Yes,No,No,Yes,Yes,Credit card,Yes,No,Yes,Yes,0
CUST-007320,61,102.1,6264.09,Month-to-month,Fiber optic,No,No,Yes,Yes,Yes,Yes,No,Bank transfer,Yes,Yes,Yes,No,1
CUST-007321,63,93.8,5845.16,One year,Fiber optic,No,No,Yes,No,No,Yes,No,Electronic check,No,No,No,No,0
CUST-007322,33,54.89,1895.21,Month-to-month,No,No,No,Yes,No,No,Yes,Yes,Credit card,Yes,No,Yes,Yes,0
CUST-007323,57,78.72,4538.56,Month-to-month,DSL,Yes,No,No,No,No,Yes,No,Credit card,Yes,No,No,Yes,0
CUST-007324,36,86.04,3028.92,Month-to-month,Fiber optic,No,No,No,Yes,No,Yes,No,Mailed check,No,No,No,No,1
CUST-007325,12,86.8,998.27,Two year,DSL,No,Yes,Yes,Yes,Yes,No,No,Credit card,Yes,No,Yes,Yes,1
CUST-007326,13,80.1,710.09,Month-to-month,DSL,No,Yes,Yes,No,No,Yes,Yes,Electronic check,Yes,No,No,Yes,0
CUST-007327,72,40.16,2928.69,Two year,No,No,Yes,No,No,No,Yes,No,Electronic check,Yes,No,Yes,No,0
CUST-007328,26,101.3,2311.4,Month-to-month,Fiber optic,Yes,No,Yes,Yes,No,Yes,Yes,Electronic check,Yes,No,No,No,1
CUST-007329,44,81.58,3585.7,Month-to-month,Fiber optic,No,No,No,Yes,No,No,No,Credit card,No,No,No,No,1
CUST-007330,36,112.79,4035.77,Month-to-month,Fiber optic,No,No,Yes,No,Yes,Yes,No,Electronic check,Yes,No,No,No,0
CUST-007331,60,49.21,2746.11,Two year,No,No,No,No,No,Yes,Yes,Yes,Credit card,Yes,No,No,No,0
CUST-007332,31,75.7,2334.48,Month-to-month,DSL,No,No,Yes,Yes,No,Yes,Yes,Bank transfer,Yes,Yes,No,No,0
CUST-007333,49,97.19,4524.1,Month-to-month,DSL,Yes,Yes,Yes,No,Yes,Yes,No,Bank transfer,Yes,No,No,No,0
CUST-007334,40,91.09,3619.6,Two year,Fiber optic,No,No,No,Yes,No,Yes,No,Bank transfer,Yes,No,No,No,0
CUST-007335,72,96.4,6944.15,Two year,Fiber optic,Yes,No,No,Yes,No,Yes,No,Credit card,No,No,No,No,0
CUST-007336,71,121.48,8756.53,Month-to-month,Fiber optic,Yes,No,Yes,Yes,Yes,Yes,No,Mailed check,Yes,No,No,No,1
CUST-007337,30,18.0,627.05,Month-to-month,No,No,No,No,No,No,Yes,No,Bank transfer,Yes,Yes,No,No,0
CUST-007338,7,49.14,523.11,Two year,No,Yes,No,Yes,No,No,Yes,Yes,Electronic check,No,No,Yes,No,0
CUST-007339,32,110.57,3326.52,Month-to-month,Fiber optic,Yes,Yes,Yes,No,Yes,Yes,No,Electronic check,No,No,Yes,Yes,0
CUST-007340,34,58.84,1994.28,Two year,DSL,No,No,Yes,Yes,No,Yes,No,Electronic check,No,No,No,No,0
CUST-007341,54,52.44,3124.12,Month-to-month,DSL,Yes,No,Yes,No,No,Yes,No,Electronic check,Yes,No,Yes,No,0
CUST-007342,0,92.49,162.93,Month-to-month,DSL,Yes,Yes,No,Yes,Yes,Yes,Yes,Credit card,No,No,No,No,1
CUST-007343,26,84.4,2266.68,Two year,DSL,Yes,No,Yes,Yes,No,Yes,Yes,Mailed check,Yes,No,No,Yes,0
CUST-007344,8,46.4,636.1,One year,No,Yes,No,No,No,No,Yes,Yes,Bank transfer,Yes,No,No,No,0
CUST-007345,31,63.76,2089.04,Two year,No,Yes,No,Yes,Yes,Yes,Yes,Yes,Credit card,No,No,No,No,0
CUST-007346,19,73.43,1396.79,Month-to-month,No,No,Yes,Yes,Yes,Yes,Yes,Yes,Credit card,Yes,No,Yes,Yes,1
CUST-007347,24,87.59,2308.74,Month-to-month,Fiber optic,Yes,No,No,No,Yes,Yes,No,Mailed check,No,No,No,No,1
CUST-007348,68,67.16,4632.84,Month-to-month,DSL,No,No,Yes,Yes,No,Yes,Yes,Electronic check,No,Yes,No,Yes,0
CUST-007349,4,61.36,343.73,Two year,No,Yes,No,No,Yes,Yes,Yes,No,Bank transfer,Yes,No,No,Yes,0
CUST-007350,62,112.04,6989.12,Two year,Fiber optic,No,Yes,Yes,Yes,Yes,Yes,No,Mailed check,No,No,No,No,0
CUST-007351,59,63.95,3891.8,Month-to-month,No,Yes,Yes,Yes,Yes,Yes,Yes,Yes,Electronic check,Yes,No,Yes,No,0
CUST-007352,0,111.55,0.0,Two year,Fiber optic,No,Yes,No,No,No,Yes,Yes,Credit card,No,No,Yes,No,0
CUST-007353,48,89.11,4208.27,Month-to-month,Fiber optic,No,No,No,No,No,Yes,Yes,Electronic check,Yes,No,Yes,No,1
CUST-007354,52,71.47,3954.47,Month-to-month,DSL,No,Yes,Yes,Yes,No,Yes,Yes,Bank transfer,No,No,No,No,0
CUST-007355,63,87.28,5507.34,Month-to-month,DSL,No,Yes,Yes,Yes,Yes,Yes,Yes,Bank transfer,No,Yes,No,No,0
CUST-007356,7,112.66,791.92,Two year,Fiber optic,Yes,Yes,Yes,No,Yes,Yes,Yes,Electronic check,No,No,Yes,Yes,0
CUST-007357,4,62.33,118.66,Month-to-month,No,No,No,No,No,Yes,Yes,Yes,Mailed check,Yes,No,Yes,Yes,1
CUST-007358,38,62.62,2545.44,Month-to-month,DSL,Yes,Yes,No,Yes,No,Yes,Yes,Credit card,Yes,No,No,Yes,0
CUST-007359,8,99.34,593.59,Month-to-month,DSL,No,Yes,Yes,No,Yes,Yes,Yes,Bank transfer,Yes,No,No,No,1
CUST-007360,27,120.91,3196.27,Month-to-month,Fiber optic,No,Yes,No,Yes,Yes,Yes,Yes,Credit card,Yes,No,No,No,1
CUST-007361,1,128.82,282.4,One year,Fiber optic,No,No,No,Yes,Yes,No,Yes,Bank transfer,Yes,No,No,Yes,1
CUST-007362,59,67.47,4060.1,Month-to-month,DSL,Yes,No,No,No,No,Yes,Yes,Mailed check,No,No,Yes,No,0
CUST-007363,24,35.49,772.03,Month-to-month,No,No,No,Yes,Yes,No,Yes,No,Credit card,Yes,No,Yes,No,1
CUST-007364,36,84.9,3049.43,One year,DSL,No,No,Yes,No,Yes,Yes,Yes,Mailed check,No,No,Yes,No,0
CUST-007365,17,56.34,1101.64,Two year,DSL,No,No,No,Yes,No,Yes,No,Bank transfer,No,No,No,No,0
CUST-007366,54,106.66,5758.05,Month-to-month,Fiber optic,Yes,No,No,Yes,Yes,Yes,No,Electronic check,Yes,Yes,Yes,No,1
CUST-007367,34,77.06,2609.21,Two year,DSL,Yes,Yes,No,No,Yes,Yes,Yes,Electronic check,Yes,No,Yes,Yes,0
CUST-007368,52,102.55,5093.96,Month-to-month,Fiber optic,No,Yes,No,Yes,No,No,No,Credit card,Yes,No,Yes,Yes,1
CUST-007369,62,43.59,2847.55,Month-to-month,No,Yes,Yes,No,No,Yes,Yes,No,Bank transfer,No,No,Yes,No,0
CUST-007370,66,79.45,5359.26,Month-to-month,Fiber optic,Yes,No,No,No,No,Yes,No,Bank transfer,Yes,No,Yes,No,0
CUST-007371,54,134.48,7253.41,One year,Fiber optic,Yes,No,Yes,Yes,Yes,Yes,No,Credit card,Yes,No,No,No,0
CUST-007372,49,54.1,2788.41,One year,DSL,No,No,Yes,Yes,No,Yes,No,Credit card,No,No,Yes,No,1
CUST-007373,13,114.83,1312.02,Month-to-month,Fiber optic,No,Yes,Yes,No,Yes,Yes,Yes,Electronic check,No,No,No,No,0
CUST-007374,47,85.05,3879.13,Month-to-month,DSL,Yes,No,Yes,Yes,No,Yes,Yes,Electronic check,Yes,No,No,No,1
CUST-007375,35,98.35,3474.71,Month-to-month,Fiber optic,No,No,Yes,Yes,Yes,Yes,No,Mailed check,Yes,No,No,No,1
CUST-007376,26,67.82,1617.79,Month-to-month,DSL,No,No,No,Yes,No,Yes,Yes,Bank transfer,Yes,No,No,No,0
CUST-007377,32,70.89,2324.03,Two year,DSL,No,Yes,No,Yes,No,Yes,No,Bank transfer,No,No,Yes,No,0
CUST-007378,38,96.96,3813.43,Month-to-month,Fiber optic,No,Yes,Yes,No,Yes,Yes,No,Credit card,Yes,No,Yes,Yes,1
CUST-007379,3,69.65,39.73,Month-to-month,DSL,Yes,Yes,Yes,No,No,Yes,No,Mailed check,Yes,No,No,No,0
CUST-007380,9,30.1,366.33,Two year,No,No,Yes,Yes,No,No,Yes,No,Bank transfer,Yes,No,Yes,No,0
CUST-007381,20,54.68,1239.83,Two year,DSL,No,No,No,No,Yes,Yes,Yes,Electronic check,Yes,No,Yes,No,0
CUST-007382,57,34.83,2420.86,Two year,No,Yes,No,No,No,Yes,Yes,No,Electronic check,Yes,Yes,Yes,No,0
CUST-007383,52,70.14,3516.15,Month-to-month,No,No,No,Yes,Yes,Yes,Yes,No,Bank transfer,Yes,No,Yes,Yes,0
CUST-007384,2,65.06,120.67,Month-to-month,DSL,No,Yes,Yes,Yes,No,Yes,No,Mailed check,No,No,Yes,No,0
CUST-007385,63,96.7,6077.24,Two year,DSL,Yes,No,No,Yes,Yes,Yes,No,Electronic check,No,No,Yes,Yes,0
CUST-007386,8,58.5,395.12,One year,No,No,Yes,No,Yes,No,Yes,Yes,Electronic check,No,No,Yes,No,0
CUST-007387,60,65.56,3686.42,Month-to-month,DSL,Yes,No,No,Yes,No,Yes,Yes,Bank transfer,Yes,No,No,No,1
CUST-007388,30,100.09,2858.08,Month-to-month,Fiber optic,Yes,No,No,No,No,Yes,Yes,Credit card,No,No,No,No,1
CUST-007389,53,98.71,5027.01,Month-to-month,DSL,No,Yes,Yes,Yes,Yes,Yes,Yes,Credit card,Yes,No,Yes,Yes,0
CUST-007390,31,116.54,3382.3,Month-to-month,Fiber optic,Yes,No,No,Yes,Yes,Yes,Yes,Electronic check,No,No,Yes,No,1
CUST-007391,57,55.3,2942.87,Two year,DSL,No,No,Yes,No,Yes,Yes,No,Bank transfer,No,No,No,No,0
CUST-007392,71,47.54,3280.93,Month-to-month,No,Yes,No,No,No,No,Yes,Yes,Electronic check,No,No,Yes,No,0
CUST-007393,1,53.79,0.0,Two year,DSL,Yes,No,No,No,No,Yes,No,Bank transfer,Yes,No,No,No,0
CUST-007394,47,44.67,2106.49,Month-to-month,No,No,Yes,No,Yes,Yes,Yes,No,Mailed check,Yes,No,Yes,No,0
CUST-007395,64,79.06,5341.85,Two year,DSL,No,Yes,Yes,Yes,No,Yes,No,Bank transfer,No,No,No,No,0
CUST-007396,32,76.83,2657.55,Month-to-month,DSL,No,Yes,Yes,No,Yes,Yes,Yes,Electronic check,Yes,No,Yes,No,1
CUST-007397,15,107.8,1856.56,Month-to-month,Fiber optic,No,No,No,No,Yes,Yes,No,Electronic check,Yes,No,No,No,1
CUST-007398,69,75.63,5141.38,Month-to-month,DSL,No,Yes,No,No,No,Yes,No,Bank transfer,No,No,No,Yes,0
CUST-007399,12,97.29,1124.85,One year,Fiber optic,No,No,Yes,No,Yes,Yes,No,Bank transfer,Yes,No,No,Yes,0
CUST-007400,70,121.26,8434.43,Month-to-month,Fiber optic,No,Yes,No,No,No,Yes,Yes,Mailed check,Yes,No,Yes,No,0
CUST-007401,16,48.65,482.48,Month-to-month,No,No,No,No,Yes,Yes,Yes,No,Bank transfer,Yes,Yes,No,Yes,1
CUST-007402,41,114.72,4584.27,Month-to-month,Fiber optic,Yes,No,Yes,Yes,Yes,Yes,No,Mailed check,Yes,No,Yes,No,0
CUST-007403,17,55.43,1194.81,Month-to-month,No,Yes,No,Yes,No,Yes,Yes,Yes,Credit card,No,Yes,No,No,1
CUST-007404,20,119.91,2264.96,Month-to-month,Fiber optic,No,No,No,Yes,No,Yes,Yes,Mailed check,Yes,No,No,No,1
CUST-007405,2,86.34,115.5,Month-to-month,Fiber optic,No,No,No,No,Yes,Yes,No,Credit card,Yes,No,Yes,No,1
CUST-007406,30,49.94,1610.14,Month-to-month,No,No,No,Yes,No,Yes,Yes,No,Credit card,Yes,No,Yes,No,1
CUST-007407,15,129.69,1952.9,One year,Fiber optic,No,No,Yes,Yes,Yes,Yes,No,Bank transfer,Yes,No,Yes,Yes,1
CUST-007408,67,101.19,6996.83,Month-to-month,Fiber optic,No,No,Yes,Yes,No,Yes,No,Bank transfer,No,Yes,Yes,Yes,1
CUST-007409,66,61.05,4006.45,Month-to-month,No,No,Yes,Yes,No,Yes,No,Yes,Bank transfer,Yes,No,No,Yes,0
CUST-007410,48,77.62,3699.07,One year,DSL,No,Yes,No,Yes,No,Yes,Yes,Electronic check,Yes,No,Yes,No,0
CUST-007411,57,31.51,1697.34,One year,No,No,No,No,Yes,No,Yes,No,Credit card,Yes,No,No,Yes,0
CUST-007412,20,78.81,1835.39,One year,DSL,No,Yes,Yes,No,No,Yes,Yes,Electronic check,Yes,No,Yes,Yes,0
CUST-007413,55,79.08,4071.51,Two year,DSL,Yes,No,No,Yes,No,Yes,Yes,Bank transfer,Yes,No,No,Yes,0
CUST-007414,36,61.41,2231.18,Month-to-month,DSL,No,No,No,No,Yes,Yes,No,Credit card,No,No,No,No,1
CUST-007415,7,93.34,300.18,Month-to-month,Fiber optic,No,No,Yes,No,Yes,Yes,No,Electronic check,No,No,No,No,1
CUST-007416,51,103.03,5258.99,One year,Fiber optic,Yes,No,No,No,Yes,Yes,Yes,Credit card,Yes,No,Yes,No,0
CUST-007417,20,63.42,1610.82,Month-to-month,DSL,Yes,Yes,No,No,No,Yes,Yes,Electronic check,No,Yes,Yes,Yes,1
CUST-007418,30,116.0,3329.61,Month-to-month,Fiber optic,No,No,No,Yes,Yes,Yes,Yes,Mailed check,Yes,No,No,Yes,1
CUST-007419,4,93.22,343.47,Month-to-month,Fiber optic,Yes,No,Yes,No,No,Yes,Yes,Mailed check,Yes,No,No,No,1
CUST-007420,43,98.56,3838.57,Two year,Fiber optic,Yes,No,Yes,No,No,No,No,Credit card,No,No,Yes,No,0
CUST-007421,16,88.95,1263.31,One year,Fiber optic,No,No,No,Yes,No,No,Yes,Bank transfer,Yes,No,No,No,0
CUST-007422,72,75.36,4994.98,Month-to-month,DSL,Yes,Yes,No,No,Yes,Yes,No,Electronic check,Yes,Yes,No,Yes,0
CUST-007423,8,76.64,479.37,Month-to-month,DSL,No,No,No,Yes,No,Yes,Yes,Electronic check,Yes,No,No,No,1
CUST-007424,9,104.67,967.87,Month-to-month,Fiber optic,Yes,Yes,No,No,No,No,No,Credit card,Yes,No,No,Yes,1
CUST-007425,46,138.69,6625.35,Month-to-month,Fiber optic,Yes,Yes,No,No,Yes,Yes,Yes,Bank transfer,Yes,No,No,No,0
CUST-007426,49,118.85,5766.55,Month-to-month,Fiber optic,Yes,Yes,Yes,Yes,No,Yes,No,Credit card,No,No,Yes,Yes,0
CUST-007427,52,32.86,1892.55,Month-to-month,No,Yes,Yes,Yes,No,No,Yes,No,Mailed check,No,No,No,No,0
CUST-007428,63,54.73,3721.68,One year,DSL,No,Yes,Yes,No,Yes,Yes,No,Credit card,Yes,No,Yes,Yes,0
CUST-007429,9,18.0,193.61,One year,No,No,No,No,No,No,No,Yes,Credit card,Yes,No,Yes,No,0
CUST-007430,39,48.22,1836.57,Month-to-month,No,Yes,No,No,No,No,Yes,No,Bank transfer,No,No,Yes,Yes,0
CUST-007431,33,80.11,2739.36,One year,DSL,No,Yes,No,Yes,No,Yes,No,Electronic check,No,Yes,No,No,1
CUST-007432,35,127.52,4392.51,Two year,Fiber optic,Yes,Yes,No,No,Yes,Yes,No,Credit card,Yes,No,Yes,Yes,0
CUST-007433,2,74.6,513.91,Two year,DSL,No,Yes,No,No,No,Yes,Yes,Electronic check,Yes,No,Yes,No,0
CUST-007434,23,109.18,2289.45,Month-to-month,Fiber optic,No,No,No,Yes,No,Yes,Yes,Credit card,No,No,No,Yes,1
CUST-007435,56,111.03,6136.92,Month-to-month,Fiber optic,Yes,Yes,Yes,No,No,Yes,No,Credit card,No,Yes,No,No,1
CUST-007436,38,88.03,3333.98,One year,Fiber optic,No,No,No,Yes,No,Yes,No,Electronic check,No,No,No,No,1
CUST-007437,34,98.59,3664.1,Month-to-month,Fiber optic,No,No,No,No,No,Yes,Yes,Electronic check,No,No,No,Yes,1
CUST-007438,54,97.51,5163.58,Month-to-month,Fiber optic,Yes,No,No,No,Yes,Yes,Yes,Electronic check,No,Yes,No,No,0
CUST-007439,72,106.2,7596.7,Two year,Fiber optic,Yes,Yes,Yes,No,Yes,No,No,Mailed check,No,No,No,Yes,0
CUST-007440,55,103.57,6056.51,Two year,Fiber optic,No,No,No,Yes,No,Yes,Yes,Electronic check,No,No,No,Yes,0
CUST-007441,43,104.64,4575.98,Month-to-month,Fiber optic,No,Yes,No,Yes,No,No,Yes,Credit card,No,No,No,No,1
CUST-007442,46,98.13,4602.46,Two year,Fiber optic,No,No,Yes,No,Yes,Yes,No,Electronic check,Yes,No,Yes,No,0
CUST-007443,64,98.13,6147.81,Two year,Fiber optic,Yes,No,No,Yes,No,Yes,No,Bank transfer,Yes,No,No,No,0
CUST-007444,45,67.64,2931.56,Month-to-month,DSL,No,No,Yes,Yes,Yes,Yes,No,Bank transfer,Yes,No,No,No,1
CUST-007445,53,66.77,3463.37,Two year,No,Yes,Yes,No,Yes,Yes,Yes,No,Bank transfer,Yes,No,No,No,0
CUST-007446,58,102.08,6034.74,Month-to-month,Fiber optic,No,Yes,No,No,No,Yes,No,Bank transfer,Yes,No,Yes,Yes,0
CUST-007447,57,124.12,7144.49,Month-to-month,Fiber optic,Yes,No,No,Yes,Yes,Yes,No,Bank transfer,Yes,No,Yes,No,1
CUST-007448,6,115.35,783.42,One year,Fiber optic,Yes,Yes,No,No,Yes,Yes,Yes,Credit card,Yes,No,No,No,1
CUST-007449,2,73.93,238.35,Month-to-month,DSL,Yes,No,Yes,No,Yes,Yes,Yes,Credit card,No,No,No,No,0
CUST-007450,40,96.06,4139.8,Two year,DSL,No,Yes,No,Yes,Yes,Yes,Yes,Credit card,No,No,No,Yes,0
CUST-007451,9,83.42,825.85,Two year,Fiber optic,No,Yes,No,No,No,Yes,Yes,Electronic check,No,No,No,Yes,1
CUST-007452,71,105.82,7732.41,Two year,Fiber optic,Yes,No,No,No,No,Yes,No,Credit card,Yes,No,No,No,0
CUST-007453,40,40.63,1570.55,Two year,No,No,No,No,No,Yes,Yes,Yes,Mailed check,Yes,No,Yes,No,0
CUST-007454,24,121.25,3140.3,Month-to-month,Fiber optic,Yes,No,Yes,Yes,Yes,Yes,No,Credit card,No,No,Yes,No,0
CUST-007455,36,21.88,912.28,Month-to-month,No,No,No,No,Yes,No,No,Yes,Mailed check,No,Yes,No,No,0
CUST-007456,56,57.78,3298.65,Month-to-month,No,Yes,No,No,Yes,Yes,No,Yes,Bank transfer,No,Yes,No,No,1
CUST-007457,22,87.28,1925.26,Month-to-month,Fiber optic,Yes,No,Yes,Yes,No,No,Yes,Bank transfer,Yes,No,No,No,1
CUST-007458,32,117.46,3749.94,One year,Fiber optic,No,Yes,Yes,Yes,No,Yes,Yes,Electronic check,Yes,Yes,No,No,1
CUST-007459,66,97.57,6464.21,Month-to-month,Fiber optic,No,No,No,No,No,Yes,No,Bank transfer,No,Yes,No,Yes,1
CUST-007460,21,113.16,2294.83,Month-to-month,Fiber optic,Yes,No,Yes,Yes,Yes,Yes,Yes,Credit card,Yes,Yes,No,No,0
CUST-007461,41,70.74,2898.96,Month-to-month,DSL,No,No,Yes,No,Yes,Yes,Yes,Credit card,No,No,No,No,1
CUST-007462,28,84.55,2709.28,Month-to-month,Fiber optic,No,No,No,No,Yes,Yes,No,Credit card,No,Yes,No,No,1
CUST-007463,8,61.68,476.31,One year,DSL,No,No,No,Yes,Yes,Yes,No,Mailed check,No,Yes,No,No,0
CUST-007464,59,103.27,6013.21,One year,Fiber optic,No,Yes,Yes,No,Yes,Yes,Yes,Bank transfer,No,Yes,No,No,1
CUST-007465,24,70.77,1643.21,One year,DSL,No,Yes,Yes,No,Yes,Yes,No,Mailed check,No,No,Yes,Yes,0
CUST-007466,45,101.73,4548.78,One year,Fiber optic,No,No,No,No,No,Yes,Yes,Electronic check,Yes,No,Yes,No,1
CUST-007467,12,60.11,616.01,Month-to-month,DSL,No,Yes,Yes,No,No,Yes,Yes,Mailed check,Yes,No,Yes,No,1
CUST-007468,54,66.28,3647.24,One year,DSL,No,Yes,No,No,No,Yes,Yes,Credit card,Yes,No,Yes,No,0
CUST-007469,63,141.08,8851.03,One year,Fiber optic,Yes,Yes,No,Yes,No,Yes,Yes,Credit card,Yes,Yes,Yes,No,0
CUST-007470,25,78.3,1967.47,Month-to-month,DSL,No,Yes,Yes,No,No,Yes,No,Mailed check,Yes,No,No,No,0
CUST-007471,1,70.52,104.21,Month-to-month,DSL,Yes,No,No,No,Yes,Yes,Yes,Electronic check,Yes,Yes,No,Yes,1
CUST-007472,21,47.14,1040.52,Month-to-month,No,Yes,Yes,No,Yes,No,No,Yes,Electronic check,Yes,No,No,No,0
CUST-007473,63,100.35,6161.66,Two year,Fiber optic,No,No,Yes,No,Yes,No,Yes,Electronic check,Yes,No,Yes,Yes,0
CUST-007474,13,73.03,988.2,Two year,No,No,Yes,Yes,No,Yes,Yes,Yes,Bank transfer,Yes,No,No,Yes,0
CUST-007475,13,99.85,1367.35,Two year,Fiber optic,Yes,No,Yes,No,No,Yes,Yes,Bank transfer,No,No,No,No,0
CUST-007476,71,94.97,6673.3,Two year,DSL,Yes,Yes,No,No,Yes,Yes,Yes,Mailed check,No,No,No,Yes,0
CUST-007477,16,111.13,1627.17,Month-to-month,Fiber optic,Yes,No,No,No,Yes,Yes,Yes,Electronic check,Yes,No,Yes,No,1
CUST-007478,26,121.77,3269.97,Month-to-month,Fiber optic,Yes,Yes,No,No,Yes,Yes,Yes,Credit card,No,No,Yes,Yes,1
CUST-007479,25,112.08,2998.68,Month-to-month,Fiber optic,Yes,Yes,Yes,Yes,No,Yes,Yes,Credit card,Yes,No,No,Yes,0
CUST-007480,58,77.89,4716.14,One year,DSL,No,No,Yes,Yes,No,Yes,Yes,Credit card,Yes,No,No,Yes,0
CUST-007481,40,98.48,3871.68,Month-to-month,Fiber optic,Yes,Yes,No,No,No,Yes,No,Electronic check,No,No,Yes,No,0
CUST-007482,28,61.23,1453.62,One year,DSL,Yes,No,No,Yes,No,No,No,Bank transfer,Yes,No,Yes,No,0
CUST-007483,63,64.33,3974.38,Month-to-month,No,Yes,No,No,Yes,Yes,Yes,No,Electronic check,Yes,No,Yes,No,0
CUST-007484,40,24.99,839.29,Month-to-month,No,No,No,No,No,No,Yes,No,Credit card,No,No,Yes,No,0
CUST-007485,53,40.1,2004.53,Two year,No,No,Yes,No,No,No,Yes,No,Mailed check,No,No,No,No,0
CUST-007486,63,67.27,4414.95,One year,DSL,No,Yes,Yes,No,Yes,No,No,Electronic check,No,No,No,No,0
CUST-007487,44,88.04,3741.21,Two year,Fiber optic,No,Yes,Yes,No,Yes,No,No,Credit card,Yes,No,No,No,0
CUST-007488,15,85.08,1610.99,Month-to-month,DSL,No,No,Yes,No,Yes,Yes,No,Bank transfer,No,No,No,No,1
CUST-007489,48,72.89,3476.72,Month-to-month,DSL,No,No,No,Yes,No,Yes,Yes,Electronic check,No,No,No,No,0
CUST-007490,39,98.25,3556.8,Two year,Fiber optic,No,No,No,Yes,No,Yes,Yes,Credit card,No,No,No,No,0
CUST-007491,5,72.18,488.76,Month-to-month,Fiber optic,No,No,No,No,No,Yes,Yes,Electronic check,Yes,No,No,Yes,1
CUST-007492,17,113.93,1950.32,Two year,Fiber optic,Yes,No,Yes,No,Yes,Yes,Yes,Electronic check,Yes,No,No,No,1
CUST-007493,61,66.93,4160.65,One year,DSL,Yes,No,No,No,Yes,Yes,No,Electronic check,No,No,Yes,Yes,0
CUST-007494,71,60.52,4379.71,One year,No,No,No,Yes,No,Yes,Yes,Yes,Bank transfer,No,Yes,Yes,No,0
CUST-007495,58,68.33,3781.74,One year,DSL,Yes,No,No,Yes,Yes,Yes,No,Mailed check,Yes,No,No,No,0
CUST-007496,67,93.56,6175.97,Two year,Fiber optic,Yes,No,No,Yes,Yes,Yes,No,Electronic check,Yes,No,No,No,0
CUST-007497,24,99.01,2339.62,Month-to-month,Fiber optic,Yes,No,Yes,Yes,Yes,No,No,Electronic check,Yes,No,No,No,1
CUST-007498,33,83.6,2790.82,Month-to-month,DSL,No,Yes,No,Yes,No,Yes,No,Mailed check,Yes,No,No,Yes,1
CUST-007499,23,126.13,2814.48,One year,Fiber optic,No,Yes,No,No,Yes,Yes,No,Bank transfer,Yes,No,Yes,No,1
CUST-007500,20,116.54,2448.74,Month-to-month,Fiber optic,No,No,Yes,Yes,No,Yes,No,Electronic check,Yes,No,Yes,No,1
CUST-007501,0,96.2,147.3,One year,Fiber optic,No,No,Yes,Yes,No,Yes,No,Credit card,Yes,No,Yes,No,1
CUST-007502,44,78.04,3521.87,Two year,DSL,Yes,No,No,No,No,Yes,Yes,Mailed check,No,No,No,No,0
CUST-007503,43,115.93,5039.56,One year,Fiber optic,No,No,No,No,Yes,Yes,Yes,Bank transfer,Yes,No,No,No,1
CUST-007504,63,71.8,4854.11,Month-to-month,DSL,Yes,Yes,No,No,Yes,Yes,Yes,Credit card,Yes,No,Yes,Yes,0
CUST-007505,46,102.84,4698.86,Month-to-month,Fiber optic,No,No,Yes,Yes,Yes,Yes,Yes,Electronic check,Yes,No,No,No,1
CUST-007506,47,77.78,3513.41,Two year,DSL,No,No,No,Yes,Yes,Yes,No,Credit card,Yes,No,No,No,0
CUST-007507,35,95.47,3338.31,Month-to-month,Fiber optic,No,Yes,No,No,No,Yes,Yes,Electronic check,Yes,No,Yes,No,1
CUST-007508,61,42.43,2790.65,One year,No,No,No,Yes,Yes,Yes,No,No,Mailed check,No,No,Yes,No,1
CUST-007509,23,97.13,2166.77,Month-to-month,Fiber optic,No,No,No,No,No,Yes,Yes,Credit card,Yes,Yes,No,No,0
CUST-007510,61,116.28,7044.64,One year,Fiber optic,Yes,No,No,Yes,Yes,Yes,No,Bank transfer,Yes,Yes,No,Yes,0
CUST-007511,43,104.35,4526.36,Month-to-month,Fiber optic,No,No,No,Yes,Yes,Yes,No,Electronic check,Yes,No,No,Yes,1
CUST-007512,11,54.78,620.24,One year,No,Yes,Yes,Yes,No,Yes,Yes,Yes,Electronic check,No,No,No,Yes,0
CUST-007513,56,67.55,3771.99,Month-to-month,No,No,Yes,No,No,Yes,Yes,Yes,Electronic check,No,Yes,No,No,0
CUST-007514,35,105.18,3557.82,Month-to-month,Fiber optic,Yes,Yes,No,No,No,Yes,No,Bank transfer,Yes,Yes,No,No,1
CUST-007515,13,103.04,1577.39,One year,Fiber optic,Yes,No,No,No,No,No,Yes,Electronic check,No,No,No,Yes,1
CUST-007516,18,108.92,1848.09,Two year,Fiber optic,Yes,No,No,Yes,Yes,Yes,No,Electronic check,Yes,No,No,No,1
CUST-007517,39,67.6,2743.16,Month-to-month,DSL,Yes,No,No,No,No,Yes,No,Mailed check,No,No,Yes,No,0
CUST-007518,4,94.14,188.06,Two year,DSL,Yes,Yes,No,No,Yes,Yes,Yes,Mailed check,Yes,No,No,No,0
CUST-007519,43,52.39,1943.4,Month-to-month,No,Yes,Yes,Yes,Yes,Yes,No,Yes,Credit card,Yes,No,Yes,No,1
CUST-007520,7,31.99,256.03,One year,No,No,Yes,No,No,No,Yes,Yes,Electronic check,Yes,No,No,No,1
CUST-007521,53,110.05,5847.04,Two year,Fiber optic,No,Yes,Yes,No,Yes,Yes,Yes,Mailed check,No,No,No,No,0
CUST-007522,70,88.2,6246.95,One year,Fiber optic,No,Yes,Yes,No,No,No,No,Mailed check,Yes,No,Yes,No,0
CUST-007523,55,74.63,3861.97,Two year,DSL,Yes,Yes,Yes,No,No,Yes,Yes,Electronic check,Yes,No,Yes,No,1
CUST-007524,62,111.26,6835.88,One year,Fiber optic,Yes,No,Yes,Yes,No,Yes,Yes,Bank transfer,Yes,No,Yes,No,0
CUST-007525,56,57.58,3128.77,Two year,No,No,No,No,Yes,No,Yes,Yes,Credit card,Yes,No,No,No,0
CUST-007526,65,88.92,5997.01,One year,DSL,Yes,Yes,No,Yes,Yes,Yes,Yes,Credit card,No,No,Yes,No,0
CUST-007527,12,101.88,1152.17,One year,Fiber optic,No,No,Yes,No,Yes,Yes,No,Credit card,Yes,No,No,No,0
CUST-007528,11,75.66,844.51,Month-to-month,DSL,Yes,Yes,No,Yes,Yes,Yes,No,Bank transfer,Yes,No,Yes,No,1
CUST-007529,17,107.78,1743.75,Two year,Fiber optic,No,No,Yes,Yes,Yes,Yes,No,Bank transfer,Yes,Yes,Yes,No,0
CUST-007530,19,87.72,1852.39,Month-to-month,DSL,Yes,Yes,Yes,No,Yes,Yes,Yes,Bank transfer,Yes,Yes,Yes,No,1
CUST-007531,1,62.17,152.17,Month-to-month,DSL,No,No,Yes,No,Yes,Yes,No,Electronic check,Yes,No,No,Yes,1
CUST-007532,19,65.39,1410.33,Month-to-month,DSL,No,Yes,No,No,Yes,No,Yes,Electronic check,No,No,Yes,Yes,0
CUST-007533,51,67.39,3217.68,One year,DSL,Yes,No,Yes,No,No,Yes,Yes,Bank transfer,No,No,No,Yes,0
CUST-007534,31,81.99,2840.04,Two year,DSL,Yes,Yes,No,No,No,Yes,No,Credit card,No,No,No,Yes,0
CUST-007535,69,68.98,4951.82,One year,Fiber optic,No,No,No,No,No,Yes,No,Electronic check,No,No,Yes,No,0
CUST-007536,60,82.71,5163.0,Month-to-month,DSL,Yes,No,Yes,Yes,No,Yes,No,Electronic check,No,No,No,Yes,1
CUST-007537,49,96.15,4796.8,Two year,Fiber optic,No,No,Yes,Yes,No,Yes,No,Electronic check,Yes,No,No,No,0
CUST-007538,40,84.51,3399.06,Month-to-month,DSL,No,No,Yes,Yes,Yes,Yes,Yes,Credit card,Yes,No,Yes,No,1
CUST-007539,14,55.86,642.51,Month-to-month,No,No,No,Yes,Yes,Yes,Yes,No,Bank transfer,Yes,No,Yes,No,1
CUST-007540,43,94.67,4034.21,One year,Fiber optic,No,Yes,Yes,Yes,No,Yes,No,Mailed check,No,No,Yes,Yes,0
CUST-007541,30,116.2,3196.94,One year,Fiber optic,Yes,No,Yes,Yes,Yes,Yes,Yes,Mailed check,Yes,No,No,No,0
CUST-007542,62,110.47,6701.16,Month-to-month,Fiber optic,No,Yes,No,No,Yes,Yes,Yes,Credit card,Yes,No,Yes,No,0
CUST-007543,53,73.5,3673.7,Month-to-month,DSL,Yes,No,No,No,Yes,Yes,No,Mailed check,Yes,No,No,No,1
CUST-007544,27,86.95,2289.15,Two year,DSL,No,Yes,Yes,Yes,Yes,Yes,No,Electronic check,Yes,No,Yes,No,0
CUST-007545,70,82.46,5819.62,Month-to-month,DSL,No,No,Yes,Yes,Yes,Yes,Yes,Credit card,No,No,No,No,0
CUST-007546,63,52.39,3482.74,Month-to-month,No,No,No,Yes,Yes,No,Yes,Yes,Electronic check,Yes,No,Yes,No,0
CUST-007547,67,56.26,3452.79,Month-to-month,DSL,No,No,No,No,No,No,Yes,Electronic check,No,No,Yes,No,0
CUST-007548,72,96.65,7013.44,One year,Fiber optic,No,Yes,Yes,No,Yes,Yes,No,Credit card,Yes,No,Yes,Yes,0
CUST-007549,14,92.39,1079.74,Month-to-month,DSL,No,No,Yes,Yes,Yes,Yes,No,Mailed check,No,No,No,No,0
CUST-007550,35,49.98,1905.91,One year,DSL,No,Yes,No,No,No,Yes,No,Electronic check,Yes,No,No,No,0
CUST-007551,47,63.83,3117.12,One year,DSL,No,No,No,No,No,No,Yes,Credit card,Yes,No,Yes,Yes,0
CUST-007552,47,89.15,4325.32,Month-to-month,DSL,No,Yes,Yes,Yes,Yes,Yes,No,Electronic check,Yes,No,Yes,No,1
CUST-007553,68,98.84,6876.51,Month-to-month,Fiber optic,No,No,No,No,Yes,Yes,No,Electronic check,No,No,No,No,1
CUST-007554,57,52.1,2897.91,Month-to-month,No,No,Yes,Yes,Yes,Yes,Yes,No,Mailed check,Yes,No,No,Yes,0
CUST-007555,14,74.66,832.91,One year,DSL,Yes,Yes,Yes,No,Yes,No,Yes,Credit card,Yes,No,Yes,Yes,1
CUST-007556,14,90.44,1267.29,Two year,Fiber optic,No,No,Yes,No,No,Yes,Yes,Mailed check,Yes,No,No,No,0
CUST-007557,17,81.94,1507.13,One year,DSL,Yes,Yes,Yes,No,Yes,Yes,Yes,Credit card,Yes,No,No,No,0
CUST-007558,26,65.48,1610.2,Two year,DSL,No,No,Yes,No,No,Yes,No,Electronic check,Yes,Yes,No,No,1
CUST-007559,6,102.49,629.98,One year,Fiber optic,Yes,No,Yes,Yes,No,No,Yes,Electronic check,No,No,No,Yes,0
CUST-007560,3,106.01,561.07,Month-to-month,Fiber optic,Yes,Yes,No,No,Yes,Yes,No,Electronic check,No,No,No,No,1
CUST-007561,48,63.48,2976.26,Month-to-month,No,No,No,No,Yes,Yes,Yes,No,Bank transfer,No,No,No,Yes,1
CUST-007562,69,118.32,8289.95,Two year,Fiber optic,Yes,No,Yes,Yes,Yes,Yes,No,Mailed check,Yes,No,Yes,No,0
CUST-007563,71,77.43,5467.63,Two year,DSL,No,Yes,Yes,No,Yes,Yes,No,Bank transfer,Yes,Yes,No,Yes,0
CUST-007564,33,70.63,2143.41,One year,DSL,No,Yes,Yes,No,Yes,Yes,No,Credit card,Yes,No,No,No,0
CUST-007565,15,62.01,847.6,One year,No,No,No,Yes,No,Yes,Yes,Yes,Bank transfer,No,No,Yes,No,0
CUST-007566,35,55.23,1788.9,One year,DSL,No,No,Yes,No,Yes,Yes,No,Electronic check,Yes,Yes,Yes,No,0
CUST-007567,54,95.32,5245.51,Month-to-month,Fiber optic,Yes,No,No,Yes,No,Yes,No,Bank transfer,Yes,No,No,No,1
CUST-007568,5,88.08,307.33,Month-to-month,Fiber optic,No,No,Yes,No,Yes,Yes,No,Electronic check,No,No,Yes,No,1
CUST-007569,5,54.86,98.29,Month-to-month,No,No,No,No,Yes,Yes,Yes,Yes,Mailed check,Yes,No,Yes,No,0
CUST-007570,64,104.62,6715.69,Month-to-month,Fiber optic,No,Yes,Yes,Yes,Yes,Yes,No,Bank transfer,Yes,No,No,No,1
CUST-007571,58,109.07,6507.04,One year,Fiber optic,No,Yes,Yes,No,No,Yes,No,Electronic check,Yes,No,Yes,Yes,0
CUST-007572,26,70.05,1861.25,Month-to-month,DSL,No,No,No,Yes,Yes,Yes,No,Mailed check,Yes,No,Yes,No,0
CUST-007573,62,96.97,5975.73,One year,Fiber optic,No,No,No,No,No,No,No,Credit card,No,No,Yes,Yes,0
CUST-007574,16,112.64,1779.56,Month-to-month,Fiber optic,Yes,No,No,Yes,No,Yes,Yes,Mailed check,Yes,No,Yes,No,1
CUST-007575,21,88.6,1432.78,Month-to-month,Fiber optic,No,No,No,Yes,No,Yes,No,Electronic check,No,No,No,Yes,1
CUST-007576,30,105.14,3133.56,Month-to-month,Fiber optic,No,No,No,No,No,Yes,Yes,Bank transfer,No,No,No,Yes,1
CUST-007577,61,70.38,3936.19,Two year,DSL,Yes,Yes,No,Yes,Yes,Yes,No,Credit card,Yes,No,Yes,No,0
CUST-007578,31,108.54,3450.68,Month-to-month,Fiber optic,Yes,No,Yes,Yes,No,No,No,Electronic check,Yes,No,Yes,Yes,1
CUST-007579,9,106.5,1041.98,Month-to-month,Fiber optic,No,Yes,No,Yes,No,Yes,Yes,Mailed check,Yes,No,Yes,Yes,1
CUST-007580,44,72.79,2933.62,Month-to-month,DSL,Yes,No,Yes,Yes,Yes,No,No,Electronic check,Yes,Yes,Yes,No,0
CUST-007581,2,111.94,390.09,One year,Fiber optic,Yes,No,No,Yes,No,Yes,No,Credit card,Yes,No,No,No,0
CUST-007582,36,57.86,2081.07,One year,No,No,Yes,Yes,Yes,Yes,Yes,Yes,Credit card,Yes,No,No,Yes,0
CUST-007583,70,100.08,7231.73,Month-to-month,DSL,Yes,Yes,Yes,No,Yes,Yes,No,Electronic check,No,No,No,No,1
CUST-007584,20,90.21,1684.07,Two year,Fiber optic,No,No,Yes,No,No,No,No,Mailed check,No,No,Yes,Yes,0
CUST-007585,0,95.87,42.58,Month-to-month,Fiber optic,No,No,Yes,No,No,Yes,Yes,Credit card,Yes,No,No,Yes,1
CUST-007586,9,114.71,1175.7,One year,Fiber optic,Yes,Yes,Yes,No,No,Yes,Yes,Electronic check,Yes,No,Yes,No,0
CUST-007587,71,87.93,6469.65,One year,DSL,No,No,No,Yes,No,No,Yes,Bank transfer,No,No,No,Yes,0
CUST-007588,9,34.26,190.43,Two year,No,No,No,No,No,No,Yes,No,Mailed check,Yes,Yes,No,No,0
CUST-007589,20,66.85,1547.78,Two year,DSL,No,No,No,Yes,No,Yes,Yes,Electronic check,Yes,No,Yes,Yes,0
CUST-007590,43,93.79,4057.34,Two year,Fiber optic,No,Yes,Yes,No,No,Yes,No,Electronic check,No,No,Yes,No,0
CUST-007591,52,96.53,5082.82,Month-to-month,Fiber optic,No,Yes,No,Yes,Yes,Yes,No,Bank transfer,Yes,No,Yes,Yes,0
CUST-007592,52,73.88,3731.52,One year,DSL,Yes,No,Yes,No,No,Yes,Yes,Credit card,Yes,No,No,Yes,0
CUST-007593,52,63.43,3243.43,Two year,DSL,No,No,Yes,Yes,No,Yes,Yes,Electronic check,Yes,No,Yes,No,0
CUST-007594,7,96.37,708.55,Two year,Fiber optic,No,Yes,Yes,No,Yes,No,No,Credit card,No,No,Yes,Yes,0
CUST-007595,63,129.14,7986.58,One year,Fiber optic,No,Yes,Yes,Yes,Yes,Yes,Yes,Electronic check,Yes,Yes,Yes,No,1
CUST-007596,40,100.9,4013.43,Month-to-month,DSL,Yes,No,No,Yes,Yes,Yes,Yes,Mailed check,Yes,No,Yes,No,0
CUST-007597,46,88.82,4268.58,Month-to-month,Fiber optic,No,No,No,Yes,No,Yes,No,Credit card,No,No,No,No,1
CUST-007598,56,84.92,4450.3,Month-to-month,DSL,Yes,Yes,No,Yes,Yes,No,Yes,Electronic check,Yes,No,Yes,No,1
CUST-007599,0,125.84,11.02,One year,Fiber optic,Yes,Yes,No,Yes,Yes,Yes,Yes,Electronic check,Yes,No,Yes,No,0
CUST-007600,3,70.69,0.0,Month-to-month,DSL,No,No,Yes,No,No,Yes,Yes,Electronic check,No,No,Yes,Yes,0
CUST-007601,10,113.57,939.31,Month-to-month,Fiber optic,Yes,No,No,No,Yes,Yes,Yes,Bank transfer,No,No,No,Yes,1
CUST-007602,57,125.59,7325.95,One year,Fiber optic,Yes,No,Yes,Yes,No,Yes,No,Mailed check,No,No,No,Yes,0
CUST-007603,64,75.89,4964.39,One year,DSL,Yes,No,Yes,No,Yes,Yes,No,Electronic check,Yes,No,Yes,No,0
CUST-007604,14,97.38,1415.98,Month-to-month,DSL,Yes,No,Yes,Yes,Yes,Yes,Yes,Electronic check,No,No,No,No,0
CUST-007605,11,54.6,650.28,Month-to-month,DSL,No,Yes,No,No,No,Yes,Yes,Bank transfer,No,No,Yes,No,0
CUST-007606,58,71.71,4072.51,Month-to-month,No,No,Yes,Yes,No,No,Yes,Yes,Electronic check,Yes,Yes,No,No,1
CUST-007607,62,102.94,6447.69,Month-to-month,Fiber optic,Yes,No,Yes,No,No,Yes,No,Electronic check,No,Yes,No,No,0
CUST-007608,44,66.73,3406.38,Month-to-month,DSL,No,Yes,Yes,No,No,Yes,Yes,Electronic check,Yes,No,Yes,No,0
CUST-007609,66,94.13,6256.51,Month-to-month,Fiber optic,No,Yes,No,Yes,No,Yes,No,Credit card,Yes,No,No,Yes,0
CUST-007610,46,94.5,4154.4,Month-to-month,Fiber optic,Yes,No,No,Yes,No,Yes,No,Mailed check,Yes,Yes,Yes,No,0
CUST-007611,33,96.38,3135.32,Month-to-month,Fiber optic,No,No,No,No,Yes,Yes,No,Credit card,No,No,Yes,No,1
CUST-007612,8,70.7,709.96,One year,DSL,Yes,Yes,Yes,Yes,No,Yes,Yes,Electronic check,No,No,No,No,0
CUST-007613,29,115.74,3443.46,One year,Fiber optic,No,Yes,Yes,Yes,Yes,Yes,Yes,Electronic check,Yes,No,Yes,No,1
CUST-007614,63,143.16,8904.39,Month-to-month,Fiber optic,Yes,No,Yes,Yes,Yes,Yes,Yes,Bank transfer,Yes,No,Yes,No,1
CUST-007615,56,87.71,4805.53,Month-to-month,DSL,No,No,Yes,No,Yes,Yes,No,Electronic check,Yes,No,Yes,No,1
CUST-007616,28,100.63,2771.7,Two year,Fiber optic,No,Yes,Yes,Yes,No,Yes,No,Electronic check,Yes,Yes,No,No,0
CUST-007617,68,58.37,3830.37,Month-to-month,DSL,No,No,No,Yes,Yes,Yes,No,Bank transfer,No,No,No,No,0
CUST-007618,28,66.82,1494.33,Month-to-month,DSL,No,Yes,No,No,Yes,Yes,Yes,Electronic check,Yes,No,Yes,No,1
CUST-007619,3,80.79,67.42,One year,DSL,No,No,No,Yes,Yes,Yes,Yes,Credit card,Yes,No,No,No,0
CUST-007620,62,34.02,2200.24,Month-to-month,No,No,No,Yes,No,No,Yes,Yes,Mailed check,Yes,No,Yes,No,0
CUST-007621,62,100.75,6285.41,Month-to-month,Fiber optic,Yes,No,No,Yes,Yes,Yes,Yes,Bank transfer,Yes,No,No,No,1
CUST-007622,19,79.5,1196.92,One year,Fiber optic,No,No,No,Yes,No,Yes,No,Electronic check,Yes,No,No,No,0
CUST-007623,38,32.41,716.09,Month-to-month,No,No,No,Yes,Yes,No,Yes,No,Credit card,Yes,No,No,No,0
CUST-007624,62,95.33,6014.86,Month-to-month,Fiber optic,No,No,No,No,No,Yes,Yes,Mailed check,Yes,No,Yes,No,0
CUST-007625,8,107.97,961.1,Month-to-month,Fiber optic,No,Yes,Yes,Yes,Yes,Yes,Yes,Electronic check,Yes,No,Yes,Yes,0
CUST-007626,15,66.3,1326.86,Month-to-month,DSL,Yes,No,No,No,Yes,No,Yes,Bank transfer,Yes,Yes,Yes,No,0
CUST-007627,2,99.99,195.57,Month-to-month,Fiber optic,No,No,No,Yes,No,Yes,Yes,Electronic check,Yes,No,Yes,No,1
CUST-007628,67,105.49,7045.59,Month-to-month,Fiber optic,No,Yes,No,Yes,Yes,Yes,Yes,Credit card,Yes,Yes,No,Yes,0
CUST-007629,9,72.48,509.85,Month-to-month,DSL,No,Yes,No,No,Yes,Yes,Yes,Mailed check,No,No,No,No,0
CUST-007630,22,80.18,1795.71,Month-to-month,DSL,Yes,No,No,No,Yes,Yes,Yes,Bank transfer,Yes,No,No,No,1
CUST-007631,61,101.93,5790.72,Month-to-month,Fiber optic,No,Yes,No,No,No,Yes,Yes,Electronic check,Yes,No,No,No,1
CUST-007632,62,80.26,5153.25,Month-to-month,DSL,Yes,Yes,Yes,No,No,No,Yes,Electronic check,No,Yes,No,No,0
CUST-007633,44,46.23,2059.13,One year,No,No,No,Yes,Yes,No,Yes,No,Electronic check,Yes,No,Yes,No,0
CUST-007634,2,77.14,146.29,Month-to-month,DSL,No,Yes,Yes,Yes,Yes,Yes,No,Credit card,No,No,Yes,No,1
CUST-007635,68,70.86,4758.05,One year,DSL,No,Yes,No,Yes,No,Yes,Yes,Electronic check,No,No,No,No,0
CUST-007636,36,51.61,2053.88,Month-to-month,DSL,No,Yes,Yes,No,Yes,Yes,Yes,Electronic check,Yes,No,No,Yes,0
CUST-007637,1,90.56,162.86,Month-to-month,Fiber optic,Yes,No,No,No,Yes,Yes,No,Mailed check,Yes,Yes,Yes,No,1
CUST-007638,55,59.25,3250.63,Two year,DSL,No,Yes,Yes,Yes,Yes,Yes,No,Mailed check,Yes,No,No,No,0
CUST-007639,31,87.39,2750.96,Two year,DSL,Yes,Yes,Yes,Yes,Yes,No,No,Mailed check,No,Yes,Yes,No,0
CUST-007640,21,85.07,1968.68,Month-to-month,DSL,No,Yes,Yes,Yes,Yes,Yes,Yes,Bank transfer,No,No,No,No,0
CUST-007641,2,74.51,304.12,One year,DSL,No,Yes,Yes,No,Yes,Yes,No,Electronic check,Yes,No,Yes,No,1
CUST-007642,5,104.98,626.02,Month-to-month,Fiber optic,No,No,Yes,No,Yes,Yes,Yes,Electronic check,No,No,No,Yes,1
CUST-007643,68,110.92,7532.23,Two year,Fiber optic,No,Yes,No,Yes,No,Yes,No,Bank transfer,No,Yes,Yes,No,0
CUST-007644,27,86.52,2395.57,One year,DSL,Yes,No,Yes,No,No,Yes,Yes,Bank transfer,Yes,No,No,No,0
CUST-007645,30,103.85,3063.75,Month-to-month,Fiber optic,No,No,Yes,No,Yes,Yes,Yes,Credit card,No,No,Yes,Yes,0
CUST-007646,39,36.79,1174.34,Month-to-month,No,Yes,No,Yes,No,No,Yes,No,Bank transfer,Yes,No,No,No,0
CUST-007647,31,68.82,2145.25,One year,DSL,Yes,Yes,Yes,Yes,No,Yes,Yes,Credit card,No,No,Yes,No,0
CUST-007648,3,59.59,90.51,Month-to-month,No,No,No,Yes,No,Yes,Yes,Yes,Mailed check,No,No,Yes,No,0
CUST-007649,57,68.46,4049.39,Month-to-month,DSL,No,Yes,Yes,No,No,Yes,Yes,Credit card,Yes,No,Yes,No,0
CUST-007650,12,53.45,373.94,One year,DSL,Yes,No,Yes,No,No,Yes,No,Mailed check,Yes,No,Yes,No,0
CUST-007651,43,89.72,3854.59,One year,DSL,Yes,Yes,No,Yes,No,Yes,No,Electronic check,Yes,No,Yes,No,0
CUST-007652,42,75.34,3372.74,One year,DSL,Yes,No,No,Yes,No,Yes,No,Credit card,Yes,No,No,No,0
CUST-007653,11,77.97,819.36,One year,DSL,Yes,No,No,Yes,No,Yes,No,Electronic check,No,No,Yes,No,0
CUST-007654,42,86.78,3851.63,Two year,DSL,No,Yes,No,Yes,Yes,Yes,No,Electronic check,Yes,No,Yes,No,0
CUST-007655,14,42.75,743.98,Two year,No,No,Yes,No,Yes,No,Yes,Yes,Bank transfer,Yes,No,No,Yes,0
CUST-007656,52,73.18,3925.77,Month-to-month,DSL,Yes,Yes,No,No,Yes,Yes,No,Mailed check,Yes,No,No,Yes,0
CUST-007657,53,101.44,5229.83,Month-to-month,Fiber optic,No,No,No,No,Yes,Yes,Yes,Bank transfer,No,No,Yes,No,1
CUST-007658,22,93.27,2284.23,Two year,Fiber optic,No,No,No,No,No,Yes,No,Bank transfer,Yes,No,No,No,1
CUST-007659,49,76.05,3511.38,Month-to-month,DSL,No,No,No,Yes,No,Yes,Yes,Credit card,Yes,Yes,Yes,No,1
CUST-007660,39,108.08,4209.31,Two year,Fiber optic,No,No,No,No,Yes,Yes,No,Mailed check,Yes,No,No,No,0
CUST-007661,20,54.1,1124.49,Month-to-month,No,No,Yes,Yes,No,No,Yes,No,Electronic check,Yes,No,No,No,0
CUST-007662,51,67.55,3405.21,Month-to-month,DSL,Yes,No,No,Yes,No,Yes,No,Mailed check,Yes,No,No,No,0
CUST-007663,4,71.17,361.71,One year,DSL,No,Yes,Yes,Yes,No,Yes,No,Electronic check,Yes,No,No,Yes,1
CUST-007664,46,72.49,3649.18,Month-to-month,DSL,No,No,Yes,Yes,Yes,Yes,No,Mailed check,Yes,No,Yes,Yes,1
CUST-007665,22,102.68,2185.71,One year,Fiber optic,Yes,Yes,No,Yes,Yes,Yes,No,Mailed check,Yes,No,No,No,1
CUST-007666,54,109.79,5679.29,One year,Fiber optic,Yes,Yes,No,Yes,No,Yes,Yes,Electronic check,No,No,Yes,Yes,0
CUST-007667,19,83.64,1396.54,Month-to-month,Fiber optic,No,No,No,Yes,Yes,No,No,Electronic check,No,No,Yes,No,1
CUST-007668,5,85.31,487.82,Month-to-month,Fiber optic,No,No,Yes,No,No,Yes,Yes,Bank transfer,Yes,No,Yes,No,1
CUST-007669,72,115.26,8352.33,One year,Fiber optic,Yes,No,Yes,No,No,No,Yes,Credit card,Yes,Yes,Yes,Yes,0
CUST-007670,47,99.73,4690.57,Month-to-month,Fiber optic,No,Yes,No,Yes,Yes,Yes,No,Electronic check,Yes,No,No,No,1
CUST-007671,49,24.55,1112.94,Month-to-month,No,No,No,Yes,Yes,No,No,No,Electronic check,No,No,No,No,0
CUST-007672,13,89.13,1482.79,Two year,Fiber optic,Yes,No,No,Yes,No,Yes,Yes,Electronic check,Yes,No,No,No,1
CUST-007673,37,117.86,4487.27,Month-to-month,Fiber optic,Yes,Yes,No,No,Yes,Yes,No,Bank transfer,No,Yes,No,Yes,0
CUST-007674,28,108.04,2930.14,One year,Fiber optic,No,Yes,Yes,Yes,No,Yes,Yes,Credit card,Yes,No,Yes,No,0
CUST-007675,13,43.04,426.76,One year,DSL,No,No,No,No,No,Yes,No,Electronic check,Yes,No,No,No,0
CUST-007676,33,88.86,2954.56,Two year,DSL,Yes,Yes,No,No,Yes,Yes,Yes,Credit card,Yes,No,No,No,0
CUST-007677,30,89.49,2921.53,Month-to-month,DSL,No,Yes,Yes,Yes,Yes,Yes,No,Credit card,Yes,No,No,No,0
CUST-007678,9,95.65,1059.03,One year,Fiber optic,No,No,Yes,Yes,Yes,Yes,Yes,Credit card,No,No,Yes,Yes,1
CUST-007679,61,51.44,3298.83,Two year,DSL,No,No,No,No,No,Yes,Yes,Electronic check,No,No,No,No,0
CUST-007680,10,92.34,761.29,Month-to-month,Fiber optic,No,No,No,No,Yes,Yes,No,Mailed check,Yes,Yes,Yes,No,1
CUST-007681,39,105.7,4268.88,Month-to-month,Fiber optic,Yes,Yes,No,No,No,Yes,No,Electronic check,Yes,No,No,Yes,1
CUST-007682,7,46.95,347.52,Month-to-month,No,No,Yes,No,Yes,Yes,Yes,Yes,Electronic check,Yes,No,Yes,No,0
CUST-007683,71,81.1,5788.13,Month-to-month,DSL,No,Yes,Yes,Yes,Yes,Yes,No,Electronic check,No,No,Yes,Yes,0
CUST-007684,19,47.51,553.39,Month-to-month,DSL,Yes,No,No,No,No,No,Yes,Bank transfer,No,No,No,Yes,0
CUST-007685,61,72.05,4559.4,Month-to-month,DSL,No,No,Yes,No,No,Yes,No,Credit card,Yes,No,No,No,0
CUST-007686,52,89.56,4953.05,Month-to-month,Fiber optic,No,Yes,No,No,No,Yes,Yes,Electronic check,Yes,No,Yes,Yes,1
CUST-007687,9,111.15,853.46,Two year,Fiber optic,Yes,No,Yes,Yes,No,Yes,No,Bank transfer,Yes,No,No,No,1
CUST-007688,22,52.59,1376.71,Month-to-month,No,No,No,No,No,No,Yes,No,Bank transfer,Yes,No,Yes,No,1
CUST-007689,61,88.2,5246.39,Month-to-month,Fiber optic,Yes,No,No,Yes,No,No,No,Electronic check,Yes,No,No,Yes,1
CUST-007690,39,67.9,2795.14,One year,DSL,No,No,No,Yes,Yes,Yes,Yes,Bank transfer,No,Yes,Yes,No,0
CUST-007691,27,67.5,1834.67,Month-to-month,DSL,No,No,Yes,Yes,Yes,Yes,Yes,Electronic check,No,No,Yes,No,0
CUST-007692,65,101.58,6585.19,Month-to-month,DSL,Yes,No,Yes,No,Yes,Yes,Yes,Electronic check,Yes,Yes,No,No,1
CUST-007693,47,86.44,3851.88,Month-to-month,DSL,Yes,No,Yes,Yes,No,Yes,Yes,Electronic check,Yes,No,Yes,No,1
CUST-007694,14,72.54,940.89,Month-to-month,DSL,Yes,Yes,No,Yes,No,Yes,Yes,Electronic check,No,Yes,Yes,No,0
CUST-007695,29,77.79,2144.77,Month-to-month,DSL,Yes,No,Yes,Yes,No,Yes,Yes,Credit card,Yes,No,Yes,No,0
CUST-007696,22,77.73,1697.14,Month-to-month,DSL,Yes,No,Yes,Yes,No,Yes,No,Mailed check,No,No,Yes,Yes,0
CUST-007697,65,95.55,6558.12,Month-to-month,Fiber optic,No,No,Yes,Yes,No,Yes,No,Mailed check,No,No,No,No,0
CUST-007698,42,91.49,3915.94,Month-to-month,DSL,No,No,Yes,Yes,Yes,Yes,Yes,Mailed check,Yes,No,No,Yes,0
CUST-007699,66,50.07,3317.78,Month-to-month,DSL,No,No,No,Yes,No,Yes,No,Credit card,No,No,Yes,No,1
CUST-007700,0,112.25,313.06,Two year,Fiber optic,Yes,No,No,Yes,Yes,Yes,Yes,Credit card,Yes,Yes,Yes,Yes,0
CUST-007701,13,46.43,708.22,Month-to-month,No,No,No,Yes,No,Yes,No,No,Electronic check,No,No,Yes,No,0
CUST-007702,46,94.93,4404.37,One year,DSL,Yes,No,Yes,No,Yes,Yes,No,Credit card,Yes,No,Yes,No,0
CUST-007703,44,51.64,2090.75,One year,No,Yes,No,No,No,No,No,Yes,Credit card,No,No,No,Yes,0
CUST-007704,9,99.3,793.86,Two year,Fiber optic,Yes,Yes,Yes,No,No,Yes,Yes,Credit card,Yes,Yes,Yes,Yes,0
CUST-007705,8,106.27,544.15,Month-to-month,Fiber optic,No,No,No,Yes,No,Yes,No,Credit card,No,No,Yes,No,1
CUST-007706,69,92.23,6294.33,Month-to-month,Fiber optic,No,No,No,Yes,No,Yes,Yes,Credit card,No,No,Yes,No,0
CUST-007707,27,100.27,2683.0,Two year,Fiber optic,No,No,Yes,No,Yes,No,No,Bank transfer,No,No,No,No,0
CUST-007708,68,101.71,6899.16,One year,Fiber optic,Yes,No,Yes,Yes,No,No,Yes,Mailed check,Yes,No,Yes,No,0
CUST-007709,52,58.07,2662.68,One year,DSL,Yes,No,No,No,No,Yes,Yes,Credit card,Yes,No,No,Yes,0
CUST-007710,26,74.99,1826.34,One year,DSL,Yes,No,Yes,No,Yes,Yes,Yes,Mailed check,No,No,No,No,0
CUST-007711,35,54.97,2083.02,One year,DSL,No,Yes,No,Yes,No,Yes,No,Electronic check,Yes,No,No,Yes,1
CUST-007712,31,26.68,823.37,One year,No,No,No,Yes,No,Yes,Yes,Yes,Mailed check,No,No,No,No,0
CUST-007713,63,57.37,3736.61,One year,No,No,No,No,Yes,No,Yes,Yes,Bank transfer,No,Yes,Yes,No,0
CUST-007714,48,47.67,2288.02,Two year,No,No,No,Yes,No,Yes,Yes,No,Credit card,Yes,No,Yes,No,0
CUST-007715,58,115.69,6750.39,Two year,Fiber optic,No,No,Yes,Yes,No,Yes,No,Electronic check,Yes,No,No,No,0
CUST-007716,40,104.13,4199.8,Month-to-month,Fiber optic,Yes,No,Yes,No,Yes,Yes,No,Electronic check,Yes,No,Yes,No,1
CUST-007717,52,107.71,5153.85,One year,Fiber optic,Yes,Yes,Yes,No,No,Yes,Yes,Electronic check,Yes,No,No,No,0
CUST-007718,70,126.51,8636.95,Month-to-month,Fiber optic,No,Yes,Yes,Yes,Yes,Yes,Yes,Credit card,Yes,No,No,No,0
CUST-007719,41,102.64,4363.19,Month-to-month,Fiber optic,Yes,Yes,No,Yes,No,Yes,Yes,Electronic check,Yes,No,Yes,No,1
CUST-007720,64,104.59,6766.11,One year,Fiber optic,No,No,No,Yes,Yes,No,Yes,Bank transfer,No,No,No,No,0
CUST-007721,35,62.36,2061.1,Two year,DSL,No,Yes,Yes,No,Yes,Yes,No,Mailed check,Yes,Yes,No,Yes,0
CUST-007722,62,100.06,6182.43,One year,Fiber optic,No,Yes,No,Yes,Yes,Yes,No,Electronic check,No,No,No,No,0
CUST-007723,71,68.75,4706.52,One year,DSL,No,Yes,Yes,No,Yes,Yes,Yes,Mailed check,No,No,Yes,No,0
CUST-007724,34,37.08,1293.05,Month-to-month,No,No,No,No,No,No,Yes,No,Electronic check,Yes,Yes,No,No,1
CUST-007725,51,78.68,3786.64,Month-to-month,DSL,No,No,No,No,Yes,Yes,Yes,Bank transfer,Yes,No,No,No,0
CUST-007726,38,89.84,3209.07,Month-to-month,Fiber optic,No,Yes,No,No,No,Yes,No,Credit card,Yes,No,Yes,No,0
CUST-007727,65,84.36,5351.29,Two year,Fiber optic,No,No,Yes,No,No,Yes,No,Mailed check,Yes,No,No,No,0
CUST-007728,12,78.17,876.8,Two year,DSL,No,No,Yes,Yes,Yes,Yes,No,Bank transfer,No,No,No,No,0
CUST-007729,54,86.8,4835.69,Two year,Fiber optic,No,No,Yes,No,No,Yes,No,Electronic check,Yes,No,No,No,1
CUST-007730,61,84.06,5144.15,Month-to-month,DSL,Yes,Yes,No,No,No,Yes,Yes,Electronic check,Yes,No,Yes,No,1
CUST-007731,24,102.08,2506.41,Month-to-month,Fiber optic,Yes,No,No,No,No,Yes,Yes,Electronic check,Yes,No,Yes,No,1
CUST-007732,30,57.76,1869.98,Month-to-month,No,Yes,Yes,Yes,Yes,Yes,Yes,No,Electronic check,Yes,No,No,No,1
CUST-007733,68,48.2,3175.75,Month-to-month,No,No,No,No,Yes,No,No,Yes,Credit card,Yes,No,Yes,No,0
CUST-007734,52,36.52,2148.37,Month-to-month,No,No,Yes,No,No,Yes,Yes,No,Bank transfer,Yes,No,Yes,No,0
CUST-007735,51,84.01,4256.9,Month-to-month,DSL,No,Yes,No,Yes,Yes,Yes,No,Credit card,Yes,No,No,No,1
CUST-007736,20,58.34,1197.13,Month-to-month,DSL,No,No,Yes,No,Yes,Yes,Yes,Electronic check,Yes,No,Yes,Yes,1
CUST-007737,6,89.59,505.82,One year,Fiber optic,No,No,Yes,No,Yes,Yes,Yes,Credit card,Yes,No,No,Yes,1
CUST-007738,62,102.07,6230.37,Month-to-month,Fiber optic,Yes,No,No,Yes,No,Yes,No,Bank transfer,Yes,No,Yes,Yes,0
CUST-007739,8,54.81,557.15,One year,No,No,No,Yes,Yes,No,Yes,Yes,Credit card,Yes,No,No,Yes,0
CUST-007740,39,123.09,4922.26,Month-to-month,Fiber optic,Yes,Yes,Yes,Yes,Yes,No,No,Credit card,Yes,Yes,No,No,0
CUST-007741,69,118.34,8267.65,Month-to-month,Fiber optic,No,No,No,Yes,No,Yes,No,Credit card,Yes,No,No,No,1
CUST-007742,37,107.96,3979.18,Month-to-month,Fiber optic,Yes,Yes,Yes,Yes,No,Yes,Yes,Credit card,Yes,No,No,No,1
CUST-007743,45,101.1,4307.24,One year,Fiber optic,No,No,No,Yes,Yes,No,No,Mailed check,No,No,Yes,Yes,1
CUST-007744,36,91.99,3294.76,Month-to-month,Fiber optic,No,No,No,Yes,No,Yes,No,Electronic check,No,Yes,No,Yes,1
CUST-007745,15,102.3,1715.1,Month-to-month,Fiber optic,No,Yes,Yes,No,Yes,Yes,Yes,Mailed check,Yes,No,Yes,No,1
CUST-007746,1,88.65,0.0,Month-to-month,DSL,No,Yes,No,Yes,Yes,No,No,Bank transfer,Yes,No,Yes,No,1
CUST-007747,28,34.84,852.96,Month-to-month,No,No,No,No,No,No,No,Yes,Credit card,No,No,No,Yes,0
CUST-007748,46,28.73,863.75,Month-to-month,No,No,No,No,No,No,Yes,Yes,Electronic check,Yes,No,No,No,0
CUST-007749,50,100.87,4850.48,One year,Fiber optic,Yes,No,Yes,Yes,Yes,Yes,No,Electronic check,Yes,No,Yes,Yes,1
CUST-007750,26,90.71,2367.8,Two year,DSL,Yes,Yes,Yes,Yes,No,Yes,Yes,Electronic check,Yes,Yes,No,Yes,0
CUST-007751,26,92.18,2364.68,Two year,Fiber optic,No,No,Yes,No,No,Yes,Yes,Bank transfer,Yes,No,No,No,1
CUST-007752,43,77.84,3278.18,One year,Fiber optic,No,No,No,No,No,Yes,Yes,Electronic check,No,No,Yes,Yes,0
CUST-007753,58,78.26,4154.28,Two year,DSL,Yes,No,Yes,No,Yes,Yes,No,Electronic check,Yes,No,Yes,Yes,0
CUST-007754,55,28.71,1652.6,Month-to-month,No,No,Yes,No,Yes,No,Yes,No,Mailed check,No,No,Yes,No,0
CUST-007755,41,67.95,2611.59,Month-to-month,DSL,No,No,No,Yes,Yes,Yes,No,Electronic check,No,No,Yes,No,0
CUST-007756,27,55.22,1650.95,Month-to-month,No,Yes,Yes,Yes,No,Yes,No,Yes,Mailed check,Yes,No,No,No,0
CUST-007757,38,108.09,3938.2,Month-to-month,Fiber optic,No,No,No,No,No,Yes,No,Bank transfer,Yes,No,Yes,Yes,1
CUST-007758,8,86.64,727.71,Month-to-month,DSL,Yes,Yes,No,No,Yes,Yes,Yes,Credit card,Yes,Yes,No,No,1
CUST-007759,58,106.71,6095.77,Two year,Fiber optic,No,Yes,Yes,No,No,Yes,No,Electronic check,No,No,No,Yes,0
CUST-007760,40,97.8,4130.3,One year,Fiber optic,No,No,No,Yes,No,Yes,Yes,Electronic check,No,No,Yes,No,0
CUST-007761,4,114.23,790.07,Month-to-month,Fiber optic,No,No,Yes,Yes,Yes,Yes,Yes,Electronic check,No,No,Yes,Yes,1
CUST-007762,32,69.51,2359.34,Month-to-month,No,Yes,Yes,Yes,No,No,Yes,Yes,Electronic check,Yes,No,Yes,No,0
CUST-007763,35,107.81,4276.64,Month-to-month,Fiber optic,No,No,Yes,Yes,No,Yes,Yes,Electronic check,Yes,No,Yes,Yes,1
CUST-007764,17,46.38,686.35,Month-to-month,No,No,No,No,Yes,No,Yes,Yes,Mailed check,No,No,No,Yes,0
CUST-007765,55,82.94,4345.07,Month-to-month,DSL,No,Yes,Yes,Yes,Yes,Yes,No,Electronic check,Yes,Yes,No,No,1
CUST-007766,50,119.4,6056.87,Month-to-month,Fiber optic,Yes,Yes,No,Yes,Yes,Yes,Yes,Credit card,No,No,Yes,No,1
CUST-007767,5,82.84,566.41,Month-to-month,DSL,No,No,Yes,Yes,Yes,Yes,Yes,Electronic check,Yes,No,Yes,No,0
CUST-007768,63,61.96,4035.29,One year,No,No,Yes,No,Yes,Yes,Yes,Yes,Electronic check,Yes,No,No,No,0
CUST-007769,17,98.37,2055.13,Month-to-month,DSL,No,Yes,No,Yes,Yes,Yes,Yes,Mailed check,Yes,No,Yes,No,1
CUST-007770,54,107.0,5899.31,Month-to-month,Fiber optic,No,No,Yes,Yes,No,Yes,Yes,Bank transfer,Yes,Yes,No,No,1
CUST-007771,52,60.01,3233.05,Month-to-month,No,Yes,No,No,No,Yes,Yes,Yes,Mailed check,Yes,Yes,No,No,0
CUST-007772,57,56.54,3056.58,Month-to-month,DSL,No,Yes,Yes,Yes,Yes,No,No,Electronic check,Yes,No,Yes,No,1
CUST-007773,71,114.15,8125.63,Month-to-month,Fiber optic,Yes,Yes,Yes,No,Yes,Yes,No,Bank transfer,No,No,No,Yes,1
CUST-007774,39,113.76,4564.69,One year,Fiber optic,Yes,Yes,No,Yes,Yes,Yes,No,Electronic check,No,Yes,No,Yes,1
CUST-007775,30,133.33,3913.72,One year,Fiber optic,No,Yes,Yes,Yes,Yes,Yes,Yes,Electronic check,Yes,No,Yes,No,0
CUST-007776,61,117.69,7493.5,One year,Fiber optic,Yes,Yes,Yes,Yes,No,Yes,No,Electronic check,Yes,No,No,No,0
CUST-007777,60,73.26,4680.61,One year,DSL,Yes,No,No,No,No,No,Yes,Mailed check,Yes,No,No,Yes,0
CUST-007778,69,104.6,7167.11,One year,Fiber optic,No,Yes,No,No,Yes,No,No,Bank transfer,No,Yes,No,No,0
CUST-007779,41,85.68,3487.17,Two year,Fiber optic,No,No,Yes,Yes,Yes,Yes,No,Mailed check,Yes,No,Yes,No,0
CUST-007780,36,79.63,2921.45,One year,Fiber optic,No,No,Yes,No,Yes,No,No,Mailed check,Yes,No,No,Yes,0
CUST-007781,67,114.52,8037.81,Month-to-month,Fiber optic,No,No,No,Yes,Yes,Yes,No,Electronic check,No,No,Yes,No,1
CUST-007782,49,96.51,4750.17,One year,Fiber optic,No,No,No,No,No,Yes,No,Credit card,No,No,No,No,0
CUST-007783,39,90.97,3515.18,Two year,Fiber optic,Yes,Yes,No,Yes,Yes,Yes,No,Bank transfer,No,No,No,No,0
CUST-007784,9,47.03,573.11,Month-to-month,DSL,No,No,No,No,No,Yes,Yes,Mailed check,Yes,No,No,No,1
CUST-007785,50,70.45,3411.96,Month-to-month,No,Yes,No,Yes,Yes,Yes,Yes,Yes,Electronic check,No,No,No,No,0
CUST-007786,48,104.79,5007.85,Month-to-month,Fiber optic,No,No,Yes,No,Yes,Yes,Yes,Credit card,No,No,No,No,0
CUST-007787,18,92.22,1753.05,One year,DSL,Yes,Yes,Yes,Yes,No,Yes,No,Electronic check,Yes,No,No,No,1
CUST-007788,52,103.33,5447.02,Month-to-month,Fiber optic,Yes,No,No,No,Yes,Yes,No,Mailed check,No,No,Yes,No,1
CUST-007789,72,46.71,3667.94,Month-to-month,DSL,No,No,No,No,No,Yes,No,Electronic check,Yes,No,Yes,No,1
CUST-007790,57,54.13,3005.52,Month-to-month,No,No,Yes,No,Yes,Yes,No,No,Credit card,No,No,Yes,Yes,0
CUST-007791,65,92.81,5991.81,Month-to-month,DSL,Yes,Yes,Yes,No,No,Yes,Yes,Electronic check,No,No,Yes,Yes,0
CUST-007792,72,112.84,8091.98,Month-to-month,Fiber optic,No,No,Yes,No,Yes,No,Yes,Bank transfer,No,No,No,No,0
CUST-007793,16,71.77,1208.24,Month-to-month,DSL,No,No,No,No,No,Yes,Yes,Bank transfer,Yes,No,No,No,1
CUST-007794,66,74.95,4832.94,One year,DSL,Yes,No,No,Yes,No,Yes,Yes,Electronic check,Yes,No,Yes,Yes,0
CUST-007795,70,98.22,6589.6,Two year,Fiber optic,No,Yes,Yes,No,No,Yes,Yes,Credit card,Yes,No,No,No,0
CUST-007796,9,111.3,860.53,Month-to-month,DSL,Yes,Yes,Yes,Yes,Yes,Yes,No,Credit card,No,No,No,Yes,1
CUST-007797,37,109.52,3894.51,Month-to-month,Fiber optic,No,Yes,No,Yes,No,Yes,No,Electronic check,Yes,No,No,No,1
CUST-007798,37,19.32,749.91,Month-to-month,No,No,No,No,No,No,Yes,No,Bank transfer,No,No,Yes,No,0
CUST-007799,25,105.49,2609.28,One year,Fiber optic,No,No,Yes,Yes,Yes,Yes,No,Credit card,Yes,Yes,Yes,No,0
CUST-007800,43,74.14,3301.7,One year,Fiber optic,No,Yes,No,No,Yes,Yes,No,Credit card,No,No,Yes,Yes,0
CUST-007801,4,103.59,277.92,Month-to-month,Fiber optic,No,No,No,Yes,Yes,No,No,Electronic check,Yes,No,No,No,1
CUST-007802,4,44.49,80.46,Month-to-month,No,Yes,No,No,No,No,Yes,Yes,Bank transfer,No,Yes,No,Yes,0
CUST-007803,30,91.26,2705.51,Month-to-month,Fiber optic,No,No,Yes,No,No,Yes,No,Electronic check,No,No,No,No,1
CUST-007804,64,122.61,8043.55,Month-to-month,Fiber optic,No,No,Yes,Yes,Yes,Yes,No,Bank transfer,No,Yes,No,No,1
CUST-007805,35,96.54,3369.79,Month-to-month,Fiber optic,No,Yes,No,Yes,No,Yes,No,Credit card,Yes,No,No,No,1
CUST-007806,72,49.13,3591.46,Month-to-month,DSL,No,No,No,No,No,No,No,Electronic check,Yes,No,No,No,0
CUST-007807,42,105.04,4325.97,One year,Fiber optic,No,No,Yes,Yes,Yes,Yes,No,Electronic check,Yes,No,Yes,No,0
CUST-007808,20,52.67,1186.49,Month-to-month,DSL,No,No,No,Yes,Yes,Yes,No,Mailed check,Yes,No,Yes,No,0
CUST-007809,22,95.67,2032.3,One year,Fiber optic,No,No,No,Yes,No,Yes,No,Credit card,Yes,No,Yes,Yes,0
CUST-007810,11,95.65,793.04,One year,Fiber optic,No,Yes,Yes,Yes,Yes,Yes,No,Bank transfer,Yes,No,Yes,Yes,1
CUST-007811,67,40.93,2663.55,Month-to-month,No,No,No,No,Yes,No,Yes,No,Electronic check,Yes,No,No,Yes,0
CUST-007812,69,72.06,4895.64,Month-to-month,DSL,No,Yes,No,No,No,Yes,Yes,Mailed check,No,No,No,No,0
CUST-007813,47,117.94,5625.48,One year,Fiber optic,Yes,No,No,Yes,Yes,Yes,Yes,Electronic check,No,Yes,No,Yes,1
CUST-007814,30,89.96,2763.42,Month-to-month,Fiber optic,No,No,No,Yes,No,Yes,No,Mailed check,Yes,No,No,No,1
CUST-007815,34,122.2,4372.0,Two year,Fiber optic,Yes,No,No,Yes,No,Yes,Yes,Mailed check,No,No,Yes,No,0
CUST-007816,21,92.2,1978.76,Month-to-month,DSL,Yes,No,Yes,No,Yes,Yes,Yes,Credit card,Yes,No,No,No,0
CUST-007817,63,81.4,5420.37,One year,Fiber optic,Yes,No,No,No,No,Yes,Yes,Electronic check,Yes,No,Yes,No,0
CUST-007818,8,66.19,661.91,Month-to-month,DSL,Yes,No,Yes,No,Yes,Yes,No,Mailed check,No,Yes,Yes,No,1
CUST-007819,7,102.56,465.12,Month-to-month,Fiber optic,Yes,No,Yes,No,Yes,Yes,Yes,Electronic check,Yes,No,No,No,0
CUST-007820,66,98.23,6378.42,Month-to-month,Fiber optic,No,No,Yes,No,No,Yes,Yes,Mailed check,No,No,No,No,1
CUST-007821,18,58.09,1463.02,Two year,DSL,Yes,No,No,Yes,No,Yes,No,Credit card,No,No,Yes,No,0
CUST-007822,7,102.58,592.86,Month-to-month,DSL,No,Yes,Yes,Yes,Yes,Yes,No,Electronic check,Yes,No,Yes,No,1
CUST-007823,3,30.51,212.16,Two year,No,No,Yes,Yes,No,No,Yes,No,Electronic check,Yes,No,No,Yes,0
CUST-007824,48,105.75,5158.45,Month-to-month,Fiber optic,Yes,No,Yes,No,No,Yes,Yes,Credit card,Yes,No,Yes,No,1
CUST-007825,44,125.59,5352.05,Two year,Fiber optic,Yes,Yes,Yes,Yes,Yes,Yes,No,Mailed check,Yes,No,Yes,No,0
CUST-007826,13,31.13,327.83,Month-to-month,No,Yes,No,No,No,No,Yes,No,Mailed check,No,No,No,Yes,0
CUST-007827,64,83.73,5276.02,Month-to-month,DSL,Yes,No,No,No,Yes,Yes,No,Credit card,No,No,Yes,No,1
CUST-007828,21,86.81,1640.21,One year,Fiber optic,No,No,No,No,Yes,Yes,No,Credit card,No,Yes,No,No,0
CUST-007829,30,65.74,1697.62,Two year,DSL,No,Yes,No,No,Yes,Yes,Yes,Electronic check,No,No,Yes,No,0
CUST-007830,53,74.33,4106.89,Month-to-month,DSL,No,No,Yes,No,No,Yes,No,Bank transfer,Yes,No,No,No,0
CUST-007831,22,97.95,2071.44,Month-to-month,Fiber optic,No,No,No,No,No,Yes,No,Electronic check,Yes,No,Yes,No,1
CUST-007832,58,78.08,4750.14,Month-to-month,DSL,No,Yes,Yes,No,Yes,Yes,Yes,Electronic check,No,No,No,No,0
CUST-007833,9,33.35,228.93,Month-to-month,No,No,No,No,No,No,Yes,No,Credit card,Yes,No,Yes,No,1
CUST-007834,19,132.44,2879.19,Month-to-month,Fiber optic,Yes,No,No,Yes,Yes,Yes,No,Credit card,No,Yes,Yes,No,1
CUST-007835,56,123.42,6943.01,One year,Fiber optic,Yes,Yes,No,Yes,Yes,Yes,Yes,Bank transfer,Yes,No,Yes,No,0
CUST-007836,18,56.53,741.85,Month-to-month,No,Yes,No,Yes,No,No,Yes,Yes,Credit card,Yes,No,Yes,No,1
CUST-007837,42,38.39,1698.07,One year,No,No,Yes,No,Yes,No,No,No,Mailed check,No,No,Yes,Yes,0
CUST-007838,21,101.27,2142.37,Month-to-month,Fiber optic,No,No,Yes,No,Yes,Yes,No,Bank transfer,Yes,No,Yes,Yes,1
CUST-007839,43,55.84,2441.79,Month-to-month,No,Yes,No,Yes,Yes,No,Yes,No,Electronic check,Yes,No,No,No,0
CUST-007840,38,64.22,2382.22,Month-to-month,No,Yes,No,No,Yes,Yes,Yes,No,Bank transfer,Yes,No,Yes,No,0
CUST-007841,15,98.0,1497.96,Month-to-month,Fiber optic,Yes,Yes,Yes,No,Yes,Yes,No,Electronic check,Yes,No,Yes,No,1
CUST-007842,41,102.94,4011.09,One year,Fiber optic,No,No,Yes,No,No,Yes,Yes,Electronic check,Yes,No,Yes,No,1
CUST-007843,44,71.22,3328.01,One year,DSL,No,No,Yes,Yes,No,Yes,No,Electronic check,Yes,No,No,Yes,0
CUST-007844,53,70.88,3680.4,Month-to-month,DSL,No,No,Yes,Yes,Yes,Yes,No,Electronic check,Yes,No,No,No,0
CUST-007845,69,56.99,4019.91,Month-to-month,No,Yes,No,No,Yes,Yes,Yes,Yes,Credit card,No,No,No,No,0
CUST-007846,7,110.86,560.36,One year,Fiber optic,No,Yes,Yes,No,No,Yes,No,Credit card,Yes,No,No,Yes,0
CUST-007847,34,103.35,3687.33,One year,DSL,Yes,Yes,No,Yes,Yes,Yes,No,Bank transfer,No,No,Yes,No,0
CUST-007848,45,90.36,4171.72,Month-to-month,Fiber optic,No,No,Yes,No,No,Yes,Yes,Mailed check,No,No,No,No,0
CUST-007849,12,58.94,677.82,Month-to-month,DSL,No,Yes,No,No,Yes,Yes,No,Credit card,Yes,No,No,Yes,0
CUST-007850,14,97.54,1240.06,One year,Fiber optic,No,Yes,No,Yes,No,Yes,Yes,Electronic check,Yes,No,No,Yes,1
CUST-007851,34,95.66,3279.68,Month-to-month,Fiber optic,No,Yes,Yes,No,No,No,Yes,Electronic check,Yes,No,No,No,1
CUST-007852,17,84.12,1459.33,Two year,DSL,No,No,No,Yes,Yes,Yes,Yes,Credit card,No,No,Yes,Yes,0
CUST-007853,71,76.08,5563.92,Two year,DSL,Yes,No,No,Yes,Yes,Yes,Yes,Bank transfer,No,No,No,No,0
CUST-007854,2,84.77,516.93,Month-to-month,DSL,Yes,Yes,Yes,No,Yes,Yes,Yes,Bank transfer,No,No,Yes,Yes,0
CUST-007855,28,66.62,1974.9,Month-to-month,DSL,No,No,No,Yes,Yes,Yes,No,Electronic check,Yes,No,Yes,No,1
CUST-007856,2,96.17,461.98,Month-to-month,Fiber optic,No,Yes,Yes,Yes,Yes,Yes,No,Bank transfer,Yes,No,No,No,1
CUST-007857,17,98.75,2175.67,Month-to-month,Fiber optic,No,No,No,Yes,No,Yes,No,Electronic check,Yes,Yes,Yes,Yes,1
CUST-007858,30,67.78,2061.52,Two year,DSL,Yes,No,No,Yes,Yes,No,Yes,Mailed check,No,No,Yes,No,0
CUST-007859,24,67.29,1633.3,One year,DSL,Yes,No,Yes,No,No,Yes,Yes,Electronic check,Yes,Yes,No,Yes,0
CUST-007860,29,106.25,3157.15,Month-to-month,Fiber optic,No,No,No,No,Yes,Yes,Yes,Credit card,No,No,Yes,Yes,1
CUST-007861,3,105.78,221.86,Month-to-month,Fiber optic,No,Yes,No,No,Yes,No,No,Electronic check,Yes,Yes,No,No,1
CUST-007862,15,87.61,1385.49,One year,DSL,Yes,Yes,No,No,No,Yes,Yes,Electronic check,Yes,No,Yes,No,0
CUST-007863,52,60.97,3133.75,One year,DSL,No,No,Yes,No,Yes,Yes,Yes,Credit card,No,No,Yes,Yes,0
CUST-007864,71,54.31,3951.08,One year,DSL,No,Yes,No,Yes,No,Yes,No,Electronic check,Yes,No,No,No,0
CUST-007865,67,51.21,3463.18,One year,DSL,No,Yes,Yes,No,No,Yes,No,Mailed check,No,No,Yes,No,0
CUST-007866,66,109.09,6992.97,Month-to-month,Fiber optic,Yes,No,Yes,No,No,Yes,No,Bank transfer,Yes,No,No,No,1
CUST-007867,48,102.8,4831.56,One year,Fiber optic,Yes,No,No,Yes,Yes,No,No,Credit card,Yes,No,No,No,0
CUST-007868,47,75.43,3399.42,Month-to-month,Fiber optic,No,No,No,No,No,Yes,No,Bank transfer,Yes,No,Yes,Yes,0
CUST-007869,62,77.87,5008.66,Two year,DSL,No,Yes,No,Yes,No,Yes,Yes,Mailed check,Yes,No,No,No,0
CUST-007870,13,100.18,1328.66,Two year,DSL,No,No,No,Yes,Yes,Yes,Yes,Bank transfer,Yes,No,No,Yes,0
CUST-007871,4,66.53,347.16,Month-to-month,DSL,Yes,Yes,No,No,No,Yes,No,Mailed check,No,No,No,Yes,0
CUST-007872,26,85.06,2318.64,Month-to-month,Fiber optic,No,Yes,No,No,No,Yes,Yes,Bank transfer,Yes,Yes,No,No,1
CUST-007873,13,121.01,1620.49,Month-to-month,Fiber optic,Yes,Yes,No,Yes,Yes,No,No,Electronic check,Yes,No,No,No,1
CUST-007874,42,116.58,5222.14,One year,Fiber optic,Yes,No,No,Yes,Yes,Yes,Yes,Credit card,Yes,No,No,No,1
CUST-007875,40,38.44,1474.84,One year,No,No,No,No,No,Yes,Yes,No,Electronic check,Yes,No,Yes,No,0
CUST-007876,2,103.29,11.39,Two year,Fiber optic,No,Yes,Yes,No,Yes,Yes,Yes,Electronic check,No,No,No,No,0
CUST-007877,40,127.57,5043.25,One year,Fiber optic,Yes,No,Yes,Yes,Yes,Yes,No,Mailed check,No,No,No,No,0
CUST-007878,20,76.06,1611.54,One year,DSL,No,No,Yes,Yes,Yes,Yes,No,Mailed check,No,No,Yes,Yes,1
CUST-007879,9,96.38,1010.06,Month-to-month,Fiber optic,Yes,No,No,Yes,No,Yes,No,Electronic check,Yes,Yes,No,Yes,1
CUST-007880,17,123.99,2194.16,Month-to-month,Fiber optic,No,No,Yes,Yes,Yes,Yes,No,Electronic check,Yes,No,No,No,1
CUST-007881,19,112.01,2048.44,One year,Fiber optic,Yes,No,No,No,Yes,Yes,Yes,Credit card,Yes,No,No,Yes,1
CUST-007882,3,98.98,116.84,Two year,DSL,Yes,No,Yes,Yes,Yes,Yes,Yes,Electronic check,Yes,No,Yes,No,0
CUST-007883,29,62.06,1732.67,Two year,DSL,No,No,Yes,Yes,No,No,Yes,Electronic check,Yes,No,No,No,0
CUST-007884,32,37.11,1238.14,Month-to-month,No,No,Yes,No,No,No,No,Yes,Bank transfer,No,No,Yes,Yes,0
CUST-007885,18,72.05,1305.79,Two year,DSL,No,No,Yes,No,Yes,Yes,Yes,Electronic check,No,No,Yes,No,1
CUST-007886,64,104.61,6463.08,Month-to-month,Fiber optic,Yes,Yes,Yes,No,No,Yes,No,Credit card,Yes,Yes,Yes,No,0
CUST-007887,23,71.93,1826.3,Month-to-month,DSL,No,No,Yes,No,No,Yes,Yes,Mailed check,Yes,No,Yes,No,0
CUST-007888,28,90.31,2522.88,Two year,Fiber optic,No,No,No,Yes,No,Yes,No,Bank transfer,No,No,Yes,No,0
CUST-007889,12,75.53,1148.13,Month-to-month,DSL,No,No,No,Yes,No,Yes,Yes,Electronic check,Yes,No,No,No,1
CUST-007890,57,51.02,2794.29,Month-to-month,No,Yes,Yes,No,No,No,Yes,No,Credit card,No,Yes,Yes,Yes,0
CUST-007891,38,40.21,1505.35,One year,No,Yes,No,No,No,No,Yes,Yes,Mailed check,Yes,No,Yes,No,0
CUST-007892,50,94.18,4969.81,Two year,Fiber optic,No,Yes,Yes,No,Yes,No,No,Mailed check,Yes,No,Yes,No,0
CUST-007893,4,106.15,298.35,Two year,Fiber optic,No,Yes,Yes,Yes,Yes,Yes,No,Bank transfer,Yes,No,Yes,Yes,0
CUST-007894,41,68.37,3027.21,One year,DSL,Yes,Yes,No,Yes,No,Yes,Yes,Credit card,No,No,No,No,0
CUST-007895,18,49.01,1060.89,One year,DSL,No,No,Yes,No,Yes,No,Yes,Mailed check,Yes,No,Yes,No,1
CUST-007896,31,85.5,2725.38,Month-to-month,Fiber optic,No,Yes,Yes,No,No,No,No,Electronic check,Yes,No,Yes,Yes,0
CUST-007897,53,46.17,2701.63,Month-to-month,No,No,No,No,No,Yes,Yes,Yes,Bank transfer,Yes,No,No,No,0
CUST-007898,22,48.55,1018.07,Month-to-month,DSL,No,No,No,No,No,Yes,Yes,Bank transfer,Yes,No,No,Yes,1
CUST-007899,6,78.11,789.78,Month-to-month,DSL,Yes,Yes,No,Yes,Yes,Yes,No,Credit card,Yes,No,Yes,No,1
CUST-007900,58,101.94,5732.44,Month-to-month,DSL,Yes,No,Yes,Yes,Yes,Yes,Yes,Credit card,Yes,No,Yes,Yes,1
CUST-007901,39,127.45,5078.82,Two year,Fiber optic,Yes,Yes,Yes,Yes,Yes,Yes,No,Electronic check,No,No,No,No,0
CUST-007902,20,73.82,1740.4,One year,Fiber optic,No,No,No,No,No,Yes,No,Bank transfer,Yes,No,Yes,Yes,1
CUST-007903,60,103.29,6438.11,Month-to-month,Fiber optic,No,No,Yes,No,No,Yes,Yes,Credit card,No,No,Yes,No,0
CUST-007904,2,128.93,340.09,Month-to-month,Fiber optic,Yes,Yes,No,Yes,Yes,Yes,Yes,Credit card,Yes,Yes,Yes,No,1
CUST-007905,17,117.3,2067.3,Month-to-month,Fiber optic,No,Yes,Yes,No,Yes,Yes,Yes,Mailed check,No,No,Yes,No,1
CUST-007906,45,98.6,4438.05,Month-to-month,Fiber optic,Yes,No,No,Yes,No,Yes,Yes,Bank transfer,Yes,No,Yes,Yes,1
CUST-007907,63,69.87,4413.15,Two year,DSL,No,No,Yes,No,No,Yes,No,Bank transfer,Yes,Yes,Yes,Yes,0
CUST-007908,72,79.65,5743.75,Month-to-month,DSL,No,Yes,No,Yes,No,Yes,No,Electronic check,Yes,No,Yes,No,1
CUST-007909,0,56.18,0.0,Two year,No,No,Yes,No,No,No,Yes,Yes,Electronic check,Yes,No,Yes,No,0
CUST-007910,52,108.85,5779.47,One year,Fiber optic,Yes,No,No,Yes,No,Yes,No,Bank transfer,No,No,No,No,1
CUST-007911,40,128.76,5123.58,Two year,Fiber optic,No,No,No,Yes,Yes,Yes,Yes,Mailed check,No,Yes,Yes,No,0
CUST-007912,32,57.89,1919.09,Month-to-month,DSL,No,No,No,No,Yes,Yes,No,Electronic check,Yes,No,No,No,1
CUST-007913,42,37.99,1811.0,Month-to-month,No,Yes,Yes,No,Yes,No,Yes,No,Electronic check,No,Yes,No,No,1
CUST-007914,62,110.87,6876.49,One year,Fiber optic,Yes,Yes,No,No,Yes,Yes,No,Electronic check,No,No,Yes,No,0
CUST-007915,0,127.57,226.22,Two year,Fiber optic,No,Yes,Yes,Yes,Yes,Yes,Yes,Electronic check,No,Yes,No,No,1
CUST-007916,63,112.3,7202.82,One year,Fiber optic,Yes,No,Yes,No,No,Yes,No,Credit card,Yes,No,No,No,0
CUST-007917,42,90.46,3697.53,Month-to-month,Fiber optic,No,No,No,Yes,No,Yes,No,Mailed check,No,No,No,Yes,0
CUST-007918,37,89.55,3694.19,One year,DSL,No,Yes,No,Yes,Yes,Yes,Yes,Electronic check,No,No,Yes,No,0
CUST-007919,45,65.34,2947.53,Two year,No,Yes,No,Yes,Yes,Yes,Yes,Yes,Electronic check,No,No,No,No,1
CUST-007920,26,85.32,2334.92,Month-to-month,DSL,Yes,No,No,Yes,Yes,Yes,No,Bank transfer,No,No,No,No,0
CUST-007921,0,104.03,0.0,Month-to-month,Fiber optic,Yes,No,Yes,Yes,No,Yes,No,Credit card,Yes,No,No,No,1
CUST-007922,14,49.56,575.52,Month-to-month,No,No,No,Yes,Yes,Yes,Yes,No,Credit card,Yes,No,No,No,1
CUST-007923,63,77.14,4951.0,One year,DSL,No,Yes,Yes,Yes,Yes,Yes,No,Electronic check,No,No,No,No,0
CUST-007924,53,109.85,5965.32,Two year,Fiber optic,Yes,Yes,No,Yes,No,Yes,Yes,Mailed check,Yes,No,Yes,No,0
CUST-007925,0,109.57,38.96,Two year,Fiber optic,No,No,Yes,No,Yes,Yes,No,Credit card,No,Yes,Yes,No,1
CUST-007926,11,38.47,340.59,Month-to-month,No,No,No,No,No,No,Yes,No,Bank transfer,Yes,No,Yes,Yes,0
CUST-007927,61,44.62,2923.82,Two year,No,No,Yes,No,Yes,No,Yes,Yes,Mailed check,Yes,No,No,No,0
CUST-007928,18,103.74,1672.11,Two year,Fiber optic,No,No,Yes,Yes,No,Yes,No,Electronic check,Yes,No,Yes,Yes,0
CUST-007929,62,63.05,4164.92,Two year,DSL,No,No,No,No,No,Yes,No,Bank transfer,Yes,No,No,No,0
CUST-007930,45,89.73,3941.82,Month-to-month,Fiber optic,Yes,Yes,No,No,No,Yes,No,Mailed check,Yes,No,No,No,0
CUST-007931,51,86.15,4418.95,Month-to-month,Fiber optic,No,No,No,No,Yes,Yes,Yes,Mailed check,No,No,No,No,1
CUST-007932,45,113.92,5297.65,Month-to-month,Fiber optic,No,Yes,No,Yes,No,Yes,Yes,Bank transfer,No,No,Yes,No,0
CUST-007933,34,111.94,3771.81,Month-to-month,Fiber optic,No,No,No,Yes,Yes,Yes,Yes,Bank transfer,Yes,No,Yes,No,1
CUST-007934,72,72.55,5058.35,One year,DSL,No,No,No,Yes,Yes,Yes,Yes,Electronic check,No,Yes,Yes,No,0
CUST-007935,71,67.04,4900.15,Month-to-month,DSL,Yes,No,Yes,No,Yes,Yes,Yes,Electronic check,Yes,No,No,Yes,0
CUST-007936,7,108.21,922.27,Month-to-month,Fiber optic,No,No,Yes,No,No,Yes,Yes,Credit card,Yes,No,No,No,1
CUST-007937,31,45.28,1385.49,Month-to-month,No,No,No,No,Yes,Yes,Yes,No,Credit card,No,No,No,No,0
CUST-007938,46,47.56,2162.34,Month-to-month,No,Yes,No,Yes,No,No,Yes,No,Bank transfer,No,No,No,Yes,0
CUST-007939,10,41.48,330.57,One year,No,Yes,No,Yes,Yes,No,Yes,Yes,Bank transfer,No,No,No,No,0
CUST-007940,46,103.96,5013.57,Month-to-month,Fiber optic,Yes,No,No,Yes,Yes,Yes,No,Credit card,Yes,No,Yes,No,1
CUST-007941,0,50.01,292.68,One year,No,No,Yes,Yes,No,Yes,No,No,Mailed check,Yes,No,No,No,1
CUST-007942,35,43.39,1552.15,Month-to-month,No,No,Yes,No,Yes,No,Yes,No,Electronic check,Yes,No,No,Yes,0
CUST-007943,28,94.55,2481.91,Month-to-month,Fiber optic,No,Yes,No,No,Yes,Yes,No,Bank transfer,No,No,No,No,0
CUST-007944,43,78.73,3627.84,One year,DSL,No,No,No,Yes,No,Yes,Yes,Electronic check,Yes,No,Yes,Yes,1
CUST-007945,21,72.71,1508.91,Month-to-month,DSL,No,No,No,Yes,Yes,Yes,Yes,Bank transfer,Yes,Yes,No,No,0
CUST-007946,48,105.37,4945.13,Month-to-month,Fiber optic,Yes,No,No,Yes,Yes,Yes,No,Mailed check,No,No,Yes,Yes,0
CUST-007947,40,117.29,4930.54,One year,Fiber optic,Yes,Yes,Yes,No,Yes,Yes,No,Credit card,Yes,Yes,No,No,0
CUST-007948,69,85.54,5841.1,One year,DSL,Yes,No,No,Yes,Yes,Yes,Yes,Credit card,Yes,No,No,No,0
CUST-007949,55,65.99,3425.06,Month-to-month,DSL,Yes,Yes,No,No,No,Yes,Yes,Electronic check,Yes,No,Yes,No,0
CUST-007950,29,107.62,3351.17,One year,Fiber optic,No,No,Yes,No,No,Yes,Yes,Mailed check,Yes,No,Yes,Yes,0
CUST-007951,45,39.79,1286.18,One year,No,Yes,No,No,No,No,Yes,No,Electronic check,Yes,No,No,Yes,0
CUST-007952,23,121.61,2921.87,Two year,Fiber optic,No,No,Yes,Yes,Yes,Yes,No,Credit card,Yes,No,Yes,No,1
CUST-007953,35,110.72,3735.66,Month-to-month,Fiber optic,Yes,No,Yes,No,Yes,Yes,Yes,Bank transfer,No,Yes,Yes,No,0
CUST-007954,18,93.26,1736.33,Month-to-month,Fiber optic,No,No,No,No,Yes,Yes,Yes,Electronic check,No,No,Yes,No,0
CUST-007955,45,88.23,3545.95,Month-to-month,DSL,No,Yes,No,Yes,Yes,Yes,Yes,Credit card,No,No,Yes,No,1
CUST-007956,5,48.52,295.99,Month-to-month,No,No,No,Yes,Yes,No,Yes,Yes,Electronic check,No,No,Yes,No,0
CUST-007957,42,40.65,1778.11,One year,No,Yes,No,No,No,Yes,Yes,No,Credit card,Yes,Yes,No,No,0
CUST-007958,57,111.63,6576.29,Two year,Fiber optic,No,Yes,No,Yes,Yes,Yes,No,Credit card,Yes,Yes,No,No,0
CUST-007959,33,83.43,2866.61,Month-to-month,DSL,No,No,Yes,Yes,Yes,No,Yes,Electronic check,No,No,Yes,Yes,0
CUST-007960,23,39.83,889.77,Month-to-month,No,No,Yes,Yes,No,No,Yes,Yes,Electronic check,No,No,Yes,No,0
CUST-007961,40,34.48,1371.63,One year,No,Yes,No,No,No,No,Yes,No,Electronic check,Yes,No,Yes,No,0
CUST-007962,39,65.09,2273.64,One year,DSL,Yes,No,Yes,Yes,Yes,Yes,No,Credit card,Yes,No,No,No,0
CUST-007963,5,63.64,340.91,Month-to-month,DSL,No,No,Yes,Yes,No,Yes,No,Credit card,Yes,No,No,No,1
CUST-007964,48,62.48,2952.32,One year,DSL,No,Yes,No,Yes,No,Yes,No,Credit card,Yes,No,Yes,Yes,0
CUST-007965,21,75.67,1443.45,Two year,DSL,No,No,Yes,Yes,Yes,Yes,No,Credit card,No,No,Yes,No,0
CUST-007966,24,107.91,2409.78,One year,Fiber optic,Yes,No,Yes,Yes,Yes,Yes,No,Bank transfer,No,No,No,No,1
CUST-007967,51,102.86,5326.87,Month-to-month,Fiber optic,No,Yes,No,Yes,No,Yes,Yes,Electronic check,Yes,No,No,Yes,1
CUST-007968,41,80.55,3395.66,Month-to-month,DSL,No,No,Yes,Yes,No,Yes,Yes,Bank transfer,No,No,No,Yes,0
CUST-007969,44,118.44,5225.32,Month-to-month,Fiber optic,Yes,Yes,No,No,Yes,Yes,Yes,Electronic check,Yes,No,Yes,Yes,0
CUST-007970,34,24.64,895.44,Month-to-month,No,Yes,No,Yes,No,No,Yes,No,Bank transfer,Yes,No,No,Yes,0
CUST-007971,65,113.91,7235.92,One year,Fiber optic,No,No,No,Yes,No,Yes,No,Credit card,No,No,No,No,0
CUST-007972,15,33.0,557.69,Month-to-month,No,No,No,Yes,No,No,Yes,No,Credit card,No,No,Yes,No,0
CUST-007973,58,98.35,5606.76,One year,Fiber optic,Yes,Yes,Yes,No,No,Yes,No,Bank transfer,Yes,No,Yes,Yes,0
CUST-007974,18,92.71,1410.28,One year,Fiber optic,Yes,Yes,No,No,Yes,Yes,No,Electronic check,No,No,No,No,0
CUST-007975,59,80.19,4961.58,One year,DSL,Yes,Yes,Yes,Yes,Yes,No,Yes,Electronic check,No,No,No,No,0
CUST-007976,61,77.7,4707.34,Month-to-month,DSL,No,Yes,No,Yes,Yes,Yes,No,Mailed check,Yes,No,Yes,Yes,0
CUST-007977,0,107.38,235.32,Month-to-month,Fiber optic,No,No,No,No,Yes,Yes,Yes,Bank transfer,Yes,No,Yes,Yes,1
CUST-007978,40,74.72,3044.56,One year,DSL,Yes,No,Yes,No,No,Yes,Yes,Electronic check,Yes,No,No,No,0
CUST-007979,36,68.49,2511.26,Two year,DSL,Yes,Yes,No,No,Yes,Yes,Yes,Mailed check,No,No,Yes,Yes,0
CUST-007980,29,104.41,3007.58,Month-to-month,Fiber optic,No,No,No,Yes,No,Yes,No,Electronic check,Yes,No,Yes,No,1
CUST-007981,16,110.49,1646.0,Two year,Fiber optic,Yes,No,Yes,Yes,No,Yes,Yes,Bank transfer,No,No,No,Yes,0
CUST-007982,7,56.07,426.12,Month-to-month,DSL,No,Yes,Yes,No,No,No,Yes,Mailed check,Yes,No,No,No,1
CUST-007983,16,100.99,1503.51,One year,Fiber optic,No,Yes,Yes,No,Yes,Yes,Yes,Electronic check,Yes,No,Yes,Yes,0
CUST-007984,7,63.79,480.66,Month-to-month,DSL,Yes,No,No,Yes,No,No,Yes,Mailed check,No,No,Yes,No,1
CUST-007985,61,69.26,4441.91,Month-to-month,DSL,Yes,Yes,No,No,Yes,Yes,No,Electronic check,No,No,No,Yes,0
CUST-007986,25,61.53,1467.41,Month-to-month,No,Yes,No,No,Yes,Yes,No,Yes,Bank transfer,No,No,Yes,No,0
CUST-007987,33,45.05,1561.84,Month-to-month,No,Yes,Yes,Yes,No,Yes,Yes,No,Mailed check,Yes,Yes,No,No,0
CUST-007988,46,86.95,3864.5,Two year,Fiber optic,No,Yes,Yes,No,No,Yes,No,Electronic check,No,No,No,No,0
CUST-007989,44,67.76,2898.87,Month-to-month,DSL,No,Yes,Yes,No,No,Yes,Yes,Electronic check,No,No,Yes,Yes,0
CUST-007990,8,108.35,770.22,Month-to-month,Fiber optic,Yes,No,Yes,No,No,Yes,Yes,Electronic check,Yes,No,Yes,Yes,1
CUST-007991,71,68.26,4344.49,Two year,DSL,No,No,No,Yes,Yes,Yes,No,Credit card,Yes,No,Yes,No,0
CUST-007992,49,92.04,4682.64,One year,Fiber optic,No,No,No,No,No,Yes,Yes,Bank transfer,No,Yes,No,No,0
CUST-007993,45,64.44,2566.31,Month-to-month,DSL,No,Yes,No,Yes,No,Yes,Yes,Credit card,No,No,No,No,0
CUST-007994,2,114.1,59.06,Month-to-month,Fiber optic,No,No,Yes,Yes,Yes,Yes,Yes,Mailed check,Yes,Yes,No,Yes,1
CUST-007995,60,105.56,6394.01,One year,Fiber optic,Yes,No,Yes,No,No,Yes,No,Bank transfer,Yes,Yes,No,No,0
CUST-007996,43,92.84,4098.78,One year,Fiber optic,No,No,Yes,No,No,Yes,No,Credit card,Yes,Yes,No,No,0
CUST-007997,46,38.75,1736.81,Month-to-month,No,Yes,No,No,Yes,No,Yes,No,Electronic check,No,No,Yes,Yes,1
CUST-007998,26,128.32,3514.8,Two year,Fiber optic,Yes,Yes,Yes,No,No,Yes,Yes,Credit card,Yes,No,Yes,Yes,0
CUST-007999,46,106.2,4966.86,One year,Fiber optic,No,Yes,Yes,Yes,No,Yes,Yes,Credit card,No,No,No,No,1
CUST-008000,2,72.08,257.27,Month-to-month,DSL,Yes,No,Yes,No,No,Yes,No,Electronic check,Yes,No,No,No,1
CUST-008001,16,78.23,1417.27,Two year,Fiber optic,No,Yes,No,No,No,Yes,No,Bank transfer,Yes,No,Yes,No,0
CUST-008002,62,100.16,6105.34,Month-to-month,Fiber optic,Yes,No,Yes,No,No,Yes,No,Electronic check,Yes,No,No,No,1
CUST-008003,40,79.59,2947.53,One year,DSL,Yes,No,No,Yes,Yes,Yes,Yes,Mailed check,No,No,Yes,Yes,0
CUST-008004,23,105.02,2592.99,Month-to-month,Fiber optic,Yes,No,Yes,No,Yes,Yes,Yes,Electronic check,Yes,Yes,No,No,1
CUST-008005,55,120.84,7178.3,Month-to-month,Fiber optic,Yes,Yes,Yes,No,Yes,Yes,Yes,Mailed check,Yes,No,Yes,Yes,0
CUST-008006,69,115.6,8035.87,Two year,Fiber optic,Yes,Yes,Yes,No,Yes,Yes,Yes,Bank transfer,No,No,Yes,No,0
CUST-008007,45,98.59,4597.39,Month-to-month,Fiber optic,Yes,No,Yes,Yes,No,Yes,No,Bank transfer,Yes,No,No,No,1
CUST-008008,1,82.84,0.0,Month-to-month,DSL,Yes,No,Yes,Yes,No,Yes,No,Electronic check,No,No,No,Yes,1
CUST-008009,51,94.32,4938.88,Two year,DSL,No,No,No,Yes,Yes,Yes,Yes,Credit card,Yes,No,No,Yes,0
CUST-008010,56,63.97,3568.04,One year,DSL,No,No,No,No,No,Yes,Yes,Credit card,Yes,Yes,No,Yes,0
CUST-008011,43,33.92,1472.55,One year,No,No,No,No,No,Yes,Yes,Yes,Mailed check,Yes,No,Yes,Yes,0
CUST-008012,72,101.32,7058.35,Month-to-month,Fiber optic,No,No,Yes,No,No,Yes,No,Electronic check,No,No,No,No,0
CUST-008013,44,107.19,4632.68,Two year,Fiber optic,Yes,Yes,Yes,No,No,Yes,No,Credit card,No,Yes,Yes,No,0
CUST-008014,33,60.87,2107.1,One year,DSL,No,No,No,Yes,Yes,Yes,No,Electronic check,Yes,No,No,No,1
CUST-008015,27,52.38,1509.47,One year,DSL,Yes,No,No,No,No,Yes,Yes,Bank transfer,No,No,No,Yes,0
CUST-008016,42,101.39,4396.97,Month-to-month,Fiber optic,No,No,Yes,No,Yes,Yes,No,Electronic check,Yes,No,Yes,No,1
CUST-008017,6,60.55,474.82,One year,DSL,No,No,No,No,No,Yes,No,Bank transfer,No,Yes,Yes,Yes,0
CUST-008018,44,71.09,3128.66,Month-to-month,DSL,No,No,No,Yes,Yes,Yes,No,Electronic check,No,Yes,Yes,No,0
CUST-008019,40,98.19,4026.76,Month-to-month,Fiber optic,No,No,Yes,Yes,No,Yes,No,Bank transfer,Yes,No,Yes,Yes,1
CUST-008020,15,72.99,1165.13,Two year,DSL,No,No,No,Yes,No,Yes,Yes,Credit card,Yes,No,No,Yes,0
CUST-008021,26,67.32,2123.92,Two year,DSL,No,Yes,No,No,No,Yes,Yes,Mailed check,Yes,Yes,Yes,Yes,0
CUST-008022,54,89.58,5011.19,Month-to-month,Fiber optic,No,Yes,No,No,No,Yes,No,Bank transfer,No,Yes,No,No,1
CUST-008023,43,96.17,3991.27,Two year,DSL,Yes,Yes,Yes,No,Yes,Yes,No,Credit card,Yes,No,No,Yes,0
CUST-008024,59,80.59,4956.16,Two year,DSL,No,Yes,Yes,Yes,Yes,Yes,Yes,Electronic check,Yes,No,No,No,0
CUST-008025,63,83.53,5297.87,Two year,DSL,Yes,Yes,Yes,Yes,Yes,Yes,No,Mailed check,Yes,Yes,Yes,Yes,0
CUST-008026,65,113.48,7368.91,Month-to-month,Fiber optic,No,No,Yes,No,Yes,Yes,Yes,Credit card,Yes,No,No,Yes,1
CUST-008027,31,93.57,2880.11,Two year,DSL,Yes,Yes,Yes,Yes,Yes,Yes,Yes,Credit card,Yes,No,No,Yes,0
CUST-008028,50,108.34,5551.09,Month-to-month,Fiber optic,Yes,No,Yes,No,No,Yes,Yes,Electronic check,Yes,No,No,No,1
CUST-008029,27,120.77,3312.23,Month-to-month,Fiber optic,Yes,Yes,No,Yes,No,Yes,No,Electronic check,No,No,Yes,No,1
CUST-008030,10,82.45,782.75,One year,DSL,Yes,Yes,No,No,Yes,Yes,Yes,Credit card,No,No,No,No,0
CUST-008031,53,48.83,2507.18,Month-to-month,No,Yes,No,No,Yes,No,No,Yes,Mailed check,No,No,No,No,1
CUST-008032,7,99.25,614.39,One year,DSL,Yes,Yes,Yes,Yes,Yes,Yes,Yes,Electronic check,Yes,Yes,No,No,0
CUST-008033,35,116.46,3829.33,Month-to-month,Fiber optic,No,No,Yes,Yes,Yes,Yes,No,Mailed check,No,No,Yes,Yes,1
CUST-008034,27,101.39,2756.05,Month-to-month,Fiber optic,Yes,No,No,Yes,Yes,Yes,No,Electronic check,No,No,No,No,1
CUST-008035,55,50.49,2554.55,One year,DSL,Yes,No,No,No,No,No,No,Mailed check,Yes,Yes,Yes,No,0
CUST-008036,47,39.56,1923.23,Month-to-month,No,No,Yes,No,Yes,Yes,Yes,No,Credit card,No,No,Yes,No,0
CUST-008037,71,57.18,3806.4,One year,No,No,Yes,Yes,No,Yes,Yes,No,Bank transfer,Yes,No,Yes,Yes,0
CUST-008038,16,73.52,1115.92,Month-to-month,DSL,Yes,No,No,Yes,Yes,Yes,Yes,Mailed check,No,No,Yes,No,0
CUST-008039,11,62.12,508.03,Two year,DSL,Yes,Yes,Yes,No,No,Yes,No,Credit card,Yes,No,Yes,No,0
CUST-008040,49,46.73,2214.1,One year,No,Yes,No,Yes,No,No,Yes,Yes,Mailed check,No,Yes,No,No,0
CUST-008041,16,107.64,1626.07,One year,Fiber optic,Yes,No,Yes,Yes,Yes,Yes,Yes,Mailed check,No,No,Yes,No,1
CUST-008042,39,111.37,4160.48,Month-to-month,Fiber optic,No,Yes,Yes,No,No,Yes,Yes,Mailed check,Yes,No,Yes,No,0
CUST-008043,51,108.3,5591.6,Month-to-month,Fiber optic,No,Yes,Yes,No,No,Yes,Yes,Credit card,Yes,No,Yes,No,0
CUST-008044,42,49.15,2090.17,Month-to-month,DSL,No,No,Yes,Yes,Yes,Yes,No,Electronic check,Yes,No,No,No,0
CUST-008045,23,69.6,1642.38,Two year,DSL,Yes,No,No,No,Yes,Yes,Yes,Electronic check,Yes,No,Yes,Yes,0
CUST-008046,44,45.75,2233.55,Two year,No,No,Yes,Yes,No,No,Yes,No,Electronic check,No,No,No,Yes,0
CUST-008047,11,100.8,967.9,Month-to-month,Fiber optic,No,No,Yes,No,No,Yes,No,Mailed check,No,No,Yes,No,1
CUST-008048,62,115.49,7067.61,One year,Fiber optic,No,Yes,Yes,Yes,No,Yes,Yes,Electronic check,No,No,Yes,No,0
CUST-008049,31,107.3,3173.69,Two year,Fiber optic,Yes,Yes,No,Yes,No,Yes,Yes,Bank transfer,Yes,No,No,No,0
CUST-008050,72,115.84,8367.13,Month-to-month,Fiber optic,No,No,No,Yes,Yes,Yes,Yes,Electronic check,No,No,Yes,Yes,1
CUST-008051,38,64.89,2720.54,Two year,DSL,No,No,No,Yes,Yes,Yes,Yes,Mailed check,Yes,No,No,Yes,0
CUST-008052,5,63.55,226.41,Month-to-month,DSL,No,Yes,Yes,No,No,Yes,Yes,Credit card,No,No,Yes,No,1
CUST-008053,30,64.33,1824.53,Month-to-month,DSL,Yes,Yes,Yes,No,No,Yes,No,Electronic check,No,No,No,No,0
CUST-008054,64,68.37,4029.18,Month-to-month,No,Yes,No,No,Yes,No,Yes,Yes,Electronic check,No,Yes,Yes,Yes,0
CUST-008055,48,113.73,5185.31,Month-to-month,Fiber optic,Yes,Yes,No,No,No,Yes,Yes,Credit card,No,Yes,Yes,No,1
CUST-008056,71,91.46,6476.57,Month-to-month,DSL,No,No,Yes,Yes,Yes,Yes,No,Mailed check,Yes,No,Yes,No,0
CUST-008057,2,115.67,116.79,Two year,Fiber optic,No,Yes,Yes,No,Yes,Yes,Yes,Electronic check,No,No,Yes,No,0
CUST-008058,18,121.27,2208.01,One year,Fiber optic,Yes,Yes,No,Yes,Yes,No,Yes,Electronic check,No,No,Yes,No,1
CUST-008059,31,65.43,2047.84,Month-to-month,Fiber optic,No,No,No,No,No,Yes,Yes,Credit card,No,No,No,No,1
CUST-008060,5,75.02,362.12,Month-to-month,DSL,Yes,No,No,Yes,Yes,Yes,No,Mailed check,Yes,No,No,No,1
CUST-008061,0,59.2,0.0,Month-to-month,No,No,No,No,Yes,Yes,Yes,No,Electronic check,Yes,No,No,No,1
CUST-008062,14,100.69,1597.46,Month-to-month,Fiber optic,No,No,No,No,Yes,Yes,Yes,Mailed check,Yes,No,Yes,No,1
CUST-008063,53,95.58,5197.28,Month-to-month,Fiber optic,No,No,Yes,Yes,No,Yes,No,Bank transfer,No,No,Yes,No,1
CUST-008064,27,81.4,2194.86,Month-to-month,DSL,No,No,No,No,Yes,Yes,No,Credit card,Yes,No,No,No,1
CUST-008065,3,100.24,290.0,Month-to-month,Fiber optic,Yes,No,Yes,No,No,Yes,No,Mailed check,Yes,No,Yes,Yes,1
CUST-008066,45,61.73,2719.96,Month-to-month,DSL,Yes,No,No,Yes,Yes,Yes,No,Electronic check,No,No,No,No,0
CUST-008067,28,141.59,4168.2,One year,Fiber optic,Yes,Yes,No,Yes,Yes,Yes,No,Electronic check,No,No,No,No,1
CUST-008068,38,85.63,3228.34,Month-to-month,Fiber optic,No,No,Yes,Yes,No,Yes,Yes,Bank transfer,Yes,No,Yes,No,1
CUST-008069,33,117.85,4136.3,Month-to-month,Fiber optic,No,No,No,Yes,Yes,Yes,Yes,Mailed check,No,No,Yes,Yes,1
CUST-008070,15,62.68,834.5,Two year,DSL,No,Yes,No,No,Yes,Yes,No,Credit card,Yes,No,Yes,No,0
CUST-008071,52,84.34,4289.89,Month-to-month,DSL,No,No,No,Yes,Yes,Yes,Yes,Credit card,Yes,No,No,No,0
CUST-008072,5,34.19,389.03,Two year,No,No,No,Yes,No,Yes,Yes,No,Bank transfer,Yes,No,No,No,0
CUST-008073,28,77.48,2492.53,Month-to-month,DSL,Yes,Yes,Yes,Yes,No,Yes,No,Electronic check,No,No,Yes,No,1
CUST-008074,1,64.2,179.27,One year,DSL,No,No,Yes,No,No,Yes,No,Credit card,Yes,No,No,No,1
CUST-008075,41,110.73,4440.86,One year,Fiber optic,No,Yes,No,Yes,No,Yes,Yes,Bank transfer,No,No,No,No,0
CUST-008076,51,102.36,5260.97,Two year,Fiber optic,No,Yes,No,Yes,Yes,Yes,Yes,Credit card,Yes,No,Yes,Yes,0
CUST-008077,6,105.25,680.22,Month-to-month,Fiber optic,No,No,Yes,Yes,No,Yes,No,Electronic check,Yes,Yes,No,No,0
CUST-008078,36,114.68,4174.64,Month-to-month,Fiber optic,Yes,No,No,Yes,Yes,Yes,Yes,Credit card,No,No,No,No,0
CUST-008079,47,101.56,4664.7,One year,Fiber optic,No,No,No,No,No,Yes,No,Bank transfer,No,No,No,Yes,0
CUST-008080,20,103.49,2299.17,Month-to-month,Fiber optic,No,No,Yes,Yes,Yes,No,No,Credit card,Yes,No,Yes,Yes,1
CUST-008081,7,104.74,709.92,Month-to-month,Fiber optic,No,No,Yes,Yes,Yes,Yes,No,Credit card,No,No,No,No,1
CUST-008082,37,111.63,4148.32,Month-to-month,Fiber optic,No,Yes,No,Yes,No,Yes,Yes,Electronic check,No,No,No,No,1
CUST-008083,59,81.86,5146.36,One year,DSL,No,No,Yes,Yes,No,Yes,Yes,Bank transfer,Yes,No,No,No,0
CUST-008084,14,118.13,1870.34,One year,Fiber optic,No,Yes,No,Yes,Yes,Yes,Yes,Electronic check,No,No,Yes,No,0
CUST-008085,66,104.12,6890.16,One year,Fiber optic,No,No,Yes,Yes,No,Yes,Yes,Electronic check,No,No,No,No,0
CUST-008086,49,97.33,4696.24,Month-to-month,DSL,No,Yes,Yes,Yes,No,Yes,Yes,Mailed check,Yes,No,No,Yes,0
CUST-008087,14,37.21,611.03,One year,No,No,Yes,Yes,No,No,Yes,Yes,Electronic check,No,No,Yes,Yes,0
CUST-008088,26,39.06,1200.64,One year,No,No,No,Yes,No,Yes,Yes,Yes,Electronic check,No,No,No,No,0
CUST-008089,22,80.49,2122.13,Month-to-month,DSL,Yes,Yes,Yes,Yes,Yes,Yes,No,Credit card,Yes,No,No,No,0
CUST-008090,39,97.05,3718.05,One year,Fiber optic,Yes,No,Yes,No,Yes,Yes,No,Credit card,No,No,Yes,No,0
CUST-008091,66,127.99,8305.34,One year,Fiber optic,Yes,No,No,Yes,Yes,Yes,No,Electronic check,No,No,No,No,0
CUST-008092,23,93.41,2102.53,One year,Fiber optic,Yes,Yes,Yes,No,Yes,Yes,Yes,Mailed check,Yes,No,Yes,Yes,1
CUST-008093,21,97.04,2307.44,Month-to-month,Fiber optic,No,Yes,No,Yes,No,No,No,Bank transfer,No,Yes,Yes,No,1
CUST-008094,54,39.74,2077.86,Two year,DSL,No,Yes,No,No,No,No,No,Mailed check,Yes,No,Yes,No,0
CUST-008095,9,70.16,660.21,Month-to-month,DSL,No,Yes,No,No,Yes,Yes,No,Bank transfer,No,No,No,No,1
CUST-008096,66,79.3,4998.86,Month-to-month,No,Yes,Yes,Yes,No,Yes,No,No,Electronic check,No,No,Yes,Yes,1
CUST-008097,55,29.47,1678.97,Two year,No,No,No,No,No,Yes,Yes,No,Mailed check,Yes,No,No,Yes,0
CUST-008098,30,91.9,2831.18,Month-to-month,Fiber optic,No,No,Yes,No,No,Yes,Yes,Credit card,Yes,No,Yes,No,1
CUST-008099,6,98.73,681.74,Month-to-month,Fiber optic,No,Yes,No,No,Yes,Yes,No,Electronic check,Yes,No,No,Yes,1
CUST-008100,53,109.22,5633.84,Month-to-month,Fiber optic,Yes,Yes,Yes,No,No,Yes,Yes,Credit card,No,No,No,Yes,0
CUST-008101,2,104.44,230.59,Month-to-month,Fiber optic,No,No,No,Yes,Yes,Yes,No,Bank transfer,Yes,No,No,Yes,1
CUST-008102,24,99.96,2518.92,Month-to-month,Fiber optic,No,Yes,No,Yes,No,No,Yes,Credit card,No,No,No,Yes,1
CUST-008103,42,83.72,3952.83,Month-to-month,DSL,No,No,Yes,Yes,No,Yes,No,Credit card,No,No,Yes,No,0
CUST-008104,15,93.68,1617.37,Two year,Fiber optic,Yes,No,No,No,No,Yes,No,Mailed check,No,No,No,No,0
CUST-008105,0,81.46,0.0,Month-to-month,DSL,No,No,Yes,No,Yes,Yes,No,Bank transfer,No,Yes,No,No,0
CUST-008106,8,70.51,272.24,Month-to-month,DSL,Yes,No,No,No,No,Yes,Yes,Electronic check,Yes,No,No,No,0
CUST-008107,12,98.86,1216.3,Month-to-month,Fiber optic,No,No,No,Yes,Yes,Yes,No,Credit card,Yes,No,No,Yes,1
CUST-008108,48,90.97,4589.99,Month-to-month,Fiber optic,No,No,No,No,No,Yes,Yes,Credit card,No,No,No,No,1
CUST-008109,41,76.56,3183.93,Month-to-month,Fiber optic,No,Yes,No,No,Yes,No,No,Credit card,Yes,No,Yes,No,0
CUST-008110,65,72.75,4682.53,Month-to-month,DSL,No,Yes,Yes,No,Yes,Yes,No,Mailed check,No,Yes,Yes,Yes,0
CUST-008111,6,72.03,609.27,Month-to-month,DSL,No,Yes,No,No,Yes,Yes,Yes,Credit card,No,No,Yes,Yes,0
CUST-008112,22,99.54,2060.27,Month-to-month,Fiber optic,No,Yes,No,No,Yes,Yes,No,Bank transfer,No,No,Yes,Yes,0
CUST-008113,57,98.03,5640.86,One year,Fiber optic,Yes,No,Yes,No,No,Yes,No,Electronic check,No,Yes,Yes,No,0
CUST-008114,32,62.49,2138.17,One year,DSL,No,No,No,No,Yes,Yes,Yes,Electronic check,Yes,No,Yes,Yes,1
CUST-008115,56,36.95,2229.97,Month-to-month,No,No,Yes,No,No,Yes,Yes,No,Electronic check,No,No,Yes,Yes,0
CUST-008116,35,135.45,4698.32,Month-to-month,Fiber optic,No,Yes,Yes,Yes,No,Yes,Yes,Bank transfer,No,Yes,No,No,1
CUST-008117,63,95.21,5959.03,One year,Fiber optic,No,No,No,No,No,Yes,No,Mailed check,No,No,Yes,No,1
CUST-008118,17,58.31,704.09,Two year,No,No,Yes,Yes,No,No,No,Yes,Credit card,No,No,Yes,No,0
CUST-008119,42,39.11,1831.09,Month-to-month,No,Yes,No,No,Yes,Yes,Yes,Yes,Mailed check,Yes,No,Yes,Yes,0
CUST-008120,63,127.83,8366.03,Month-to-month,Fiber optic,No,No,No,Yes,No,Yes,No,Credit card,Yes,No,Yes,No,1
CUST-008121,70,59.76,4165.22,Month-to-month,DSL,No,No,Yes,Yes,Yes,Yes,No,Electronic check,No,No,Yes,No,1
CUST-008122,45,55.48,2653.81,One year,No,No,No,No,No,Yes,Yes,No,Electronic check,No,No,Yes,No,0
CUST-008123,12,126.91,1551.56,Month-to-month,Fiber optic,Yes,Yes,Yes,No,Yes,Yes,No,Electronic check,Yes,No,No,No,1
CUST-008124,55,53.24,3121.12,Month-to-month,No,No,Yes,Yes,No,Yes,No,No,Electronic check,No,No,Yes,No,0
CUST-008125,14,114.09,1359.9,Two year,Fiber optic,Yes,No,Yes,Yes,No,Yes,Yes,Credit card,Yes,Yes,No,No,0
CUST-008126,41,77.55,3096.48,Month-to-month,Fiber optic,No,Yes,No,No,No,Yes,No,Electronic check,Yes,No,No,No,1
CUST-008127,13,72.07,1172.13,One year,DSL,Yes,No,No,Yes,No,No,Yes,Mailed check,Yes,No,No,No,0
CUST-008128,43,81.64,3391.4,Month-to-month,DSL,Yes,No,No,Yes,Yes,Yes,Yes,Bank transfer,Yes,No,No,No,0
CUST-008129,52,106.18,5464.46,Two year,Fiber optic,Yes,Yes,No,No,Yes,Yes,Yes,Electronic check,Yes,Yes,Yes,No,0
CUST-008130,51,118.61,5977.82,Month-to-month,Fiber optic,Yes,Yes,No,Yes,Yes,Yes,No,Credit card,No,Yes,Yes,No,1
CUST-008131,46,77.32,3288.7,One year,No,Yes,No,Yes,Yes,Yes,Yes,Yes,Bank transfer,No,Yes,Yes,No,0
CUST-008132,70,81.3,5869.48,Month-to-month,DSL,Yes,Yes,No,No,No,Yes,Yes,Bank transfer,Yes,No,Yes,No,1
CUST-008133,68,52.26,3456.9,Month-to-month,DSL,No,No,No,No,No,Yes,No,Credit card,Yes,No,No,Yes,0
CUST-008134,58,32.91,1711.23,One year,No,No,Yes,Yes,No,No,Yes,Yes,Mailed check,No,No,No,No,0
CUST-008135,42,103.45,4047.86,Month-to-month,Fiber optic,No,Yes,No,No,No,Yes,Yes,Bank transfer,Yes,No,No,Yes,0
CUST-008136,48,93.96,4318.97,One year,Fiber optic,No,No,No,Yes,No,Yes,No,Mailed check,No,No,No,Yes,0
CUST-008137,10,79.65,1032.7,Month-to-month,DSL,Yes,No,No,Yes,No,Yes,Yes,Bank transfer,No,Yes,No,No,1
CUST-008138,57,62.04,3716.93,Two year,No,Yes,Yes,Yes,Yes,Yes,Yes,No,Credit card,No,No,No,No,0
CUST-008139,18,61.4,1085.2,Two year,DSL,No,No,No,No,Yes,No,Yes,Mailed check,No,No,No,No,0
CUST-008140,33,50.25,1631.14,Month-to-month,No,Yes,No,Yes,Yes,Yes,Yes,Yes,Electronic check,Yes,No,Yes,No,1
CUST-008141,47,92.72,4247.26,Month-to-month,Fiber optic,No,No,No,Yes,No,Yes,No,Bank transfer,No,No,No,No,1
CUST-008142,67,75.01,5001.57,One year,No,No,No,No,Yes,Yes,Yes,Yes,Credit card,Yes,No,Yes,No,0
CUST-008143,9,110.44,1171.12,One year,Fiber optic,Yes,Yes,Yes,No,No,Yes,Yes,Electronic check,Yes,No,Yes,Yes,1
CUST-008144,15,92.04,1328.38,Month-to-month,DSL,Yes,Yes,Yes,Yes,Yes,Yes,Yes,Bank transfer,Yes,Yes,Yes,Yes,0
CUST-008145,71,90.53,6658.92,Month-to-month,DSL,Yes,No,Yes,Yes,Yes,Yes,No,Mailed check,Yes,No,No,Yes,0
CUST-008146,41,54.72,2086.87,Month-to-month,DSL,No,No,No,No,Yes,Yes,No,Electronic check,Yes,No,No,No,0
CUST-008147,70,107.98,7231.41,Two year,Fiber optic,Yes,No,Yes,Yes,Yes,Yes,No,Bank transfer,Yes,No,No,No,0
CUST-008148,66,56.46,3934.89,Month-to-month,DSL,No,No,Yes,Yes,Yes,Yes,No,Bank transfer,Yes,Yes,No,Yes,0
CUST-008149,50,82.3,3840.33,Month-to-month,DSL,Yes,Yes,Yes,Yes,Yes,Yes,No,Electronic check,No,No,No,No,1
CUST-008150,7,113.43,742.56,Month-to-month,Fiber optic,No,Yes,Yes,Yes,No,Yes,No,Bank transfer,Yes,No,Yes,Yes,0
CUST-008151,10,93.3,766.44,Month-to-month,Fiber optic,No,No,No,Yes,No,Yes,Yes,Electronic check,Yes,No,No,Yes,1
CUST-008152,15,101.01,1756.09,Month-to-month,Fiber optic,Yes,Yes,No,No,No,Yes,No,Electronic check,No,No,No,Yes,0
CUST-008153,72,43.46,2986.0,One year,No,No,No,Yes,No,No,Yes,Yes,Credit card,No,No,No,Yes,0
CUST-008154,32,105.47,3401.55,Two year,Fiber optic,Yes,Yes,Yes,No,No,Yes,Yes,Bank transfer,No,Yes,No,Yes,1
CUST-008155,50,90.08,4534.12,One year,Fiber optic,No,No,No,No,Yes,Yes,Yes,Credit card,Yes,No,No,No,0
CUST-008156,66,41.13,2617.51,Month-to-month,No,No,Yes,No,No,Yes,Yes,Yes,Bank transfer,Yes,No,Yes,No,0
CUST-008157,5,86.68,215.71,Month-to-month,Fiber optic,No,Yes,No,No,No,Yes,Yes,Mailed check,No,No,No,No,1
CUST-008158,27,89.49,2357.02,Month-to-month,DSL,Yes,Yes,Yes,No,Yes,Yes,Yes,Electronic check,Yes,No,No,Yes,0
CUST-008159,3,119.09,537.9,One year,Fiber optic,Yes,Yes,Yes,No,No,No,Yes,Electronic check,Yes,No,No,Yes,0
CUST-008160,32,40.85,1379.02,Month-to-month,No,No,Yes,No,Yes,No,Yes,Yes,Credit card,No,Yes,Yes,No,0
CUST-008161,18,78.84,1496.26,Month-to-month,No,Yes,Yes,Yes,Yes,Yes,Yes,Yes,Credit card,Yes,No,No,No,1
CUST-008162,7,48.12,289.54,Month-to-month,DSL,No,No,Yes,Yes,No,No,No,Mailed check,Yes,Yes,Yes,No,0
CUST-008163,16,95.44,1340.43,Month-to-month,Fiber optic,No,No,No,Yes,No,Yes,Yes,Credit card,Yes,No,No,No,0
CUST-008164,71,75.86,5446.25,Month-to-month,Fiber optic,No,No,No,No,No,Yes,Yes,Credit card,Yes,No,Yes,No,0
CUST-008165,13,81.84,1308.39,Month-to-month,DSL,No,No,No,Yes,No,Yes,No,Bank transfer,Yes,No,No,No,1
CUST-008166,56,107.37,6134.1,Month-to-month,Fiber optic,No,Yes,Yes,No,No,Yes,No,Mailed check,Yes,No,Yes,No,1
CUST-008167,21,105.46,2357.48,Month-to-month,Fiber optic,No,No,No,Yes,Yes,Yes,Yes,Credit card,Yes,No,No,No,0
CUST-008168,45,112.36,5146.93,Month-to-month,Fiber optic,No,No,No,Yes,Yes,Yes,No,Bank transfer,Yes,Yes,Yes,No,0
CUST-008169,18,80.85,1560.6,Month-to-month,DSL,No,Yes,Yes,No,No,Yes,No,Electronic check,Yes,No,No,No,0
CUST-008170,48,64.84,3425.58,Month-to-month,DSL,Yes,No,Yes,No,No,Yes,Yes,Mailed check,Yes,No,Yes,No,0
CUST-008171,12,102.14,1227.99,Month-to-month,Fiber optic,No,No,Yes,Yes,No,Yes,Yes,Mailed check,No,No,No,Yes,1
CUST-008172,46,108.17,4832.41,One year,Fiber optic,No,No,No,Yes,Yes,Yes,No,Bank transfer,No,No,No,No,1
CUST-008173,67,108.45,7257.67,Two year,Fiber optic,No,Yes,Yes,No,No,Yes,No,Electronic check,Yes,No,Yes,No,1
CUST-008174,60,84.22,4952.5,Month-to-month,Fiber optic,No,No,No,No,Yes,Yes,No,Credit card,No,No,No,No,1
CUST-008175,51,46.32,2117.44,Month-to-month,No,No,No,Yes,Yes,No,Yes,No,Mailed check,No,No,No,No,0
CUST-008176,32,69.44,2195.36,Month-to-month,No,Yes,No,Yes,Yes,No,Yes,No,Bank transfer,Yes,No,Yes,No,0
CUST-008177,3,42.42,0.0,One year,No,No,Yes,No,No,No,Yes,No,Credit card,No,No,Yes,Yes,0
CUST-008178,67,101.09,7101.06,Month-to-month,Fiber optic,Yes,No,No,Yes,Yes,No,No,Mailed check,Yes,No,Yes,No,1
CUST-008179,8,89.83,762.23,Month-to-month,DSL,No,Yes,Yes,Yes,Yes,Yes,No,Credit card,Yes,No,Yes,No,0
CUST-008180,18,34.93,584.41,Month-to-month,No,Yes,Yes,Yes,No,Yes,Yes,No,Bank transfer,Yes,No,No,Yes,0
CUST-008181,16,57.37,1144.96,One year,No,Yes,Yes,No,Yes,Yes,Yes,Yes,Electronic check,No,No,No,No,0
CUST-008182,14,84.01,1306.92,Month-to-month,DSL,No,Yes,No,Yes,No,Yes,No,Mailed check,No,No,Yes,No,1
CUST-008183,3,70.94,24.5,Month-to-month,No,Yes,No,No,Yes,No,Yes,Yes,Credit card,Yes,No,No,No,0
CUST-008184,62,92.45,5590.8,Two year,DSL,Yes,No,Yes,No,Yes,Yes,No,Bank transfer,Yes,No,No,Yes,0
CUST-008185,46,37.26,1754.31,Two year,No,Yes,No,No,No,Yes,Yes,Yes,Bank transfer,Yes,No,No,No,0
CUST-008186,27,91.51,2442.38,Two year,Fiber optic,No,No,No,Yes,No,Yes,No,Electronic check,Yes,Yes,Yes,Yes,1
CUST-008187,69,96.77,6642.6,Month-to-month,Fiber optic,No,No,No,Yes,No,No,No,Bank transfer,No,No,Yes,No,1
CUST-008188,21,84.18,1661.66,Month-to-month,DSL,No,No,No,Yes,No,Yes,No,Electronic check,Yes,No,Yes,No,1
CUST-008189,50,71.38,3660.68,Month-to-month,DSL,Yes,Yes,No,Yes,No,Yes,No,Electronic check,No,No,No,No,0
CUST-008190,10,62.71,574.18,Month-to-month,DSL,No,Yes,Yes,No,Yes,Yes,No,Electronic check,Yes,No,No,No,0
CUST-008191,22,114.09,2573.87,Two year,Fiber optic,Yes,Yes,Yes,Yes,No,No,Yes,Credit card,No,Yes,Yes,No,0
CUST-008192,60,49.71,2721.44,Month-to-month,No,No,Yes,Yes,No,No,Yes,No,Mailed check,Yes,No,No,Yes,0
CUST-008193,40,117.6,4728.0,Month-to-month,Fiber optic,Yes,No,Yes,No,Yes,Yes,Yes,Credit card,Yes,No,Yes,Yes,1
CUST-008194,61,102.88,6130.83,Two year,Fiber optic,Yes,Yes,Yes,Yes,No,Yes,No,Bank transfer,No,No,Yes,Yes,0
CUST-008195,68,75.37,5315.27,One year,DSL,Yes,No,No,Yes,No,Yes,Yes,Electronic check,No,No,No,No,0
CUST-008196,49,117.51,5818.27,Month-to-month,Fiber optic,No,No,Yes,No,Yes,Yes,No,Credit card,Yes,No,Yes,No,1
CUST-008197,39,74.16,3135.28,Two year,DSL,No,No,Yes,Yes,Yes,Yes,Yes,Credit card,Yes,Yes,Yes,Yes,0
CUST-008198,59,99.56,5746.34,Month-to-month,DSL,Yes,No,Yes,Yes,Yes,Yes,Yes,Bank transfer,Yes,No,Yes,Yes,0
CUST-008199,15,97.13,1344.29,Month-to-month,Fiber optic,No,Yes,Yes,No,Yes,Yes,No,Electronic check,Yes,No,Yes,No,1
CUST-008200,62,44.14,2799.62,Month-to-month,No,No,Yes,No,No,No,Yes,No,Electronic check,No,Yes,No,No,0
CUST-008201,61,98.37,5974.22,Month-to-month,Fiber optic,No,No,Yes,No,No,Yes,No,Credit card,Yes,Yes,Yes,No,0
CUST-008202,2,94.53,31.0,Month-to-month,DSL,Yes,No,No,Yes,Yes,Yes,No,Mailed check,No,No,No,Yes,0
CUST-008203,29,37.4,1265.44,Month-to-month,No,No,No,Yes,Yes,No,Yes,Yes,Electronic check,Yes,No,No,No,0
CUST-008204,40,62.19,2465.15,Month-to-month,No,Yes,Yes,No,Yes,Yes,No,No,Electronic check,Yes,No,Yes,No,0
CUST-008205,14,83.65,1090.74,Month-to-month,DSL,Yes,Yes,No,Yes,No,Yes,No,Credit card,No,Yes,Yes,No,0
CUST-008206,58,71.42,3917.42,Month-to-month,DSL,No,No,No,Yes,Yes,Yes,No,Credit card,No,No,No,No,1
CUST-008207,11,116.02,1167.88,One year,Fiber optic,No,Yes,No,Yes,Yes,Yes,No,Credit card,No,No,No,No,0
CUST-008208,62,98.07,5906.58,Month-to-month,Fiber optic,No,Yes,No,Yes,No,Yes,Yes,Electronic check,Yes,No,No,No,1
CUST-008209,48,67.98,3096.19,Month-to-month,DSL,Yes,No,No,No,Yes,Yes,No,Electronic check,Yes,No,Yes,Yes,0
CUST-008210,47,103.85,5106.92,Month-to-month,Fiber optic,Yes,Yes,No,Yes,Yes,Yes,No,Mailed check,Yes,Yes,No,No,1
CUST-008211,48,109.54,5188.0,Month-to-month,Fiber optic,Yes,Yes,Yes,No,No,Yes,No,Bank transfer,No,No,Yes,No,1
CUST-008212,28,73.28,1959.15,Month-to-month,DSL,No,No,No,No,Yes,Yes,No,Credit card,Yes,No,No,No,1
CUST-008213,20,55.98,1229.34,Month-to-month,DSL,No,Yes,No,No,No,Yes,No,Mailed check,Yes,Yes,Yes,No,0
CUST-008214,52,82.43,4153.24,Two year,Fiber optic,Yes,No,No,No,No,Yes,No,Mailed check,No,No,No,No,0
CUST-008215,38,99.72,3806.55,Month-to-month,DSL,Yes,No,Yes,Yes,Yes,Yes,Yes,Bank transfer,Yes,No,No,No,0
CUST-008216,51,80.16,3889.39,Month-to-month,DSL,No,Yes,No,Yes,Yes,Yes,No,Mailed check,Yes,No,Yes,No,1
CUST-008217,70,101.01,6896.64,Month-to-month,Fiber optic,Yes,No,Yes,No,Yes,No,Yes,Bank transfer,Yes,No,Yes,No,1
CUST-008218,12,106.85,1183.86,Two year,Fiber optic,No,No,No,Yes,Yes,Yes,No,Electronic check,Yes,No,Yes,No,0
CUST-008219,63,83.76,5549.11,Two year,DSL,Yes,No,Yes,No,Yes,Yes,Yes,Mailed check,No,No,No,No,0
CUST-008220,18,38.95,852.29,Two year,No,Yes,No,Yes,No,No,Yes,No,Credit card,Yes,No,Yes,Yes,0
CUST-008221,14,116.25,1526.16,Two year,Fiber optic,Yes,No,Yes,No,Yes,Yes,No,Electronic check,Yes,No,Yes,No,0
CUST-008222,32,84.12,2573.37,Two year,DSL,Yes,Yes,No,Yes,Yes,No,No,Credit card,No,No,Yes,Yes,0
CUST-008223,50,125.3,6219.68,One year,Fiber optic,Yes,Yes,Yes,Yes,Yes,Yes,Yes,Credit card,Yes,No,No,No,0
CUST-008224,65,49.78,3176.27,Two year,No,No,No,Yes,No,Yes,Yes,Yes,Electronic check,Yes,No,No,No,0
CUST-008225,14,36.28,764.03,One year,No,No,No,No,No,No,Yes,Yes,Mailed check,No,No,No,Yes,0
CUST-008226,25,85.57,2272.75,Month-to-month,DSL,No,Yes,Yes,No,Yes,Yes,Yes,Bank transfer,Yes,Yes,No,Yes,0
CUST-008227,0,69.7,0.0,Month-to-month,DSL,No,No,Yes,No,No,Yes,No,Bank transfer,Yes,Yes,Yes,No,1
CUST-008228,33,45.03,1557.01,Month-to-month,No,Yes,No,No,No,Yes,Yes,No,Bank transfer,No,No,No,Yes,0
CUST-008229,34,77.37,2450.7,Month-to-month,Fiber optic,No,No,Yes,No,No,Yes,No,Electronic check,Yes,No,No,Yes,1
CUST-008230,46,94.19,4471.52,One year,Fiber optic,No,Yes,Yes,No,No,Yes,No,Electronic check,Yes,No,No,No,0
CUST-008231,30,35.96,1118.48,One year,No,No,Yes,No,No,Yes,Yes,No,Bank transfer,Yes,No,No,No,0
CUST-008232,50,50.5,2478.51,Two year,No,No,Yes,Yes,Yes,Yes,Yes,No,Mailed check,No,No,No,No,0
CUST-008233,56,105.12,5870.5,Month-to-month,Fiber optic,Yes,Yes,No,Yes,No,Yes,Yes,Credit card,Yes,No,No,No,1
CUST-008234,21,118.59,2274.04,Month-to-month,Fiber optic,Yes,No,No,Yes,No,Yes,Yes,Credit card,Yes,Yes,No,No,1
CUST-008235,14,120.23,1857.49,One year,Fiber optic,Yes,Yes,Yes,Yes,Yes,Yes,Yes,Credit card,Yes,No,No,Yes,0
CUST-008236,5,74.97,167.18,Month-to-month,DSL,No,No,Yes,Yes,Yes,Yes,No,Electronic check,Yes,No,Yes,No,1
CUST-008237,28,100.35,2499.37,Month-to-month,Fiber optic,No,Yes,No,No,Yes,Yes,No,Electronic check,No,Yes,No,No,1
CUST-008238,63,66.68,4325.34,Month-to-month,DSL,No,No,No,Yes,Yes,Yes,Yes,Mailed check,No,No,Yes,No,0
CUST-008239,29,96.62,2903.22,Month-to-month,Fiber optic,No,No,Yes,Yes,No,Yes,Yes,Credit card,No,No,No,No,1
CUST-008240,4,89.29,383.34,Month-to-month,Fiber optic,No,No,Yes,No,No,No,No,Mailed check,No,No,No,No,1
CUST-008241,1,70.17,0.63,One year,DSL,Yes,No,No,Yes,Yes,Yes,No,Electronic check,Yes,Yes,No,No,1
CUST-008242,69,84.2,5865.98,Month-to-month,DSL,Yes,Yes,Yes,Yes,No,No,No,Credit card,Yes,No,No,No,1
CUST-008243,54,70.05,3836.45,Month-to-month,DSL,Yes,No,No,No,No,No,Yes,Credit card,Yes,No,No,No,1
CUST-008244,22,85.44,1887.52,Two year,Fiber optic,Yes,No,No,Yes,No,Yes,No,Bank transfer,Yes,Yes,Yes,No,0
CUST-008245,70,79.55,5670.26,Two year,DSL,No,No,Yes,Yes,Yes,Yes,Yes,Electronic check,Yes,No,Yes,No,0
CUST-008246,21,86.01,1804.73,Month-to-month,Fiber optic,Yes,No,No,No,No,Yes,No,Electronic check,Yes,No,No,No,1
CUST-008247,4,108.1,289.36,Two year,Fiber optic,No,Yes,Yes,Yes,Yes,Yes,Yes,Electronic check,No,No,No,No,1
CUST-008248,25,99.82,2387.35,Month-to-month,Fiber optic,No,No,No,Yes,Yes,No,No,Bank transfer,No,No,No,No,1
CUST-008249,11,111.24,1171.1,Month-to-month,Fiber optic,No,No,No,Yes,Yes,Yes,No,Bank transfer,Yes,No,No,No,0
CUST-008250,4,77.05,140.11,Month-to-month,No,Yes,No,Yes,Yes,Yes,Yes,Yes,Bank transfer,No,No,Yes,No,1
CUST-008251,14,70.54,1051.89,One year,DSL,No,No,Yes,Yes,No,Yes,No,Electronic check,No,No,No,No,0
CUST-008252,52,47.53,2480.03,Month-to-month,No,No,Yes,No,No,Yes,Yes,No,Bank transfer,Yes,Yes,No,No,1
CUST-008253,53,114.89,5811.85,Month-to-month,Fiber optic,No,No,Yes,Yes,Yes,Yes,Yes,Mailed check,Yes,No,No,No,1
CUST-008254,47,122.18,5524.37,Month-to-month,Fiber optic,No,Yes,No,Yes,Yes,Yes,Yes,Mailed check,Yes,No,No,No,0
CUST-008255,29,58.94,1687.29,Month-to-month,No,No,No,Yes,No,Yes,Yes,Yes,Electronic check,Yes,No,No,Yes,0
CUST-008256,11,108.02,1171.69,Month-to-month,Fiber optic,No,No,No,Yes,Yes,Yes,Yes,Electronic check,No,No,No,No,1
CUST-008257,56,109.13,6268.36,Month-to-month,Fiber optic,No,Yes,No,Yes,No,Yes,Yes,Mailed check,No,No,No,No,1
CUST-008258,11,106.72,1296.75,Month-to-month,Fiber optic,Yes,No,Yes,No,Yes,Yes,Yes,Electronic check,No,No,Yes,Yes,1
CUST-008259,19,80.29,1516.22,Month-to-month,DSL,Yes,Yes,Yes,No,Yes,Yes,Yes,Mailed check,Yes,Yes,No,No,1
CUST-008260,50,49.46,2621.4,Month-to-month,DSL,No,No,Yes,No,Yes,Yes,Yes,Electronic check,Yes,No,No,No,0
CUST-008261,64,80.11,5305.15,One year,DSL,Yes,No,Yes,No,Yes,Yes,No,Credit card,Yes,No,Yes,No,0
CUST-008262,68,106.79,7291.18,One year,Fiber optic,No,Yes,No,Yes,Yes,Yes,No,Mailed check,Yes,No,No,No,0
CUST-008263,21,79.91,1774.29,One year,DSL,Yes,Yes,Yes,No,Yes,Yes,No,Mailed check,Yes,Yes,No,Yes,0
CUST-008264,24,68.79,1598.28,Two year,DSL,Yes,No,No,No,Yes,Yes,No,Bank transfer,Yes,No,No,Yes,1
CUST-008265,61,55.63,3735.42,Two year,No,Yes,No,No,Yes,No,No,Yes,Bank transfer,Yes,Yes,No,No,0
CUST-008266,58,112.94,6727.49,Month-to-month,Fiber optic,No,Yes,Yes,Yes,No,Yes,Yes,Credit card,Yes,No,Yes,No,1
CUST-008267,61,41.38,2353.61,Month-to-month,No,Yes,Yes,No,Yes,No,Yes,No,Electronic check,Yes,No,No,No,1
CUST-008268,38,141.92,5371.05,One year,Fiber optic,Yes,No,No,Yes,Yes,Yes,No,Electronic check,Yes,Yes,Yes,No,1
CUST-008269,27,112.58,3481.25,One year,Fiber optic,No,No,No,No,Yes,Yes,Yes,Electronic check,No,No,No,No,1
CUST-008270,6,70.87,509.4,Month-to-month,DSL,No,Yes,Yes,Yes,No,Yes,Yes,Bank transfer,No,No,No,No,0
CUST-008271,28,114.61,3371.36,Two year,Fiber optic,Yes,Yes,Yes,No,Yes,Yes,No,Electronic check,Yes,No,Yes,Yes,0
CUST-008272,1,111.45,0.0,One year,Fiber optic,No,No,No,Yes,Yes,Yes,No,Credit card,No,No,Yes,No,1
CUST-008273,56,116.13,6478.56,Month-to-month,Fiber optic,No,No,No,Yes,No,Yes,Yes,Mailed check,Yes,No,No,No,1
CUST-008274,56,63.35,3759.56,Month-to-month,DSL,No,No,Yes,Yes,No,Yes,Yes,Electronic check,Yes,No,No,No,0
CUST-008275,63,78.18,5008.81,One year,No,Yes,Yes,Yes,Yes,Yes,Yes,Yes,Credit card,No,No,Yes,No,0
CUST-008276,61,39.24,2745.66,One year,No,No,No,No,No,No,Yes,Yes,Electronic check,No,No,Yes,No,0
CUST-008277,37,63.85,2124.7,Month-to-month,Fiber optic,No,No,No,No,No,Yes,No,Credit card,Yes,No,Yes,No,0
CUST-008278,38,117.62,4349.74,Two year,Fiber optic,No,Yes,Yes,Yes,Yes,Yes,No,Bank transfer,No,No,No,Yes,1
CUST-008279,8,106.25,822.61,Two year,Fiber optic,No,No,Yes,Yes,No,No,Yes,Bank transfer,Yes,No,No,No,0
CUST-008280,41,96.42,3984.54,Two year,DSL,Yes,Yes,No,No,Yes,Yes,Yes,Credit card,No,No,No,No,0
CUST-008281,58,94.27,5131.72,Month-to-month,Fiber optic,Yes,No,Yes,No,No,Yes,No,Electronic check,No,No,No,No,1
CUST-008282,34,116.4,3753.23,Month-to-month,Fiber optic,Yes,No,No,Yes,Yes,Yes,No,Bank transfer,No,Yes,Yes,No,1
CUST-008283,54,94.14,5179.0,Month-to-month,Fiber optic,No,Yes,Yes,No,No,Yes,No,Bank transfer,No,No,Yes,No,0
CUST-008284,15,64.66,1128.36,One year,No,No,Yes,Yes,No,Yes,Yes,Yes,Electronic check,Yes,No,Yes,No,0
CUST-008285,45,99.18,4554.77,Month-to-month,Fiber optic,No,Yes,No,No,Yes,Yes,No,Bank transfer,Yes,No,No,Yes,0
CUST-008286,46,60.11,2768.74,Month-to-month,DSL,No,Yes,No,No,Yes,No,No,Credit card,No,No,Yes,No,0
CUST-008287,48,86.07,4063.14,Month-to-month,DSL,No,No,Yes,Yes,No,Yes,No,Credit card,Yes,Yes,No,Yes,0
CUST-008288,27,114.4,3204.03,Month-to-month,Fiber optic,Yes,Yes,Yes,Yes,No,Yes,Yes,Electronic check,Yes,No,No,No,1
CUST-008289,44,73.03,3322.12,Month-to-month,DSL,No,Yes,Yes,No,No,Yes,No,Credit card,Yes,No,Yes,No,0
CUST-008290,12,96.04,925.72,Month-to-month,Fiber optic,No,No,Yes,No,No,Yes,Yes,Credit card,Yes,No,Yes,No,1
CUST-008291,36,72.98,2934.16,Month-to-month,DSL,No,No,No,Yes,No,Yes,No,Electronic check,Yes,No,No,No,1
CUST-008292,27,52.07,1383.27,One year,No,Yes,No,Yes,Yes,No,Yes,No,Credit card,No,No,Yes,No,0
CUST-008293,37,78.01,2773.03,Month-to-month,DSL,Yes,Yes,Yes,Yes,No,Yes,No,Bank transfer,Yes,No,Yes,No,0
CUST-008294,43,107.92,4514.65,Two year,Fiber optic,No,No,Yes,No,Yes,Yes,No,Credit card,Yes,No,No,No,0
CUST-008295,36,100.22,3641.13,Two year,Fiber optic,No,Yes,No,Yes,No,No,Yes,Mailed check,No,Yes,No,Yes,0
CUST-008296,2,95.64,230.18,Month-to-month,Fiber optic,No,No,No,Yes,No,Yes,Yes,Credit card,Yes,Yes,No,Yes,1
CUST-008297,15,89.01,1511.33,One year,Fiber optic,No,Yes,Yes,Yes,No,Yes,No,Mailed check,No,No,Yes,No,1
CUST-008298,70,54.23,3451.68,One year,No,No,No,Yes,No,Yes,Yes,Yes,Bank transfer,No,No,No,No,0
CUST-008299,69,59.52,4513.6,One year,DSL,No,No,No,Yes,Yes,Yes,No,Electronic check,No,No,Yes,No,0
CUST-008300,31,67.22,1948.01,Month-to-month,No,Yes,Yes,Yes,Yes,No,Yes,No,Credit card,Yes,No,No,No,1
CUST-008301,3,144.07,409.29,One year,Fiber optic,Yes,Yes,No,Yes,No,Yes,Yes,Electronic check,No,No,No,No,1
CUST-008302,35,59.0,2213.6,Month-to-month,No,No,No,Yes,Yes,Yes,Yes,No,Credit card,Yes,No,Yes,No,0
CUST-008303,47,78.26,3746.23,Two year,DSL,Yes,Yes,No,No,Yes,Yes,No,Mailed check,Yes,No,Yes,No,0
CUST-008304,35,108.22,3706.5,Month-to-month,Fiber optic,No,No,No,Yes,Yes,Yes,No,Electronic check,No,No,No,No,1
CUST-008305,49,110.94,5296.94,One year,Fiber optic,Yes,Yes,Yes,No,Yes,Yes,Yes,Electronic check,No,No,No,No,0
CUST-008306,15,90.9,1237.1,One year,DSL,Yes,No,Yes,No,Yes,Yes,Yes,Electronic check,Yes,No,Yes,No,1
CUST-008307,2,101.98,125.12,Month-to-month,Fiber optic,No,Yes,No,No,No,Yes,Yes,Bank transfer,Yes,No,Yes,Yes,1
CUST-008308,35,66.73,2378.28,One year,No,Yes,Yes,Yes,Yes,No,Yes,Yes,Mailed check,No,No,Yes,No,0
CUST-008309,55,83.01,4596.94,Month-to-month,Fiber optic,No,No,Yes,No,No,Yes,No,Mailed check,No,No,Yes,No,0
CUST-008310,28,71.15,1945.45,Two year,DSL,Yes,No,No,Yes,No,Yes,No,Bank transfer,Yes,Yes,No,No,0
CUST-008311,27,70.86,1801.72,Month-to-month,DSL,No,Yes,Yes,No,No,Yes,Yes,Bank transfer,Yes,No,No,No,0
CUST-008312,23,40.37,998.6,Month-to-month,No,No,No,No,No,No,Yes,No,Electronic check,Yes,No,Yes,No,1
CUST-008313,57,74.76,4050.38,One year,No,Yes,No,No,Yes,Yes,Yes,Yes,Bank transfer,No,No,No,No,0
CUST-008314,45,82.23,3780.14,One year,DSL,Yes,Yes,No,Yes,Yes,Yes,No,Credit card,No,No,Yes,No,0
CUST-008315,20,30.61,683.97,Month-to-month,No,No,No,No,Yes,No,Yes,Yes,Bank transfer,Yes,Yes,No,No,1
CUST-008316,45,71.61,3347.04,Month-to-month,DSL,No,Yes,Yes,No,No,Yes,Yes,Mailed check,Yes,No,Yes,No,0
CUST-008317,72,101.83,7475.6,Month-to-month,Fiber optic,Yes,No,Yes,Yes,No,Yes,No,Electronic check,No,No,Yes,No,1
CUST-008318,34,103.97,3486.72,Month-to-month,Fiber optic,No,No,Yes,No,Yes,Yes,Yes,Bank transfer,Yes,No,No,No,1
CUST-008319,5,93.29,379.79,Month-to-month,Fiber optic,No,Yes,Yes,No,No,Yes,Yes,Credit card,Yes,No,No,Yes,1
CUST-008320,62,95.76,5831.65,Two year,Fiber optic,No,No,Yes,No,Yes,Yes,No,Mailed check,No,No,No,No,0
CUST-008321,72,83.66,5897.26,Month-to-month,DSL,No,Yes,Yes,Yes,No,Yes,Yes,Credit card,Yes,No,No,No,0
CUST-008322,38,75.33,2940.32,Two year,DSL,Yes,Yes,No,Yes,No,Yes,No,Mailed check,Yes,No,No,No,0
CUST-008323,15,114.71,1951.21,One year,Fiber optic,Yes,No,No,Yes,No,Yes,Yes,Electronic check,No,No,Yes,No,1
CUST-008324,58,26.04,1612.78,Month-to-month,No,No,Yes,Yes,No,No,Yes,No,Bank transfer,No,No,Yes,No,1
CUST-008325,13,122.21,1558.1,Month-to-month,Fiber optic,No,Yes,Yes,Yes,Yes,Yes,Yes,Credit card,Yes,No,Yes,No,1
CUST-008326,38,59.28,2063.49,Month-to-month,DSL,Yes,No,No,No,No,No,Yes,Electronic check,Yes,No,Yes,Yes,0
CUST-008327,5,84.03,451.93,Month-to-month,Fiber optic,No,Yes,No,No,No,Yes,Yes,Bank transfer,No,No,Yes,Yes,1
CUST-008328,33,65.9,2114.23,Month-to-month,DSL,Yes,No,Yes,No,Yes,No,No,Bank transfer,Yes,No,Yes,No,1
CUST-008329,4,100.04,314.18,Two year,Fiber optic,No,No,No,Yes,No,Yes,Yes,Electronic check,Yes,No,Yes,No,1
CUST-008330,57,106.85,5944.86,Month-to-month,Fiber optic,No,No,Yes,Yes,Yes,Yes,Yes,Bank transfer,Yes,No,No,No,1
CUST-008331,15,132.48,2064.67,Two year,Fiber optic,No,Yes,Yes,Yes,Yes,Yes,Yes,Mailed check,Yes,No,No,Yes,0
CUST-008332,39,53.69,1877.59,Month-to-month,No,Yes,Yes,No,No,No,Yes,Yes,Credit card,No,No,No,Yes,0
CUST-008333,65,97.82,6438.2,Month-to-month,Fiber optic,Yes,Yes,No,No,No,Yes,Yes,Mailed check,Yes,No,Yes,No,0
CUST-008334,68,121.19,8250.66,One year,Fiber optic,No,Yes,Yes,Yes,No,Yes,Yes,Bank transfer,Yes,No,No,Yes,0
CUST-008335,64,60.54,3858.45,Month-to-month,No,No,No,No,Yes,No,Yes,Yes,Electronic check,No,Yes,Yes,No,0
CUST-008336,53,129.0,6893.57,Month-to-month,Fiber optic,Yes,Yes,Yes,Yes,No,No,No,Bank transfer,No,No,No,No,1
CUST-008337,40,130.1,5242.68,Two year,Fiber optic,No,No,Yes,No,Yes,Yes,Yes,Electronic check,Yes,No,No,No,0
CUST-008338,63,53.03,3268.16,Two year,No,Yes,No,No,Yes,No,Yes,Yes,Electronic check,Yes,No,Yes,No,0
CUST-008339,15,72.66,804.53,Month-to-month,DSL,No,No,No,Yes,Yes,Yes,No,Electronic check,No,No,Yes,No,1
CUST-008340,49,70.12,3325.63,One year,DSL,No,No,Yes,No,Yes,Yes,No,Electronic check,Yes,No,Yes,No,0
CUST-008341,23,98.7,2153.74,One year,DSL,No,No,Yes,Yes,Yes,Yes,Yes,Credit card,No,No,Yes,No,0
CUST-008342,49,104.64,5318.7,One year,Fiber optic,Yes,Yes,Yes,No,No,Yes,Yes,Credit card,No,No,Yes,No,0
CUST-008343,56,101.77,5782.46,One year,Fiber optic,Yes,Yes,No,No,No,Yes,Yes,Credit card,No,No,Yes,No,0
CUST-008344,28,30.48,1141.09,One year,No,Yes,Yes,No,Yes,No,Yes,No,Electronic check,Yes,No,Yes,No,0
CUST-008345,55,112.79,6290.76,Month-to-month,Fiber optic,Yes,No,No,Yes,Yes,Yes,No,Electronic check,Yes,No,Yes,No,1
CUST-008346,59,104.94,6306.1,Month-to-month,Fiber optic,No,No,Yes,Yes,No,Yes,No,Bank transfer,No,No,No,Yes,1
CUST-008347,27,126.79,3167.96,One year,Fiber optic,Yes,Yes,Yes,No,Yes,Yes,No,Electronic check,No,Yes,Yes,No,1
CUST-008348,65,41.69,2622.3,Month-to-month,No,Yes,Yes,No,No,Yes,Yes,No,Credit card,No,No,Yes,No,0
CUST-008349,63,67.19,3945.57,One year,DSL,Yes,Yes,No,Yes,No,Yes,Yes,Mailed check,Yes,No,Yes,No,0
CUST-008350,23,110.68,2485.95,Month-to-month,Fiber optic,Yes,No,No,No,Yes,Yes,No,Bank transfer,Yes,No,No,Yes,0
CUST-008351,62,69.78,4438.9,One year,DSL,No,No,No,No,Yes,Yes,Yes,Credit card,No,Yes,Yes,Yes,1
CUST-008352,8,80.91,936.39,One year,DSL,Yes,Yes,Yes,No,Yes,Yes,Yes,Electronic check,Yes,No,No,No,1
CUST-008353,65,111.47,6984.15,Two year,Fiber optic,No,Yes,Yes,Yes,Yes,Yes,Yes,Credit card,Yes,No,No,No,1
CUST-008354,1,125.28,136.96,Month-to-month,Fiber optic,Yes,Yes,No,No,Yes,Yes,No,Electronic check,No,No,No,Yes,1
CUST-008355,3,128.22,453.8,Month-to-month,Fiber optic,No,Yes,No,Yes,Yes,Yes,Yes,Electronic check,No,No,Yes,No,1
CUST-008356,12,83.76,523.58,Month-to-month,DSL,Yes,Yes,Yes,No,Yes,Yes,Yes,Credit card,Yes,No,No,No,1
CUST-008357,24,111.99,2867.86,Month-to-month,Fiber optic,No,Yes,No,Yes,No,Yes,Yes,Bank transfer,No,No,No,No,0
CUST-008358,26,106.62,2346.61,Month-to-month,Fiber optic,Yes,No,No,Yes,Yes,Yes,Yes,Bank transfer,Yes,No,No,No,1
CUST-008359,10,45.68,434.96,Month-to-month,No,No,Yes,Yes,No,No,Yes,No,Bank transfer,Yes,Yes,No,Yes,0
CUST-008360,10,85.04,1021.05,Two year,DSL,No,No,Yes,Yes,Yes,Yes,Yes,Credit card,Yes,No,Yes,No,0
CUST-008361,14,51.95,693.73,Month-to-month,No,No,Yes,Yes,No,Yes,Yes,Yes,Mailed check,No,Yes,No,No,1
CUST-008362,21,69.47,1680.6,Month-to-month,DSL,No,No,Yes,Yes,No,Yes,No,Electronic check,Yes,Yes,No,No,1
CUST-008363,70,101.53,6905.77,Month-to-month,Fiber optic,Yes,No,No,No,No,Yes,Yes,Bank transfer,No,No,No,No,1
CUST-008364,45,115.3,5220.08,Month-to-month,Fiber optic,Yes,Yes,Yes,No,Yes,Yes,No,Mailed check,No,No,Yes,Yes,0
CUST-008365,52,80.76,4045.59,Month-to-month,DSL,Yes,No,Yes,Yes,Yes,Yes,Yes,Electronic check,Yes,No,No,No,0
CUST-008366,8,63.55,432.36,One year,DSL,No,Yes,Yes,Yes,Yes,Yes,No,Electronic check,Yes,No,Yes,No,1
CUST-008367,50,98.87,4884.35,Two year,Fiber optic,No,Yes,Yes,Yes,Yes,Yes,No,Electronic check,Yes,No,No,No,1
CUST-008368,38,39.71,1276.74,Month-to-month,No,No,No,Yes,Yes,No,Yes,Yes,Bank transfer,Yes,No,No,No,0
CUST-008369,54,104.01,5470.64,Month-to-month,Fiber optic,No,No,Yes,No,No,No,Yes,Electronic check,No,No,No,No,0
CUST-008370,63,92.03,5901.29,Month-to-month,Fiber optic,No,Yes,Yes,No,No,Yes,No,Electronic check,Yes,No,No,No,0
CUST-008371,50,139.65,6983.0,Month-to-month,Fiber optic,No,Yes,Yes,Yes,Yes,Yes,Yes,Mailed check,No,No,No,No,1
CUST-008372,11,104.96,1111.85,Two year,Fiber optic,Yes,Yes,Yes,No,Yes,Yes,No,Electronic check,Yes,Yes,Yes,Yes,0
CUST-008373,24,70.14,1589.98,Two year,DSL,No,Yes,Yes,Yes,Yes,No,No,Electronic check,No,No,Yes,No,0
CUST-008374,0,70.94,140.22,One year,DSL,No,No,Yes,Yes,No,No,Yes,Electronic check,Yes,No,Yes,Yes,1
CUST-008375,59,89.2,5330.83,One year,Fiber optic,No,Yes,No,Yes,Yes,Yes,No,Credit card,Yes,No,Yes,Yes,0
CUST-008376,49,93.63,4627.58,Two year,Fiber optic,Yes,No,No,Yes,No,Yes,No,Electronic check,Yes,No,No,No,0
CUST-008377,48,85.01,3997.47,One year,DSL,No,No,No,Yes,No,Yes,Yes,Electronic check,No,No,No,No,0
CUST-008378,2,52.1,195.48,Month-to-month,No,No,No,Yes,No,Yes,Yes,Yes,Electronic check,Yes,No,Yes,Yes,0
CUST-008379,46,113.37,4887.75,One year,Fiber optic,No,Yes,No,No,Yes,Yes,Yes,Electronic check,No,No,Yes,No,0
CUST-008380,51,85.9,4312.32,Two year,DSL,No,No,No,Yes,Yes,Yes,No,Credit card,Yes,No,Yes,No,0
CUST-008381,67,79.87,4981.33,One year,Fiber optic,No,No,Yes,No,Yes,Yes,No,Credit card,No,No,Yes,No,0
CUST-008382,46,69.06,3318.31,Month-to-month,DSL,No,No,Yes,No,No,Yes,Yes,Credit card,Yes,No,No,Yes,1
CUST-008383,23,48.51,1318.66,Month-to-month,No,No,Yes,Yes,No,No,Yes,Yes,Bank transfer,Yes,No,Yes,No,1
CUST-008384,4,90.24,172.47,Month-to-month,DSL,No,Yes,Yes,Yes,Yes,Yes,Yes,Electronic check,Yes,No,Yes,No,1
CUST-008385,61,81.66,4887.84,Month-to-month,DSL,Yes,No,Yes,Yes,No,No,No,Mailed check,Yes,No,Yes,No,1
CUST-008386,51,49.58,2245.36,One year,No,No,No,No,Yes,No,Yes,No,Electronic check,No,No,No,Yes,0
CUST-008387,16,118.57,2044.32,Two year,Fiber optic,Yes,No,No,Yes,Yes,No,No,Bank transfer,Yes,No,No,Yes,0
CUST-008388,53,74.47,3770.39,Month-to-month,DSL,Yes,Yes,No,No,No,Yes,No,Electronic check,No,Yes,No,Yes,1
CUST-008389,26,120.5,2832.89,One year,Fiber optic,Yes,No,No,Yes,Yes,Yes,Yes,Bank transfer,No,No,No,No,0
CUST-008390,37,70.56,2543.85,Two year,DSL,No,No,Yes,No,No,Yes,No,Electronic check,Yes,No,No,No,0
CUST-008391,18,145.0,2578.54,Two year,Fiber optic,Yes,No,No,Yes,Yes,Yes,Yes,Electronic check,Yes,No,No,Yes,1
CUST-008392,72,46.94,3495.64,Month-to-month,No,No,No,No,Yes,No,Yes,No,Bank transfer,No,No,No,No,0
CUST-008393,44,63.61,2792.19,Month-to-month,No,No,Yes,Yes,Yes,Yes,Yes,No,Bank transfer,No,No,Yes,No,0
CUST-008394,14,119.86,1566.52,One year,Fiber optic,No,No,No,Yes,No,Yes,Yes,Electronic check,Yes,No,No,No,0
CUST-008395,47,65.46,3378.15,Month-to-month,DSL,No,Yes,Yes,Yes,No,Yes,No,Bank transfer,Yes,No,No,Yes,1
CUST-008396,59,106.33,6434.1,One year,Fiber optic,Yes,No,No,Yes,Yes,Yes,No,Electronic check,Yes,No,No,No,1
CUST-008397,32,30.55,1065.3,Month-to-month,No,No,No,No,No,Yes,Yes,Yes,Mailed check,No,Yes,Yes,No,0
CUST-008398,47,105.51,4987.03,One year,Fiber optic,No,Yes,No,Yes,Yes,Yes,Yes,Credit card,No,No,No,No,0
CUST-008399,4,64.46,310.4,Month-to-month,DSL,No,No,No,No,Yes,Yes,Yes,Mailed check,Yes,No,No,No,0
CUST-008400,4,64.24,243.36,Month-to-month,No,No,Yes,Yes,Yes,Yes,Yes,Yes,Credit card,Yes,No,Yes,No,0
CUST-008401,13,97.84,1489.7,Two year,Fiber optic,Yes,No,No,No,Yes,Yes,No,Electronic check,Yes,No,Yes,Yes,0
CUST-008402,58,81.91,4776.47,One year,DSL,Yes,Yes,No,No,Yes,Yes,No,Electronic check,Yes,No,No,No,1
CUST-008403,61,101.96,6387.68,Month-to-month,Fiber optic,Yes,Yes,Yes,Yes,No,Yes,No,Credit card,No,No,Yes,No,0
CUST-008404,40,91.37,3755.15,Month-to-month,DSL,No,No,Yes,Yes,No,Yes,Yes,Credit card,Yes,No,No,No,0
CUST-008405,59,84.8,4877.9,Month-to-month,Fiber optic,No,No,No,No,No,Yes,No,Electronic check,Yes,No,Yes,No,1
CUST-008406,18,103.45,1974.97,Month-to-month,Fiber optic,Yes,No,No,No,No,Yes,Yes,Electronic check,No,Yes,No,No,1
CUST-008407,9,78.76,275.67,One year,Fiber optic,No,No,Yes,No,No,Yes,Yes,Electronic check,No,No,No,No,1
CUST-008408,68,99.95,6895.64,Month-to-month,Fiber optic,No,Yes,No,Yes,No,Yes,Yes,Mailed check,No,No,Yes,No,0
CUST-008409,4,98.35,301.63,Month-to-month,Fiber optic,Yes,No,No,Yes,Yes,No,No,Mailed check,Yes,No,Yes,No,0
CUST-008410,46,112.11,5142.33,Two year,Fiber optic,No,Yes,No,No,Yes,Yes,Yes,Mailed check,No,No,Yes,No,0
CUST-008411,5,104.27,690.54,Month-to-month,DSL,Yes,Yes,Yes,Yes,No,Yes,Yes,Electronic check,Yes,No,No,Yes,1
CUST-008412,29,81.51,2142.91,Month-to-month,DSL,Yes,Yes,Yes,No,No,Yes,Yes,Electronic check,Yes,No,Yes,No,1
CUST-008413,69,81.63,5771.74,Month-to-month,DSL,Yes,No,No,Yes,No,Yes,Yes,Mailed check,Yes,Yes,Yes,Yes,0
CUST-008414,57,98.88,5713.45,Month-to-month,Fiber optic,No,Yes,No,No,Yes,Yes,Yes,Electronic check,Yes,No,Yes,Yes,0
CUST-008415,24,74.16,1621.31,One year,No,Yes,No,No,Yes,Yes,Yes,Yes,Bank transfer,Yes,No,Yes,No,0
CUST-008416,40,60.14,2288.14,One year,No,No,No,No,Yes,Yes,Yes,Yes,Credit card,Yes,No,Yes,No,1
CUST-008417,25,79.34,1798.03,Month-to-month,DSL,No,No,Yes,Yes,No,Yes,No,Bank transfer,Yes,No,No,No,1
CUST-008418,51,87.52,4569.41,Month-to-month,Fiber optic,No,No,No,Yes,No,No,Yes,Electronic check,No,No,No,No,1
CUST-008419,32,85.78,2757.4,Month-to-month,Fiber optic,No,No,No,Yes,Yes,Yes,Yes,Bank transfer,Yes,Yes,No,No,1
CUST-008420,65,109.85,7301.7,One year,Fiber optic,No,No,No,Yes,No,Yes,No,Electronic check,Yes,Yes,Yes,No,0
CUST-008421,1,60.66,0.0,Month-to-month,DSL,Yes,No,No,No,No,Yes,No,Bank transfer,No,No,Yes,Yes,1
CUST-008422,67,112.6,7570.67,One year,Fiber optic,Yes,No,No,Yes,No,Yes,Yes,Credit card,Yes,Yes,No,No,0
CUST-008423,33,47.22,1401.65,Two year,No,No,No,Yes,Yes,Yes,Yes,Yes,Electronic check,Yes,No,Yes,No,0
CUST-008424,10,105.88,1194.78,Month-to-month,Fiber optic,No,No,No,No,No,Yes,Yes,Bank transfer,No,No,Yes,Yes,1
CUST-008425,31,104.26,3142.22,Month-to-month,Fiber optic,Yes,Yes,Yes,Yes,No,Yes,No,Credit card,Yes,No,No,Yes,1
CUST-008426,42,108.95,4575.88,One year,Fiber optic,No,Yes,Yes,Yes,No,No,Yes,Bank transfer,Yes,No,No,No,0
CUST-008427,36,94.44,3379.12,Month-to-month,DSL,Yes,No,No,Yes,Yes,No,No,Bank transfer,Yes,No,Yes,Yes,1
CUST-008428,28,45.89,1256.35,One year,DSL,No,Yes,No,Yes,Yes,No,No,Bank transfer,Yes,No,No,Yes,1
CUST-008429,44,43.79,2139.84,Month-to-month,No,No,Yes,No,No,Yes,No,Yes,Electronic check,No,No,No,No,0
CUST-008430,33,36.71,1190.41,Month-to-month,No,No,No,No,No,Yes,No,No,Bank transfer,No,Yes,Yes,No,1
CUST-008431,24,99.17,2353.24,One year,Fiber optic,No,Yes,No,No,No,Yes,No,Credit card,Yes,No,No,No,0
CUST-008432,3,56.71,308.9,Month-to-month,DSL,No,No,Yes,No,No,Yes,No,Electronic check,No,Yes,No,No,1
CUST-008433,45,78.3,3486.23,Month-to-month,DSL,No,Yes,Yes,No,Yes,Yes,No,Mailed check,Yes,No,Yes,Yes,0
CUST-008434,9,102.76,1123.06,One year,DSL,No,No,No,Yes,Yes,Yes,No,Electronic check,No,No,No,No,0
CUST-008435,3,93.0,455.84,Month-to-month,Fiber optic,No,No,No,Yes,No,Yes,No,Bank transfer,Yes,No,No,Yes,1
CUST-008436,60,54.13,3050.38,Month-to-month,No,No,No,Yes,No,Yes,Yes,No,Mailed check,Yes,No,Yes,Yes,0
CUST-008437,11,97.24,713.65,One year,Fiber optic,No,Yes,No,No,Yes,Yes,No,Mailed check,Yes,No,No,Yes,1
CUST-008438,56,85.45,4547.38,Month-to-month,Fiber optic,No,Yes,Yes,No,No,No,Yes,Mailed check,Yes,No,No,No,1
CUST-008439,70,116.06,8438.42,One year,Fiber optic,No,Yes,Yes,Yes,No,Yes,Yes,Electronic check,Yes,No,No,Yes,0
CUST-008440,11,51.93,705.64,Two year,No,Yes,No,No,Yes,No,Yes,No,Credit card,Yes,No,No,No,1
CUST-008441,61,123.1,7156.95,Two year,Fiber optic,Yes,No,No,No,Yes,Yes,Yes,Mailed check,Yes,No,No,Yes,0
CUST-008442,51,87.44,4188.56,Month-to-month,DSL,No,No,Yes,Yes,Yes,Yes,No,Credit card,Yes,No,No,No,1
CUST-008443,42,109.87,4700.13,One year,Fiber optic,No,Yes,No,No,Yes,Yes,No,Credit card,No,No,Yes,No,0
CUST-008444,36,115.69,4077.8,One year,Fiber optic,Yes,No,No,No,Yes,Yes,No,Electronic check,Yes,No,No,Yes,0
CUST-008445,32,47.49,1653.36,Month-to-month,No,No,No,No,Yes,Yes,Yes,No,Electronic check,No,No,Yes,No,1
CUST-008446,65,102.0,6453.01,One year,Fiber optic,No,No,No,No,Yes,Yes,Yes,Electronic check,Yes,Yes,No,No,1
CUST-008447,28,88.66,2454.32,Month-to-month,Fiber optic,Yes,No,Yes,No,No,No,No,Electronic check,No,No,Yes,Yes,1
CUST-008448,28,117.46,3136.55,Month-to-month,Fiber optic,No,Yes,Yes,Yes,No,Yes,Yes,Mailed check,Yes,No,Yes,Yes,1
CUST-008449,31,73.08,2341.33,Two year,DSL,No,Yes,No,Yes,No,No,No,Electronic check,Yes,No,Yes,Yes,0
CUST-008450,22,76.17,1824.76,Two year,DSL,No,No,Yes,No,Yes,Yes,Yes,Credit card,No,No,No,No,0
CUST-008451,30,79.75,2648.29,Two year,DSL,Yes,Yes,Yes,Yes,No,Yes,Yes,Electronic check,No,No,No,Yes,0
CUST-008452,1,94.99,0.0,Two year,Fiber optic,No,No,Yes,Yes,No,Yes,No,Credit card,No,No,Yes,Yes,0
CUST-008453,19,116.16,2379.57,One year,Fiber optic,No,No,Yes,No,Yes,Yes,Yes,Bank transfer,No,No,Yes,No,1
CUST-008454,17,77.5,1351.54,Month-to-month,DSL,Yes,No,Yes,No,No,Yes,Yes,Mailed check,Yes,No,No,No,1
CUST-008455,15,119.04,1689.01,One year,Fiber optic,Yes,No,Yes,No,Yes,Yes,Yes,Bank transfer,No,No,Yes,Yes,1
CUST-008456,0,53.42,34.18,Two year,No,No,Yes,Yes,Yes,Yes,No,No,Electronic check,No,Yes,No,Yes,0
CUST-008457,23,56.83,1377.4,Two year,DSL,No,No,No,No,Yes,Yes,Yes,Electronic check,Yes,No,No,No,0
CUST-008458,34,25.99,1003.37,Month-to-month,No,No,No,No,No,No,Yes,No,Electronic check,No,No,No,No,1
CUST-008459,17,110.27,1747.67,Month-to-month,Fiber optic,Yes,Yes,No,No,No,Yes,Yes,Bank transfer,Yes,No,No,No,1
CUST-008460,21,51.35,950.92,One year,No,Yes,Yes,No,No,Yes,Yes,Yes,Bank transfer,Yes,No,No,Yes,0
CUST-008461,61,115.71,7044.46,One year,Fiber optic,Yes,Yes,No,Yes,No,Yes,No,Bank transfer,Yes,Yes,No,Yes,0
CUST-008462,30,85.18,2388.62,Month-to-month,DSL,No,No,Yes,Yes,Yes,No,Yes,Credit card,Yes,No,Yes,No,1
CUST-008463,41,63.29,2907.25,Month-to-month,DSL,No,No,No,Yes,No,Yes,No,Credit card,Yes,No,No,No,1
CUST-008464,12,87.39,949.14,Two year,Fiber optic,Yes,Yes,No,No,No,Yes,No,Bank transfer,No,No,No,Yes,0
CUST-008465,57,68.94,3889.59,Two year,DSL,No,Yes,Yes,Yes,No,Yes,No,Credit card,Yes,No,No,No,0
CUST-008466,38,34.69,1202.89,One year,No,Yes,No,Yes,Yes,No,Yes,No,Electronic check,No,No,No,No,0
CUST-008467,33,91.34,3100.93,Month-to-month,Fiber optic,Yes,No,No,No,No,Yes,Yes,Credit card,Yes,Yes,No,Yes,1
CUST-008468,47,88.97,4171.64,One year,Fiber optic,No,Yes,No,No,No,No,No,Mailed check,Yes,Yes,Yes,No,0
CUST-008469,49,39.64,2035.43,Month-to-month,No,No,No,No,Yes,No,Yes,No,Bank transfer,Yes,No,No,Yes,0
CUST-008470,25,83.31,2248.32,Month-to-month,Fiber optic,No,Yes,No,Yes,No,Yes,No,Credit card,No,No,No,No,1
CUST-008471,10,97.62,815.78,Two year,Fiber optic,Yes,No,No,No,No,Yes,No,Electronic check,Yes,Yes,Yes,Yes,0
CUST-008472,18,82.56,1433.42,Month-to-month,DSL,No,Yes,No,No,Yes,No,Yes,Credit card,Yes,No,No,Yes,1
CUST-008473,26,112.7,2996.8,Two year,Fiber optic,Yes,Yes,Yes,Yes,No,Yes,Yes,Electronic check,Yes,No,Yes,No,0
CUST-008474,50,86.64,4181.4,One year,Fiber optic,No,No,Yes,Yes,Yes,Yes,Yes,Mailed check,Yes,No,Yes,Yes,0
CUST-008475,50,118.19,5700.26,One year,Fiber optic,Yes,Yes,Yes,Yes,Yes,Yes,No,Electronic check,Yes,No,No,No,1
CUST-008476,59,91.5,5280.7,Month-to-month,DSL,No,No,Yes,No,Yes,Yes,Yes,Mailed check,Yes,No,Yes,Yes,0
CUST-008477,54,69.89,3660.74,One year,DSL,No,No,Yes,Yes,Yes,Yes,Yes,Credit card,No,No,No,Yes,0
CUST-008478,28,68.19,2013.91,Month-to-month,Fiber optic,No,No,Yes,No,No,Yes,No,Mailed check,Yes,No,No,No,0
CUST-008479,39,61.2,2360.86,Two year,DSL,No,No,Yes,No,No,Yes,Yes,Electronic check,No,Yes,No,No,0
CUST-008480,51,90.42,4927.08,One year,Fiber optic,No,No,Yes,No,Yes,Yes,Yes,Electronic check,Yes,No,Yes,No,1
CUST-008481,15,59.67,661.61,Month-to-month,DSL,Yes,No,No,No,No,Yes,No,Electronic check,Yes,No,No,No,0
CUST-008482,69,87.49,6146.14,Month-to-month,DSL,No,No,No,No,Yes,Yes,No,Bank transfer,Yes,No,Yes,No,0
CUST-008483,53,44.03,2574.99,One year,No,No,No,Yes,Yes,No,Yes,No,Electronic check,Yes,No,No,Yes,1
CUST-008484,47,119.17,5481.67,Month-to-month,Fiber optic,Yes,Yes,Yes,Yes,Yes,Yes,No,Credit card,Yes,No,No,No,0
CUST-008485,24,121.74,3068.34,Month-to-month,Fiber optic,Yes,Yes,Yes,Yes,Yes,Yes,Yes,Credit card,Yes,No,Yes,No,1
CUST-008486,60,93.45,5579.96,One year,Fiber optic,Yes,No,Yes,No,No,No,No,Credit card,Yes,No,No,No,0
CUST-008487,12,35.76,195.87,Month-to-month,No,No,No,No,Yes,No,Yes,No,Credit card,No,Yes,No,Yes,0
CUST-008488,72,50.51,3500.76,Month-to-month,No,Yes,Yes,No,No,No,Yes,Yes,Credit card,Yes,No,No,Yes,0
CUST-008489,36,95.07,3539.53,Month-to-month,Fiber optic,No,No,No,No,No,No,Yes,Bank transfer,No,No,Yes,No,0
CUST-008490,36,98.42,3171.5,Month-to-month,Fiber optic,No,No,Yes,No,Yes,No,Yes,Electronic check,No,No,No,No,1
CUST-008491,62,72.41,4433.17,Month-to-month,No,Yes,No,Yes,Yes,Yes,Yes,Yes,Credit card,Yes,No,Yes,Yes,0
CUST-008492,71,113.53,8048.07,Month-to-month,Fiber optic,No,Yes,No,Yes,No,Yes,No,Bank transfer,Yes,Yes,No,No,1
CUST-008493,44,92.35,4082.78,Two year,DSL,Yes,No,No,Yes,No,Yes,Yes,Bank transfer,Yes,Yes,No,No,0
CUST-008494,11,106.14,970.24,Month-to-month,DSL,Yes,Yes,Yes,Yes,Yes,Yes,Yes,Bank transfer,Yes,No,No,No,1
CUST-008495,61,96.86,5840.06,One year,Fiber optic,No,No,Yes,No,No,Yes,Yes,Credit card,Yes,No,No,No,0
CUST-008496,40,64.64,2616.05,Month-to-month,DSL,No,No,Yes,Yes,No,Yes,Yes,Bank transfer,No,No,Yes,No,0
CUST-008497,47,85.28,4016.35,Month-to-month,DSL,No,No,No,Yes,Yes,Yes,No,Credit card,Yes,No,Yes,No,1
CUST-008498,34,77.03,2471.83,Month-to-month,DSL,No,No,Yes,Yes,No,Yes,Yes,Credit card,Yes,No,No,No,0
CUST-008499,34,47.1,1731.47,Two year,No,No,No,No,Yes,Yes,Yes,Yes,Credit card,No,No,No,No,0
CUST-008500,36,100.38,3690.3,One year,DSL,No,Yes,Yes,Yes,Yes,Yes,Yes,Credit card,Yes,No,No,No,0
CUST-008501,26,67.05,1838.84,Month-to-month,No,No,No,No,Yes,Yes,Yes,No,Electronic check,Yes,No,Yes,No,0
CUST-008502,1,73.52,0.0,Two year,DSL,Yes,Yes,No,No,Yes,Yes,No,Electronic check,Yes,No,Yes,No,1
CUST-008503,14,92.23,1305.07,One year,Fiber optic,No,No,No,Yes,Yes,Yes,No,Electronic check,No,No,No,Yes,1
CUST-008504,71,66.37,4449.7,One year,DSL,No,Yes,Yes,No,Yes,Yes,No,Electronic check,Yes,No,No,Yes,0
CUST-008505,52,107.42,5342.3,Month-to-month,Fiber optic,No,No,Yes,Yes,No,Yes,Yes,Credit card,Yes,No,Yes,No,0
CUST-008506,9,125.59,1172.26,Month-to-month,Fiber optic,Yes,Yes,No,Yes,Yes,Yes,No,Bank transfer,Yes,No,Yes,No,1
CUST-008507,11,114.96,1381.27,One year,Fiber optic,Yes,No,Yes,Yes,No,Yes,Yes,Electronic check,No,Yes,No,No,1
CUST-008508,8,58.7,543.58,Month-to-month,DSL,No,No,No,Yes,No,Yes,No,Mailed check,Yes,No,Yes,No,1
CUST-008509,21,117.57,2581.85,Month-to-month,Fiber optic,No,No,No,Yes,Yes,Yes,No,Electronic check,No,Yes,No,Yes,1
CUST-008510,58,52.01,3153.51,Month-to-month,No,No,No,Yes,Yes,No,Yes,Yes,Electronic check,Yes,No,No,No,1
CUST-008511,20,62.58,1594.73,One year,DSL,No,No,No,No,No,Yes,Yes,Bank transfer,Yes,No,No,No,0
CUST-008512,61,108.92,6875.57,Month-to-month,Fiber optic,Yes,No,No,Yes,Yes,Yes,Yes,Bank transfer,No,No,No,No,1
CUST-008513,17,72.31,1325.68,Month-to-month,DSL,No,Yes,No,Yes,Yes,Yes,Yes,Credit card,Yes,Yes,Yes,Yes,0
CUST-008514,28,113.03,3181.59,One year,Fiber optic,No,Yes,Yes,No,Yes,Yes,No,Credit card,No,No,No,No,0
CUST-008515,28,89.77,2803.23,Month-to-month,Fiber optic,No,No,Yes,No,No,Yes,Yes,Electronic check,Yes,No,No,Yes,0
CUST-008516,43,57.89,2544.96,Two year,DSL,No,No,No,No,No,Yes,Yes,Electronic check,No,No,Yes,Yes,0
CUST-008517,60,109.29,6776.54,Two year,Fiber optic,Yes,No,No,Yes,Yes,Yes,No,Electronic check,No,No,Yes,No,0
CUST-008518,58,44.02,2514.41,Month-to-month,No,No,No,Yes,No,Yes,Yes,No,Bank transfer,Yes,No,No,No,0
CUST-008519,26,54.04,1242.0,Two year,DSL,Yes,No,Yes,No,No,Yes,No,Bank transfer,Yes,Yes,No,No,0
CUST-008520,67,70.85,4776.66,Two year,No,Yes,No,No,Yes,Yes,Yes,Yes,Electronic check,Yes,No,Yes,No,0
CUST-008521,28,103.2,3146.84,Month-to-month,Fiber optic,No,Yes,No,Yes,No,Yes,No,Credit card,Yes,No,No,Yes,1
CUST-008522,10,77.93,654.4,Month-to-month,DSL,No,No,No,Yes,Yes,Yes,No,Bank transfer,No,Yes,Yes,No,0
CUST-008523,45,65.47,2889.7,Month-to-month,DSL,No,No,Yes,No,No,Yes,Yes,Electronic check,No,No,Yes,Yes,1
CUST-008524,52,60.06,3066.17,Two year,No,No,Yes,Yes,Yes,No,Yes,Yes,Mailed check,Yes,No,Yes,No,0
CUST-008525,43,118.73,5056.02,One year,Fiber optic,Yes,Yes,Yes,Yes,No,Yes,No,Mailed check,Yes,No,No,No,0
CUST-008526,35,107.04,3782.32,Month-to-month,Fiber optic,Yes,Yes,No,No,No,Yes,Yes,Electronic check,Yes,No,Yes,No,1
CUST-008527,8,41.53,269.35,Month-to-month,No,No,Yes,No,No,Yes,Yes,Yes,Bank transfer,Yes,No,Yes,Yes,1
CUST-008528,67,107.56,7017.73,One year,Fiber optic,Yes,Yes,Yes,No,Yes,Yes,Yes,Electronic check,Yes,No,No,Yes,0
CUST-008529,52,82.14,4171.67,Two year,DSL,No,Yes,Yes,Yes,Yes,Yes,No,Electronic check,Yes,No,No,Yes,0
CUST-008530,38,45.4,1642.02,One year,No,Yes,No,Yes,Yes,Yes,Yes,No,Credit card,No,No,No,Yes,0
CUST-008531,67,115.3,7921.88,Month-to-month,Fiber optic,Yes,No,Yes,Yes,No,Yes,Yes,Credit card,Yes,Yes,Yes,Yes,1
CUST-008532,4,52.62,158.53,Month-to-month,DSL,No,Yes,Yes,No,No,Yes,Yes,Mailed check,Yes,Yes,No,No,0
CUST-008533,48,65.57,2999.61,One year,DSL,Yes,No,Yes,No,Yes,Yes,Yes,Electronic check,No,No,No,Yes,0
CUST-008534,70,64.08,4742.85,Two year,DSL,No,No,Yes,No,Yes,Yes,Yes,Bank transfer,Yes,Yes,No,No,1
CUST-008535,32,56.66,1842.05,Month-to-month,No,No,Yes,Yes,No,Yes,Yes,No,Electronic check,Yes,No,Yes,Yes,0
CUST-008536,68,100.23,6787.35,Month-to-month,Fiber optic,No,No,Yes,No,No,Yes,Yes,Credit card,No,No,Yes,No,0
CUST-008537,0,98.78,0.0,One year,Fiber optic,Yes,No,No,Yes,No,Yes,No,Bank transfer,Yes,Yes,No,No,0
CUST-008538,7,38.86,168.44,Two year,No,No,Yes,Yes,No,No,Yes,No,Electronic check,No,No,Yes,No,1
CUST-008539,29,70.95,2289.55,Month-to-month,DSL,No,No,Yes,No,No,Yes,No,Credit card,Yes,No,Yes,No,0
CUST-008540,13,83.37,1092.25,Two year,DSL,No,Yes,No,Yes,Yes,Yes,No,Credit card,Yes,No,No,No,1
CUST-008541,27,33.54,944.51,Month-to-month,DSL,No,Yes,Yes,No,No,Yes,No,Bank transfer,Yes,Yes,Yes,Yes,0
CUST-008542,6,36.25,259.54,Month-to-month,No,No,Yes,No,Yes,Yes,Yes,No,Credit card,Yes,Yes,No,No,1
CUST-008543,55,112.37,6201.04,Month-to-month,Fiber optic,Yes,Yes,Yes,No,Yes,Yes,No,Bank transfer,No,No,No,Yes,1
CUST-008544,35,103.82,3791.84,Month-to-month,Fiber optic,No,Yes,Yes,Yes,Yes,Yes,Yes,Credit card,Yes,No,No,No,0
CUST-008545,42,96.48,3723.57,Month-to-month,Fiber optic,Yes,No,No,Yes,Yes,Yes,Yes,Electronic check,Yes,Yes,No,Yes,0
CUST-008546,8,105.59,599.41,Two year,Fiber optic,Yes,Yes,Yes,Yes,No,Yes,No,Bank transfer,Yes,Yes,Yes,No,0
CUST-008547,57,74.31,4203.86,One year,DSL,No,Yes,No,Yes,No,Yes,No,Bank transfer,Yes,No,No,Yes,0
CUST-008548,62,130.38,8216.77,Month-to-month,Fiber optic,Yes,No,Yes,Yes,Yes,Yes,Yes,Mailed check,No,No,No,Yes,0
CUST-008549,66,52.03,3157.67,Month-to-month,No,Yes,No,No,No,No,Yes,Yes,Electronic check,No,No,No,No,0
CUST-008550,26,130.68,3035.66,One year,Fiber optic,No,Yes,Yes,Yes,Yes,Yes,Yes,Mailed check,Yes,No,Yes,No,1
CUST-008551,26,89.93,2324.4,One year,DSL,No,No,Yes,Yes,No,Yes,Yes,Mailed check,Yes,No,No,No,1
CUST-008552,48,82.33,3990.05,Month-to-month,DSL,Yes,No,No,No,No,Yes,Yes,Credit card,Yes,No,No,No,0
CUST-008553,68,100.35,6708.46,One year,Fiber optic,No,No,Yes,No,Yes,Yes,No,Mailed check,No,No,No,Yes,0
CUST-008554,41,79.88,3036.47,Month-to-month,DSL,No,No,No,Yes,Yes,Yes,No,Electronic check,Yes,No,No,No,1
CUST-008555,46,61.68,2788.26,One year,No,Yes,No,Yes,Yes,Yes,Yes,No,Electronic check,Yes,No,Yes,No,0
CUST-008556,68,92.54,6376.47,Month-to-month,Fiber optic,No,Yes,No,No,No,Yes,No,Electronic check,Yes,No,Yes,No,1
CUST-008557,59,133.76,7887.92,One year,Fiber optic,Yes,No,Yes,Yes,Yes,Yes,No,Electronic check,Yes,No,No,No,0
CUST-008558,61,75.28,4546.43,Month-to-month,DSL,No,No,Yes,Yes,No,Yes,Yes,Mailed check,No,No,No,No,0
CUST-008559,21,24.31,534.43,Month-to-month,No,No,No,No,No,No,Yes,Yes,Bank transfer,Yes,No,No,No,1
CUST-008560,56,75.07,4210.48,Month-to-month,DSL,No,Yes,Yes,No,Yes,Yes,Yes,Mailed check,No,Yes,Yes,Yes,0
CUST-008561,35,123.27,4054.78,Month-to-month,Fiber optic,Yes,Yes,No,Yes,Yes,Yes,No,Bank transfer,Yes,Yes,Yes,No,1
CUST-008562,1,51.83,83.27,Two year,No,Yes,No,Yes,No,No,Yes,No,Mailed check,Yes,No,No,No,0
CUST-008563,11,133.4,1627.67,Two year,Fiber optic,No,Yes,No,Yes,Yes,Yes,No,Electronic check,Yes,No,Yes,No,1
CUST-008564,30,114.85,3518.23,One year,Fiber optic,No,Yes,Yes,No,Yes,Yes,Yes,Electronic check,No,No,Yes,No,0
CUST-008565,24,72.03,1512.96,Month-to-month,DSL,No,No,Yes,Yes,No,Yes,Yes,Credit card,Yes,No,No,Yes,0
CUST-008566,48,51.54,2596.23,One year,No,Yes,Yes,Yes,Yes,No,Yes,No,Electronic check,Yes,No,No,No,0
CUST-008567,64,90.95,5883.41,Month-to-month,DSL,Yes,Yes,No,Yes,Yes,Yes,Yes,Electronic check,No,Yes,No,No,0
CUST-008568,32,78.39,2674.9,Two year,DSL,Yes,Yes,Yes,Yes,No,Yes,Yes,Electronic check,Yes,No,No,Yes,0
CUST-008569,30,87.48,2642.43,Month-to-month,DSL,No,No,No,Yes,Yes,Yes,Yes,Credit card,Yes,No,Yes,Yes,0
CUST-008570,7,37.19,0.0,Month-to-month,No,No,Yes,Yes,No,Yes,Yes,Yes,Bank transfer,Yes,No,No,Yes,0
CUST-008571,59,57.21,3366.23,Month-to-month,DSL,Yes,No,No,No,Yes,No,No,Bank transfer,Yes,No,Yes,Yes,0
CUST-008572,14,62.04,791.96,Month-to-month,No,No,Yes,Yes,Yes,No,Yes,Yes,Bank transfer,Yes,No,Yes,No,0
CUST-008573,33,106.09,3564.73,Two year,Fiber optic,No,Yes,Yes,Yes,No,Yes,No,Mailed check,No,No,Yes,No,0
CUST-008574,47,120.4,5899.16,Month-to-month,Fiber optic,No,Yes,Yes,Yes,Yes,Yes,No,Electronic check,No,No,No,No,1
CUST-008575,71,52.07,3590.7,Month-to-month,No,Yes,No,Yes,No,No,Yes,No,Bank transfer,No,No,No,Yes,0
CUST-008576,1,108.63,299.34,One year,Fiber optic,Yes,No,Yes,Yes,Yes,Yes,Yes,Credit card,No,No,No,No,0
CUST-008577,25,104.6,2584.65,One year,Fiber optic,No,No,No,No,No,Yes,No,Credit card,Yes,Yes,Yes,No,0
CUST-008578,37,115.4,4248.44,Month-to-month,DSL,Yes,No,Yes,No,Yes,Yes,No,Mailed check,Yes,No,Yes,No,1
CUST-008579,20,82.41,1439.09,One year,DSL,Yes,No,No,No,Yes,Yes,No,Electronic check,No,No,Yes,No,1
CUST-008580,28,63.03,1843.13,Month-to-month,DSL,No,No,No,No,Yes,Yes,Yes,Electronic check,Yes,Yes,No,Yes,1
CUST-008581,16,107.39,1536.14,Two year,Fiber optic,No,Yes,No,Yes,No,Yes,Yes,Electronic check,Yes,No,Yes,Yes,1
CUST-008582,7,80.75,752.5,Month-to-month,DSL,Yes,No,No,Yes,Yes,No,No,Bank transfer,Yes,No,Yes,Yes,1
CUST-008583,22,70.68,1211.29,Month-to-month,DSL,No,Yes,Yes,Yes,Yes,Yes,No,Credit card,Yes,No,No,Yes,1
CUST-008584,57,101.17,5649.29,One year,Fiber optic,No,Yes,Yes,No,Yes,Yes,No,Credit card,No,Yes,Yes,No,0
CUST-008585,42,116.22,4981.91,Two year,Fiber optic,Yes,No,No,Yes,No,Yes,Yes,Bank transfer,No,Yes,No,No,0
CUST-008586,47,85.57,3809.35,Month-to-month,DSL,Yes,No,Yes,No,Yes,Yes,No,Mailed check,No,Yes,No,No,1
CUST-008587,6,83.26,513.51,Two year,DSL,No,No,Yes,No,Yes,Yes,Yes,Bank transfer,Yes,Yes,No,Yes,0
CUST-008588,66,114.55,7683.3,One year,Fiber optic,No,Yes,No,No,Yes,Yes,Yes,Bank transfer,No,No,No,No,0
CUST-008589,56,123.28,6752.9,One year,Fiber optic,No,Yes,Yes,Yes,Yes,Yes,Yes,Electronic check,Yes,No,Yes,No,0
CUST-008590,52,73.09,3977.39,Two year,DSL,Yes,No,Yes,No,No,Yes,Yes,Credit card,No,No,No,Yes,0
CUST-008591,61,83.59,5183.61,One year,DSL,Yes,Yes,Yes,No,Yes,No,No,Electronic check,No,No,Yes,No,0
CUST-008592,62,109.99,6909.36,Month-to-month,Fiber optic,No,Yes,No,Yes,No,Yes,Yes,Electronic check,No,No,No,No,1
CUST-008593,63,75.99,4832.44,One year,DSL,No,Yes,Yes,Yes,No,Yes,Yes,Electronic check,Yes,No,Yes,No,0
CUST-008594,55,94.15,5425.23,Month-to-month,Fiber optic,Yes,No,Yes,No,Yes,Yes,No,Bank transfer,Yes,No,Yes,No,1
CUST-008595,36,68.91,2372.93,Month-to-month,DSL,No,No,No,Yes,Yes,No,Yes,Credit card,Yes,No,No,Yes,1
CUST-008596,22,99.48,2343.34,Two year,Fiber optic,Yes,Yes,Yes,No,Yes,Yes,No,Credit card,No,No,No,Yes,0
CUST-008597,70,138.43,9547.79,Month-to-month,Fiber optic,Yes,No,No,Yes,Yes,Yes,Yes,Bank transfer,Yes,No,No,No,0
CUST-008598,45,89.31,4102.54,One year,DSL,Yes,Yes,No,No,No,Yes,Yes,Electronic check,No,No,Yes,No,0
CUST-008599,2,38.13,117.99,Month-to-month,No,No,Yes,No,No,No,Yes,Yes,Bank transfer,No,No,Yes,Yes,0
CUST-008600,55,56.19,3115.35,Month-to-month,DSL,No,No,Yes,No,No,No,No,Electronic check,Yes,No,Yes,No,1
CUST-008601,42,112.04,4654.88,Month-to-month,Fiber optic,No,No,Yes,Yes,No,Yes,Yes,Mailed check,Yes,No,No,No,1
CUST-008602,48,53.16,2545.82,Month-to-month,No,Yes,No,Yes,Yes,No,Yes,No,Electronic check,Yes,No,Yes,No,0
CUST-008603,25,100.78,2666.15,Month-to-month,Fiber optic,No,Yes,No,Yes,No,Yes,No,Electronic check,Yes,Yes,Yes,No,1
CUST-008604,9,53.94,530.8,One year,DSL,No,No,No,Yes,No,Yes,No,Credit card,No,No,No,No,0
CUST-008605,11,117.77,1359.09,One year,Fiber optic,No,Yes,No,Yes,Yes,Yes,No,Bank transfer,Yes,No,Yes,Yes,1
CUST-008606,52,18.0,1047.41,Month-to-month,No,Yes,No,No,No,Yes,Yes,No,Credit card,No,No,Yes,No,0
CUST-008607,4,112.2,439.18,One year,Fiber optic,No,No,Yes,Yes,No,Yes,Yes,Credit card,Yes,No,No,No,1
CUST-008608,71,111.08,7701.53,Month-to-month,Fiber optic,No,Yes,No,Yes,Yes,Yes,Yes,Bank transfer,No,No,No,No,1
CUST-008609,20,89.93,1640.12,One year,Fiber optic,No,No,Yes,No,No,Yes,No,Credit card,No,No,No,Yes,1
CUST-008610,34,81.51,2660.81,Month-to-month,DSL,No,Yes,Yes,No,Yes,Yes,Yes,Electronic check,No,No,No,No,1
CUST-008611,17,109.83,1862.09,Two year,Fiber optic,No,Yes,No,Yes,No,Yes,Yes,Electronic check,Yes,No,No,No,0
CUST-008612,50,70.2,3524.97,Month-to-month,DSL,No,No,No,No,Yes,Yes,Yes,Credit card,No,No,No,No,1
CUST-008613,68,102.61,6671.33,One year,Fiber optic,Yes,Yes,No,Yes,No,Yes,No,Bank transfer,No,No,Yes,No,0
CUST-008614,13,22.65,324.04,Month-to-month,No,Yes,Yes,No,No,No,Yes,No,Electronic check,No,No,No,No,0
CUST-008615,44,56.9,2499.43,Month-to-month,No,Yes,Yes,Yes,No,No,Yes,Yes,Bank transfer,Yes,No,No,Yes,0
CUST-008616,20,94.06,2000.06,Month-to-month,Fiber optic,Yes,Yes,No,No,Yes,Yes,Yes,Bank transfer,Yes,No,Yes,No,1
CUST-008617,10,66.02,781.67,Two year,DSL,Yes,No,No,Yes,No,Yes,No,Credit card,Yes,No,No,No,0
CUST-008618,60,37.46,2371.8,Two year,No,No,Yes,No,No,Yes,Yes,Yes,Bank transfer,Yes,No,No,No,0
CUST-008619,59,65.41,3892.87,Two year,DSL,No,No,No,No,No,No,No,Electronic check,Yes,No,Yes,No,0
CUST-008620,20,110.38,2275.36,Month-to-month,Fiber optic,Yes,No,Yes,No,Yes,Yes,Yes,Credit card,Yes,No,No,No,1
CUST-008621,27,103.04,2901.23,One year,Fiber optic,Yes,No,Yes,No,Yes,Yes,Yes,Electronic check,No,No,Yes,Yes,0
CUST-008622,33,58.05,2136.4,Month-to-month,No,No,No,No,Yes,Yes,Yes,Yes,Bank transfer,No,No,No,No,1
CUST-008623,66,95.94,6493.76,Month-to-month,DSL,No,No,No,No,Yes,Yes,Yes,Credit card,No,No,No,No,0
CUST-008624,9,116.89,986.23,Month-to-month,Fiber optic,Yes,Yes,No,Yes,No,Yes,Yes,Credit card,No,Yes,Yes,No,1
CUST-008625,5,62.04,339.06,One year,No,No,Yes,Yes,No,Yes,Yes,No,Credit card,Yes,No,No,No,0
CUST-008626,42,40.84,1845.8,Two year,No,No,Yes,No,No,Yes,Yes,Yes,Mailed check,Yes,No,Yes,No,0
CUST-008627,0,74.68,89.25,One year,DSL,No,No,No,No,Yes,Yes,No,Mailed check,No,No,Yes,Yes,0
CUST-008628,38,60.43,2347.49,One year,No,No,No,Yes,No,Yes,Yes,Yes,Credit card,No,No,Yes,No,0
CUST-008629,10,96.09,945.05,Two year,Fiber optic,No,No,No,No,Yes,Yes,Yes,Electronic check,No,No,Yes,No,1
CUST-008630,45,48.99,2302.56,Month-to-month,DSL,No,No,No,No,No,Yes,No,Electronic check,Yes,No,Yes,No,0
CUST-008631,63,107.62,7030.9,Month-to-month,Fiber optic,No,Yes,No,No,No,Yes,No,Mailed check,Yes,Yes,Yes,No,1
CUST-008632,23,117.54,3070.57,Month-to-month,Fiber optic,Yes,Yes,Yes,No,No,Yes,Yes,Bank transfer,Yes,Yes,No,No,1
CUST-008633,63,61.32,3821.4,One year,DSL,No,Yes,Yes,No,Yes,Yes,No,Mailed check,No,No,No,No,0
CUST-008634,35,51.58,1919.55,Month-to-month,No,No,No,Yes,Yes,No,Yes,Yes,Mailed check,No,No,No,No,0
CUST-008635,69,87.97,6092.97,Month-to-month,Fiber optic,No,No,No,No,Yes,Yes,Yes,Credit card,Yes,No,Yes,No,1
CUST-008636,8,74.06,775.73,Two year,DSL,No,No,No,Yes,Yes,Yes,No,Electronic check,Yes,No,No,Yes,1
CUST-008637,42,69.8,3092.84,Month-to-month,DSL,No,No,No,Yes,No,Yes,Yes,Bank transfer,No,No,Yes,Yes,1
CUST-008638,63,73.67,4606.71,Month-to-month,DSL,No,No,No,No,Yes,Yes,Yes,Credit card,No,No,No,Yes,1
CUST-008639,48,51.15,2486.4,One year,No,No,No,Yes,Yes,No,Yes,No,Electronic check,No,No,No,No,0
CUST-008640,32,112.41,3626.2,Month-to-month,Fiber optic,No,Yes,Yes,Yes,Yes,Yes,No,Bank transfer,Yes,No,No,Yes,0
CUST-008641,39,52.59,2004.57,Month-to-month,No,No,No,Yes,No,Yes,Yes,Yes,Credit card,No,No,No,No,1
CUST-008642,10,108.46,948.18,One year,Fiber optic,Yes,No,Yes,No,No,Yes,Yes,Electronic check,Yes,No,No,No,1
CUST-008643,36,119.5,4072.96,Two year,Fiber optic,Yes,Yes,No,Yes,No,Yes,No,Credit card,No,No,Yes,No,0
CUST-008644,44,58.52,2683.38,Month-to-month,No,Yes,No,Yes,No,Yes,Yes,No,Bank transfer,Yes,No,Yes,No,1
CUST-008645,54,71.58,4032.5,Month-to-month,DSL,No,No,Yes,No,Yes,Yes,Yes,Electronic check,No,No,No,No,1
CUST-008646,56,102.2,5808.96,Month-to-month,Fiber optic,No,Yes,No,Yes,Yes,Yes,No,Electronic check,Yes,No,No,No,1
CUST-008647,61,67.57,4151.88,One year,DSL,Yes,No,Yes,Yes,No,Yes,Yes,Bank transfer,Yes,No,No,No,0
CUST-008648,38,95.76,3525.69,Two year,Fiber optic,Yes,Yes,No,No,No,Yes,No,Electronic check,Yes,No,No,No,0
CUST-008649,63,89.13,5316.41,Month-to-month,Fiber optic,No,Yes,No,No,No,No,Yes,Credit card,Yes,No,Yes,Yes,1
CUST-008650,58,67.17,3744.67,Month-to-month,No,No,Yes,No,Yes,No,Yes,Yes,Bank transfer,Yes,No,No,No,1
CUST-008651,46,24.74,1221.82,Month-to-month,No,No,No,No,No,No,Yes,No,Credit card,No,No,Yes,Yes,0
CUST-008652,8,93.15,518.88,Month-to-month,Fiber optic,No,Yes,Yes,No,No,Yes,No,Bank transfer,Yes,No,Yes,No,1
CUST-008653,60,34.43,2138.46,Month-to-month,No,No,Yes,No,No,No,Yes,No,Credit card,Yes,No,No,Yes,0
CUST-008654,68,114.5,7674.71,Month-to-month,DSL,Yes,Yes,Yes,Yes,Yes,No,No,Credit card,Yes,No,No,No,0
CUST-008655,26,89.76,2513.01,Month-to-month,Fiber optic,No,Yes,No,No,Yes,Yes,Yes,Electronic check,No,No,No,Yes,1
CUST-008656,9,40.83,106.3,One year,No,No,No,No,Yes,Yes,Yes,No,Credit card,Yes,No,No,No,0
CUST-008657,37,66.78,2383.41,Month-to-month,DSL,No,No,Yes,Yes,Yes,Yes,Yes,Credit card,Yes,No,No,No,0
CUST-008658,35,116.14,4107.18,One year,Fiber optic,No,No,Yes,Yes,Yes,Yes,Yes,Electronic check,Yes,No,No,Yes,1
CUST-008659,67,74.4,5181.0,Month-to-month,DSL,Yes,Yes,No,No,Yes,Yes,No,Credit card,No,No,Yes,Yes,0
CUST-008660,52,74.04,3602.0,Month-to-month,DSL,No,No,No,Yes,No,Yes,No,Electronic check,Yes,No,No,No,0
CUST-008661,6,18.0,152.02,Month-to-month,No,No,No,No,No,Yes,Yes,Yes,Bank transfer,No,No,Yes,No,0
CUST-008662,40,85.37,3238.18,Month-to-month,DSL,Yes,No,No,Yes,Yes,Yes,No,Electronic check,Yes,No,No,No,1
CUST-008663,52,83.85,4428.77,Month-to-month,DSL,Yes,Yes,Yes,Yes,No,Yes,Yes,Bank transfer,No,No,Yes,No,0
CUST-008664,29,127.87,3969.91,One year,Fiber optic,Yes,Yes,Yes,No,No,Yes,Yes,Mailed check,No,No,Yes,No,0
CUST-008665,25,42.3,1202.95,Month-to-month,No,Yes,No,No,No,Yes,Yes,Yes,Electronic check,Yes,No,Yes,No,0
CUST-008666,64,105.3,6598.89,Two year,Fiber optic,Yes,Yes,No,Yes,No,Yes,No,Mailed check,Yes,No,Yes,No,0
CUST-008667,42,58.43,2496.5,Month-to-month,No,Yes,No,Yes,Yes,No,Yes,Yes,Credit card,No,No,Yes,No,0
CUST-008668,9,59.53,448.07,One year,DSL,No,Yes,Yes,Yes,No,Yes,No,Electronic check,Yes,No,No,No,0
CUST-008669,15,50.94,910.86,Month-to-month,DSL,Yes,Yes,No,Yes,No,Yes,No,Mailed check,Yes,Yes,No,No,0
CUST-008670,54,112.03,6254.25,One year,Fiber optic,Yes,Yes,Yes,Yes,No,Yes,No,Bank transfer,Yes,No,Yes,No,1
CUST-008671,47,73.09,3382.35,Month-to-month,DSL,No,Yes,No,Yes,No,Yes,Yes,Bank transfer,No,No,Yes,Yes,0
CUST-008672,12,124.71,1452.31,Month-to-month,Fiber optic,Yes,Yes,No,Yes,Yes,No,Yes,Bank transfer,Yes,No,Yes,Yes,1
CUST-008673,71,72.82,5171.86,Month-to-month,DSL,Yes,No,No,No,No,Yes,No,Credit card,Yes,No,No,Yes,0
CUST-008674,7,80.47,651.93,Two year,Fiber optic,No,No,No,Yes,No,Yes,Yes,Mailed check,No,No,Yes,No,0
CUST-008675,71,102.96,7384.9,Month-to-month,Fiber optic,No,Yes,Yes,Yes,No,Yes,No,Bank transfer,No,Yes,No,No,1
CUST-008676,12,108.54,1480.08,One year,Fiber optic,Yes,Yes,No,Yes,No,Yes,No,Bank transfer,No,No,No,No,1
CUST-008677,22,77.26,1901.04,Month-to-month,DSL,No,No,Yes,No,Yes,Yes,No,Bank transfer,No,No,Yes,Yes,1
CUST-008678,50,91.7,4700.24,Month-to-month,Fiber optic,No,No,Yes,Yes,Yes,No,Yes,Mailed check,No,No,No,No,1
CUST-008679,36,104.95,4102.19,Month-to-month,DSL,Yes,No,Yes,Yes,Yes,Yes,Yes,Bank transfer,Yes,No,No,No,1
CUST-008680,3,84.58,279.33,Month-to-month,Fiber optic,No,Yes,No,No,No,Yes,No,Bank transfer,Yes,Yes,Yes,No,1
CUST-008681,38,91.47,2939.14,Month-to-month,Fiber optic,No,No,No,Yes,No,Yes,Yes,Mailed check,Yes,No,Yes,Yes,1
CUST-008682,42,63.6,2533.77,Two year,No,No,Yes,No,Yes,Yes,Yes,No,Credit card,Yes,No,Yes,Yes,0
CUST-008683,47,46.55,2435.56,Two year,No,Yes,Yes,Yes,No,No,Yes,Yes,Bank transfer,Yes,No,Yes,No,0
CUST-008684,48,85.9,4480.74,One year,DSL,Yes,Yes,Yes,No,Yes,Yes,Yes,Electronic check,No,Yes,No,No,1
CUST-008685,67,75.27,4884.7,Month-to-month,DSL,No,Yes,No,Yes,Yes,Yes,No,Electronic check,No,No,No,No,1
CUST-008686,42,100.15,4482.71,Month-to-month,Fiber optic,No,No,No,Yes,No,Yes,No,Credit card,Yes,No,No,Yes,0
CUST-008687,44,120.12,5117.21,Two year,Fiber optic,Yes,No,Yes,Yes,No,No,Yes,Electronic check,No,No,No,No,1
CUST-008688,21,91.42,2020.06,Month-to-month,DSL,Yes,No,Yes,No,Yes,Yes,No,Credit card,No,Yes,Yes,No,1
CUST-008689,42,101.92,4133.47,Two year,Fiber optic,No,Yes,Yes,No,No,Yes,No,Bank transfer,Yes,No,No,No,0
CUST-008690,12,96.45,1074.51,Two year,DSL,Yes,No,Yes,Yes,No,Yes,Yes,Electronic check,No,No,No,Yes,0
CUST-008691,5,88.52,583.9,Month-to-month,DSL,No,No,No,Yes,No,Yes,No,Mailed check,No,No,Yes,No,1
CUST-008692,28,92.09,2743.08,Two year,Fiber optic,No,No,Yes,No,Yes,Yes,No,Electronic check,Yes,No,Yes,No,1
CUST-008693,9,61.99,489.56,One year,DSL,Yes,No,Yes,Yes,No,Yes,No,Credit card,Yes,No,Yes,Yes,0
CUST-008694,71,76.47,5552.66,Month-to-month,Fiber optic,No,No,No,No,No,Yes,Yes,Mailed check,No,Yes,Yes,No,0
CUST-008695,60,80.84,4703.59,Month-to-month,DSL,Yes,No,No,Yes,Yes,Yes,No,Credit card,No,No,No,No,0
CUST-008696,18,69.09,1020.09,One year,DSL,Yes,Yes,Yes,Yes,No,Yes,Yes,Electronic check,Yes,No,No,No,0
CUST-008697,5,74.1,365.99,One year,DSL,No,No,No,No,Yes,Yes,No,Credit card,No,No,Yes,Yes,0
CUST-008698,44,107.16,4677.2,One year,Fiber optic,No,Yes,Yes,Yes,No,Yes,Yes,Electronic check,Yes,No,No,No,0
CUST-008699,53,102.77,5500.38,Month-to-month,Fiber optic,No,Yes,Yes,Yes,Yes,Yes,No,Bank transfer,Yes,No,No,No,1
CUST-008700,11,107.71,937.34,Two year,Fiber optic,No,Yes,Yes,No,No,Yes,Yes,Bank transfer,No,Yes,Yes,No,0
CUST-008701,65,96.89,6350.69,Month-to-month,Fiber optic,Yes,No,No,No,No,Yes,No,Mailed check,Yes,Yes,Yes,No,1
CUST-008702,7,50.57,410.03,Month-to-month,No,No,No,Yes,No,Yes,Yes,Yes,Electronic check,Yes,No,Yes,No,1
CUST-008703,68,115.77,7953.11,Two year,Fiber optic,No,No,No,Yes,Yes,Yes,Yes,Mailed check,Yes,No,Yes,No,0
CUST-008704,33,58.12,1711.19,Two year,No,Yes,Yes,No,Yes,No,Yes,Yes,Electronic check,Yes,No,Yes,No,0
CUST-008705,14,38.08,577.27,Month-to-month,No,No,No,Yes,No,Yes,Yes,Yes,Mailed check,No,No,No,Yes,0
CUST-008706,44,102.04,4577.47,Month-to-month,Fiber optic,No,No,Yes,Yes,No,Yes,Yes,Bank transfer,Yes,No,No,Yes,0
CUST-008707,15,108.37,1534.76,Month-to-month,Fiber optic,Yes,No,No,Yes,Yes,Yes,Yes,Bank transfer,No,Yes,Yes,Yes,1
CUST-008708,20,35.67,750.71,Month-to-month,No,No,Yes,No,No,Yes,No,No,Bank transfer,No,No,No,No,0
CUST-008709,49,106.03,5056.16,One year,Fiber optic,No,Yes,No,No,Yes,Yes,No,Bank transfer,Yes,No,Yes,Yes,0
CUST-008710,67,99.65,6587.96,One year,Fiber optic,Yes,No,Yes,No,No,Yes,No,Electronic check,Yes,No,No,No,0
CUST-008711,47,97.3,4660.45,Two year,Fiber optic,Yes,No,Yes,No,No,Yes,Yes,Electronic check,No,No,Yes,Yes,0
CUST-008712,67,83.91,5543.7,One year,DSL,Yes,Yes,Yes,No,Yes,Yes,Yes,Credit card,Yes,No,Yes,Yes,0
CUST-008713,9,94.54,1072.94,Month-to-month,Fiber optic,Yes,No,No,No,No,Yes,No,Credit card,No,No,Yes,No,1
CUST-008714,6,87.66,358.66,Month-to-month,DSL,Yes,Yes,No,No,Yes,Yes,Yes,Credit card,No,No,No,Yes,1
CUST-008715,10,64.42,602.77,Two year,DSL,No,No,Yes,Yes,Yes,Yes,Yes,Bank transfer,No,Yes,Yes,Yes,0
CUST-008716,59,98.95,5387.23,One year,Fiber optic,Yes,Yes,No,No,No,Yes,No,Electronic check,No,No,Yes,No,1
CUST-008717,65,109.91,7050.58,Month-to-month,Fiber optic,No,No,Yes,Yes,No,Yes,No,Electronic check,No,No,Yes,No,0
CUST-008718,11,97.77,1114.49,One year,DSL,No,Yes,Yes,No,Yes,Yes,Yes,Mailed check,No,No,No,Yes,0
CUST-008719,58,66.71,3778.89,Month-to-month,DSL,No,No,No,No,Yes,Yes,Yes,Mailed check,No,No,Yes,Yes,0
CUST-008720,27,74.22,1852.52,Two year,DSL,Yes,No,Yes,Yes,No,Yes,No,Bank transfer,Yes,No,No,No,0
CUST-008721,70,35.09,2392.48,Month-to-month,No,Yes,Yes,Yes,No,No,Yes,Yes,Electronic check,No,No,No,No,0
CUST-008722,53,32.05,1351.46,Month-to-month,No,No,No,No,Yes,Yes,Yes,Yes,Mailed check,Yes,Yes,No,Yes,0
CUST-008723,65,91.84,5711.92,Month-to-month,Fiber optic,No,No,No,No,Yes,Yes,Yes,Mailed check,Yes,No,No,Yes,1
CUST-008724,28,94.15,2576.95,One year,Fiber optic,No,No,Yes,No,No,Yes,Yes,Bank transfer,Yes,No,Yes,Yes,0
CUST-008725,52,80.06,4058.75,Two year,DSL,Yes,Yes,No,Yes,No,Yes,Yes,Electronic check,Yes,No,Yes,Yes,0
CUST-008726,54,112.99,6398.65,Month-to-month,Fiber optic,No,Yes,Yes,No,No,Yes,No,Electronic check,Yes,No,No,No,0
CUST-008727,33,95.76,3156.12,Month-to-month,Fiber optic,No,No,Yes,Yes,No,Yes,No,Bank transfer,Yes,Yes,Yes,Yes,1
CUST-008728,43,74.37,3359.79,Month-to-month,DSL,No,No,No,Yes,Yes,Yes,No,Mailed check,No,No,No,No,0
CUST-008729,18,68.47,995.67,One year,No,No,Yes,Yes,No,Yes,Yes,Yes,Bank transfer,Yes,No,No,No,0
CUST-008730,64,49.1,2954.5,One year,No,No,No,No,No,No,Yes,Yes,Electronic check,Yes,No,Yes,No,0
CUST-008731,70,64.71,4680.0,Two year,DSL,Yes,No,No,No,Yes,Yes,No,Electronic check,Yes,No,No,No,0
CUST-008732,8,105.84,599.18,Month-to-month,Fiber optic,No,Yes,No,No,No,Yes,Yes,Credit card,No,No,Yes,No,1
CUST-008733,60,86.97,5117.14,Month-to-month,DSL,Yes,Yes,Yes,No,Yes,Yes,Yes,Credit card,Yes,No,No,No,0
CUST-008734,67,121.12,7978.79,Month-to-month,Fiber optic,No,Yes,Yes,Yes,No,Yes,Yes,Electronic check,No,No,No,No,0
CUST-008735,2,83.62,160.78,Month-to-month,DSL,Yes,Yes,No,Yes,Yes,Yes,Yes,Electronic check,Yes,No,No,No,1
CUST-008736,60,92.55,5478.21,Month-to-month,Fiber optic,No,No,Yes,No,Yes,Yes,No,Mailed check,Yes,No,No,No,1
CUST-008737,22,91.23,2227.61,Month-to-month,Fiber optic,No,No,No,No,No,Yes,Yes,Credit card,Yes,No,No,No,1
CUST-008738,49,97.61,4568.6,One year,DSL,Yes,Yes,Yes,No,No,Yes,Yes,Electronic check,No,No,No,Yes,1
CUST-008739,65,138.12,9038.81,Month-to-month,Fiber optic,Yes,No,Yes,Yes,Yes,Yes,Yes,Credit card,Yes,No,Yes,No,0
CUST-008740,55,74.19,4167.14,One year,DSL,No,Yes,Yes,No,No,Yes,No,Electronic check,No,No,No,No,0
CUST-008741,49,81.35,3866.98,Two year,DSL,No,No,Yes,No,Yes,Yes,No,Bank transfer,No,No,Yes,No,0
CUST-008742,47,87.0,4263.72,Month-to-month,Fiber optic,No,No,No,No,No,Yes,Yes,Mailed check,No,No,No,Yes,1
CUST-008743,37,122.22,4555.41,One year,Fiber optic,Yes,Yes,Yes,Yes,Yes,Yes,No,Bank transfer,No,No,No,Yes,0
CUST-008744,0,82.43,206.23,Month-to-month,DSL,No,No,Yes,Yes,Yes,Yes,Yes,Mailed check,No,No,No,No,1
CUST-008745,8,103.23,1010.65,Two year,Fiber optic,No,No,Yes,Yes,No,Yes,No,Credit card,No,No,No,No,1
CUST-008746,14,76.13,921.08,Month-to-month,DSL,Yes,Yes,No,Yes,No,Yes,Yes,Electronic check,No,No,No,No,0
CUST-008747,50,116.23,5965.93,Month-to-month,Fiber optic,No,No,No,No,Yes,Yes,Yes,Electronic check,No,No,Yes,Yes,1
CUST-008748,35,81.32,2643.36,One year,DSL,Yes,No,No,Yes,No,Yes,Yes,Credit card,No,No,No,No,0
CUST-008749,35,108.18,3635.82,One year,Fiber optic,Yes,Yes,Yes,No,Yes,Yes,No,Credit card,No,No,Yes,Yes,0
CUST-008750,15,105.59,1512.27,Month-to-month,DSL,No,Yes,Yes,Yes,Yes,Yes,Yes,Electronic check,Yes,No,No,Yes,1
CUST-008751,2,67.03,332.52,Month-to-month,DSL,No,No,Yes,No,Yes,No,No,Bank transfer,No,No,Yes,No,0
CUST-008752,24,43.05,944.01,Two year,No,No,Yes,Yes,Yes,Yes,Yes,No,Bank transfer,Yes,No,No,No,0
CUST-008753,51,94.53,4726.72,Two year,DSL,Yes,No,No,Yes,Yes,Yes,No,Credit card,No,No,No,No,0
CUST-008754,8,79.27,526.63,One year,DSL,No,No,No,No,Yes,Yes,Yes,Electronic check,Yes,No,No,No,0
CUST-008755,59,102.82,6287.09,One year,Fiber optic,Yes,Yes,No,No,No,Yes,No,Bank transfer,Yes,No,No,No,0
CUST-008756,39,45.23,1633.1,Two year,No,Yes,No,Yes,No,Yes,Yes,Yes,Mailed check,No,No,Yes,No,0
CUST-008757,25,75.72,2026.69,Month-to-month,DSL,Yes,No,Yes,Yes,No,Yes,No,Credit card,Yes,Yes,Yes,No,1
CUST-008758,31,99.78,3015.84,Two year,Fiber optic,Yes,No,No,No,No,Yes,Yes,Bank transfer,Yes,No,No,No,0
CUST-008759,59,78.52,4554.22,Month-to-month,No,Yes,Yes,Yes,Yes,Yes,Yes,No,Bank transfer,Yes,No,Yes,Yes,0
CUST-008760,52,67.74,3675.88,Two year,DSL,No,No,Yes,No,No,Yes,No,Electronic check,No,No,Yes,Yes,0
CUST-008761,2,89.48,281.63,One year,Fiber optic,No,No,No,No,Yes,Yes,No,Electronic check,Yes,No,Yes,Yes,1
CUST-008762,12,73.06,961.0,Two year,DSL,No,No,No,Yes,Yes,No,No,Electronic check,No,No,Yes,No,0
CUST-008763,39,63.92,2440.51,Month-to-month,No,Yes,Yes,Yes,No,Yes,Yes,No,Mailed check,Yes,No,No,Yes,1
CUST-008764,11,105.35,1067.08,One year,Fiber optic,Yes,No,No,No,No,Yes,Yes,Bank transfer,No,No,No,Yes,0
CUST-008765,48,105.94,4885.79,Month-to-month,Fiber optic,No,Yes,No,Yes,No,Yes,Yes,Electronic check,No,No,Yes,No,1
CUST-008766,8,56.3,136.08,Month-to-month,DSL,No,No,Yes,No,Yes,Yes,Yes,Electronic check,Yes,No,Yes,Yes,1
CUST-008767,45,100.03,4274.56,Month-to-month,Fiber optic,Yes,No,No,No,Yes,Yes,No,Mailed check,No,No,Yes,No,1
CUST-008768,65,85.42,5617.88,Month-to-month,DSL,No,Yes,Yes,No,Yes,Yes,No,Bank transfer,No,No,No,Yes,1
CUST-008769,12,117.85,1408.45,Month-to-month,Fiber optic,Yes,No,No,Yes,No,Yes,No,Bank transfer,No,No,No,Yes,1
CUST-008770,51,55.35,2799.47,One year,DSL,No,Yes,Yes,Yes,Yes,Yes,No,Electronic check,No,Yes,No,No,0
CUST-008771,49,70.27,3438.48,Month-to-month,DSL,No,No,No,No,No,Yes,Yes,Credit card,Yes,No,No,Yes,1
CUST-008772,63,64.79,4222.9,One year,DSL,No,Yes,Yes,No,No,Yes,Yes,Electronic check,Yes,No,Yes,No,0
CUST-008773,68,78.68,5359.37,Month-to-month,DSL,No,Yes,No,Yes,Yes,Yes,No,Bank transfer,No,Yes,Yes,No,1
CUST-008774,12,97.38,1086.41,One year,Fiber optic,No,Yes,No,No,No,Yes,No,Credit card,Yes,No,No,Yes,0
CUST-008775,6,103.82,650.46,Month-to-month,Fiber optic,No,No,No,Yes,Yes,Yes,No,Credit card,No,No,Yes,No,1
CUST-008776,21,51.56,859.4,Two year,No,Yes,Yes,No,No,No,Yes,Yes,Credit card,No,No,Yes,No,0
CUST-008777,43,109.73,4827.13,Month-to-month,Fiber optic,Yes,Yes,Yes,Yes,No,Yes,No,Bank transfer,Yes,No,No,No,0
CUST-008778,54,132.0,7350.96,Month-to-month,Fiber optic,Yes,Yes,Yes,Yes,No,Yes,Yes,Credit card,Yes,No,No,No,0
CUST-008779,4,56.72,265.14,One year,DSL,No,No,No,No,No,Yes,No,Mailed check,Yes,No,Yes,No,1
CUST-008780,20,133.22,2430.12,Month-to-month,Fiber optic,Yes,No,Yes,Yes,Yes,Yes,Yes,Electronic check,Yes,No,No,No,1
CUST-008781,32,68.74,2084.01,Two year,DSL,No,No,Yes,Yes,No,Yes,No,Electronic check,Yes,No,Yes,Yes,0
CUST-008782,24,71.05,1815.96,One year,No,Yes,Yes,No,Yes,Yes,Yes,Yes,Electronic check,Yes,No,Yes,No,0
CUST-008783,47,88.07,3774.72,Month-to-month,DSL,No,Yes,Yes,Yes,No,Yes,No,Bank transfer,No,No,No,No,1
CUST-008784,30,56.23,1655.0,Month-to-month,No,Yes,No,Yes,No,No,Yes,No,Electronic check,Yes,Yes,No,Yes,0
CUST-008785,31,79.05,2516.96,Month-to-month,DSL,Yes,Yes,Yes,Yes,No,No,No,Bank transfer,No,No,Yes,No,0
CUST-008786,34,108.06,3568.36,Two year,Fiber optic,No,No,Yes,Yes,Yes,Yes,Yes,Electronic check,Yes,No,No,No,1
CUST-008787,47,102.28,4755.31,One year,Fiber optic,No,Yes,No,Yes,No,Yes,Yes,Electronic check,Yes,No,Yes,No,1
CUST-008788,10,38.57,62.08,One year,No,No,No,No,Yes,Yes,Yes,No,Bank transfer,Yes,Yes,No,No,0
CUST-008789,22,80.4,1571.82,Month-to-month,Fiber optic,No,No,No,No,Yes,No,No,Bank transfer,Yes,Yes,No,Yes,0
CUST-008790,68,67.62,4757.42,Month-to-month,DSL,No,Yes,No,Yes,Yes,Yes,Yes,Credit card,Yes,Yes,Yes,No,0
CUST-008791,67,97.66,6319.36,Month-to-month,DSL,No,No,Yes,Yes,Yes,Yes,Yes,Electronic check,Yes,No,No,No,0
CUST-008792,44,91.98,4037.2,Month-to-month,Fiber optic,No,No,No,No,No,Yes,No,Bank transfer,No,No,No,No,1
CUST-008793,30,56.58,1869.56,Month-to-month,DSL,No,No,No,Yes,No,Yes,Yes,Bank transfer,No,No,No,No,0
CUST-008794,65,109.15,7106.6,One year,Fiber optic,No,Yes,No,No,Yes,Yes,No,Electronic check,Yes,No,Yes,No,0
CUST-008795,66,91.46,6093.88,Month-to-month,Fiber optic,No,Yes,No,No,No,Yes,No,Credit card,No,No,Yes,No,0
CUST-008796,44,29.45,1150.05,Month-to-month,No,No,Yes,No,No,No,Yes,No,Credit card,Yes,No,No,No,0
CUST-008797,38,41.42,1498.83,One year,No,No,No,Yes,Yes,No,Yes,Yes,Mailed check,Yes,No,No,No,0
CUST-008798,10,62.96,453.89,Two year,DSL,No,No,Yes,No,No,Yes,Yes,Credit card,Yes,No,Yes,No,0
CUST-008799,9,116.63,1220.1,Month-to-month,Fiber optic,Yes,Yes,No,No,Yes,Yes,No,Bank transfer,No,No,No,No,1
CUST-008800,71,71.75,5055.05,Month-to-month,DSL,No,No,Yes,No,Yes,Yes,No,Mailed check,Yes,No,No,No,1
CUST-008801,53,89.26,4868.73,Two year,DSL,No,No,Yes,Yes,Yes,Yes,Yes,Electronic check,Yes,No,No,No,0
CUST-008802,54,84.73,4620.12,Month-to-month,Fiber optic,No,Yes,No,Yes,No,No,No,Bank transfer,No,No,No,Yes,1
CUST-008803,9,112.55,1295.61,Month-to-month,Fiber optic,Yes,No,No,No,No,Yes,Yes,Electronic check,Yes,No,No,No,0
CUST-008804,62,91.83,5667.09,Month-to-month,Fiber optic,Yes,No,No,No,Yes,No,No,Credit card,No,Yes,Yes,No,0
CUST-008805,15,86.1,1336.38,Month-to-month,DSL,Yes,Yes,No,No,No,Yes,Yes,Electronic check,No,No,No,Yes,0
CUST-008806,49,117.97,5645.28,One year,Fiber optic,No,Yes,Yes,No,Yes,Yes,No,Electronic check,No,No,No,Yes,1
CUST-008807,55,68.82,3847.81,One year,DSL,Yes,No,Yes,No,No,Yes,Yes,Mailed check,Yes,No,No,Yes,0
CUST-008808,1,91.38,148.94,Month-to-month,DSL,No,No,Yes,No,Yes,Yes,Yes,Electronic check,No,No,Yes,No,1
CUST-008809,28,91.19,2722.44,Two year,DSL,Yes,No,No,Yes,No,Yes,No,Bank transfer,No,No,Yes,No,0
CUST-008810,69,98.96,7100.01,Month-to-month,Fiber optic,No,Yes,No,No,Yes,Yes,Yes,Bank transfer,Yes,No,Yes,No,1
CUST-008811,46,84.5,3729.19,Two year,DSL,Yes,Yes,Yes,Yes,Yes,Yes,No,Credit card,No,No,Yes,No,0
CUST-008812,4,110.0,329.42,Two year,Fiber optic,Yes,Yes,No,No,Yes,Yes,Yes,Bank transfer,No,Yes,No,Yes,0
CUST-008813,5,89.05,823.86,Two year,DSL,Yes,Yes,No,Yes,Yes,Yes,Yes,Electronic check,Yes,No,Yes,No,0
CUST-008814,4,99.42,467.85,One year,Fiber optic,No,Yes,Yes,No,No,Yes,No,Electronic check,Yes,No,No,Yes,1
CUST-008815,71,87.33,6353.7,Two year,Fiber optic,No,No,Yes,No,No,No,No,Electronic check,No,No,No,No,0
CUST-008816,26,101.57,2474.43,Month-to-month,Fiber optic,Yes,Yes,Yes,No,No,Yes,No,Electronic check,Yes,No,Yes,No,0
CUST-008817,50,73.96,3667.81,Two year,DSL,No,Yes,No,No,No,Yes,No,Mailed check,Yes,No,No,Yes,0
CUST-008818,24,104.08,2510.6,Two year,Fiber optic,Yes,Yes,No,No,No,Yes,No,Mailed check,No,No,No,No,0
CUST-008819,17,58.83,1079.22,Month-to-month,DSL,Yes,No,No,Yes,No,Yes,No,Mailed check,Yes,No,No,No,1
CUST-008820,38,106.55,3711.31,One year,Fiber optic,Yes,No,No,Yes,Yes,Yes,No,Credit card,No,No,No,Yes,0
CUST-008821,21,46.57,908.87,Month-to-month,No,No,No,Yes,No,Yes,Yes,Yes,Credit card,No,No,Yes,No,0
CUST-008822,44,28.04,1071.07,One year,No,No,No,No,Yes,Yes,Yes,No,Credit card,Yes,No,No,Yes,1
CUST-008823,62,61.76,3676.76,Month-to-month,No,Yes,Yes,Yes,No,No,No,No,Credit card,Yes,No,No,No,0
CUST-008824,60,98.67,5567.63,Two year,Fiber optic,No,No,No,Yes,No,Yes,Yes,Credit card,Yes,No,Yes,Yes,0
CUST-008825,49,52.42,2579.31,Month-to-month,No,No,No,Yes,Yes,Yes,Yes,No,Mailed check,Yes,No,Yes,No,1
CUST-008826,71,66.81,5087.07,One year,DSL,No,No,No,Yes,Yes,Yes,No,Electronic check,Yes,No,No,No,0
CUST-008827,55,102.9,5646.43,Month-to-month,Fiber optic,No,Yes,No,No,Yes,Yes,No,Mailed check,Yes,No,No,No,1
CUST-008828,57,64.93,3768.4,One year,No,Yes,Yes,No,Yes,No,Yes,Yes,Mailed check,No,No,No,No,0
CUST-008829,48,88.21,4389.86,One year,Fiber optic,No,No,No,Yes,No,Yes,Yes,Mailed check,No,No,No,No,0
CUST-008830,67,80.55,5430.77,Month-to-month,DSL,No,No,Yes,Yes,Yes,Yes,Yes,Bank transfer,No,No,No,Yes,1
CUST-008831,0,65.45,149.09,Two year,DSL,No,No,No,Yes,No,Yes,Yes,Electronic check,No,No,Yes,No,0
CUST-008832,69,48.04,3270.82,Month-to-month,No,No,No,Yes,Yes,No,Yes,No,Credit card,Yes,No,Yes,No,0
CUST-008833,55,123.07,6647.59,Month-to-month,Fiber optic,No,Yes,Yes,No,Yes,Yes,Yes,Electronic check,Yes,No,Yes,Yes,1
CUST-008834,45,98.43,4362.41,One year,Fiber optic,No,Yes,No,No,No,Yes,Yes,Credit card,No,Yes,Yes,No,0
CUST-008835,1,71.92,136.93,Month-to-month,DSL,No,No,Yes,No,No,Yes,No,Credit card,No,No,No,No,1
CUST-008836,21,76.72,1794.13,Month-to-month,DSL,Yes,No,Yes,No,No,Yes,Yes,Electronic check,No,No,No,No,1
CUST-008837,4,108.35,331.21,Month-to-month,Fiber optic,Yes,Yes,No,Yes,No,Yes,Yes,Mailed check,Yes,No,Yes,No,1
CUST-008838,11,75.16,1130.76,One year,DSL,No,Yes,No,Yes,No,Yes,No,Credit card,Yes,No,Yes,No,0
CUST-008839,48,83.37,3989.19,Two year,DSL,Yes,Yes,Yes,No,Yes,Yes,No,Electronic check,Yes,No,No,Yes,0
CUST-008840,5,78.88,424.03,Month-to-month,DSL,Yes,Yes,Yes,No,No,Yes,No,Bank transfer,No,Yes,Yes,Yes,1
CUST-008841,70,63.65,4500.01,Month-to-month,No,No,Yes,No,No,No,Yes,Yes,Bank transfer,Yes,No,Yes,Yes,0
CUST-008842,47,43.32,1894.24,Month-to-month,No,No,Yes,No,No,Yes,Yes,No,Electronic check,Yes,No,Yes,No,0
CUST-008843,70,68.26,4707.35,Month-to-month,DSL,No,No,Yes,Yes,No,Yes,No,Credit card,No,No,Yes,Yes,0
CUST-008844,67,125.82,8171.68,One year,Fiber optic,Yes,Yes,No,Yes,Yes,Yes,Yes,Electronic check,Yes,No,Yes,Yes,0
CUST-008845,30,96.32,2765.67,One year,Fiber optic,Yes,No,No,No,Yes,Yes,Yes,Credit card,Yes,No,Yes,No,0
CUST-008846,51,53.52,2706.51,Month-to-month,No,No,Yes,Yes,No,Yes,Yes,No,Bank transfer,Yes,No,No,No,0
CUST-008847,11,114.88,1219.84,One year,Fiber optic,Yes,No,Yes,Yes,Yes,Yes,No,Mailed check,Yes,No,Yes,Yes,0
CUST-008848,42,49.22,2166.21,Two year,No,Yes,No,No,No,No,Yes,Yes,Credit card,No,No,Yes,Yes,0
CUST-008849,48,65.1,3196.6,One year,DSL,No,No,No,Yes,No,Yes,Yes,Electronic check,Yes,No,Yes,Yes,0
CUST-008850,65,84.87,5353.81,Two year,DSL,Yes,No,No,No,No,Yes,Yes,Bank transfer,No,No,Yes,No,0
CUST-008851,30,107.46,3407.58,Month-to-month,DSL,Yes,Yes,Yes,Yes,Yes,Yes,Yes,Credit card,No,No,No,No,0
CUST-008852,48,90.36,4395.85,Month-to-month,DSL,No,Yes,Yes,No,Yes,Yes,No,Electronic check,No,No,No,No,1
CUST-008853,51,97.01,5130.15,One year,Fiber optic,No,No,No,No,No,No,Yes,Electronic check,No,No,Yes,No,0
CUST-008854,34,104.23,3621.1,Month-to-month,Fiber optic,No,Yes,No,Yes,No,Yes,No,Mailed check,No,No,No,No,1
CUST-008855,63,113.94,7001.5,One year,Fiber optic,Yes,Yes,No,Yes,No,Yes,No,Bank transfer,Yes,No,No,Yes,1
CUST-008856,60,111.71,6694.81,Two year,Fiber optic,No,Yes,No,Yes,No,Yes,No,Credit card,No,No,No,No,0
CUST-008857,41,88.01,3366.29,Month-to-month,Fiber optic,No,Yes,No,No,Yes,Yes,No,Mailed check,No,No,No,No,0
CUST-008858,56,107.28,6051.22,Month-to-month,Fiber optic,Yes,No,Yes,No,Yes,Yes,Yes,Electronic check,No,No,Yes,Yes,0
CUST-008859,17,122.02,2234.1,One year,Fiber optic,Yes,No,Yes,No,Yes,Yes,Yes,Electronic check,No,No,No,No,1
CUST-008860,67,59.09,3992.88,Month-to-month,No,Yes,Yes,Yes,Yes,Yes,Yes,No,Electronic check,Yes,No,No,Yes,1
CUST-008861,19,73.79,1272.11,One year,DSL,No,No,No,Yes,Yes,Yes,No,Electronic check,No,No,Yes,No,0
CUST-008862,59,70.55,4081.61,Month-to-month,DSL,No,No,No,No,Yes,Yes,Yes,Bank transfer,Yes,No,Yes,No,0
CUST-008863,51,104.14,5388.32,Month-to-month,Fiber optic,Yes,No,Yes,No,Yes,Yes,No,Electronic check,Yes,No,Yes,No,1
CUST-008864,23,110.2,2277.99,Month-to-month,Fiber optic,No,Yes,Yes,Yes,Yes,Yes,No,Electronic check,No,No,No,No,1
CUST-008865,10,68.65,552.24,Month-to-month,DSL,No,No,No,No,Yes,Yes,Yes,Mailed check,Yes,No,No,No,1
CUST-008866,68,100.74,6654.27,Month-to-month,Fiber optic,Yes,Yes,No,No,No,Yes,No,Credit card,Yes,No,Yes,No,0
CUST-008867,49,118.5,6029.82,Month-to-month,Fiber optic,Yes,No,No,Yes,No,Yes,Yes,Credit card,No,No,Yes,Yes,1
CUST-008868,36,113.41,4127.89,Month-to-month,Fiber optic,Yes,Yes,Yes,Yes,Yes,Yes,Yes,Bank transfer,Yes,No,No,Yes,1
CUST-008869,3,107.09,317.96,Month-to-month,Fiber optic,No,No,Yes,No,Yes,Yes,Yes,Bank transfer,Yes,No,Yes,No,1
CUST-008870,2,126.9,211.39,One year,Fiber optic,No,Yes,No,Yes,Yes,Yes,No,Bank transfer,Yes,No,Yes,Yes,1
CUST-008871,36,86.13,2857.46,One year,Fiber optic,No,Yes,No,Yes,No,No,No,Electronic check,No,No,No,Yes,0
CUST-008872,51,81.98,4093.13,Two year,DSL,No,Yes,Yes,No,No,Yes,Yes,Electronic check,Yes,Yes,Yes,No,0
CUST-008873,11,120.08,1102.32,Month-to-month,Fiber optic,Yes,Yes,Yes,Yes,Yes,Yes,Yes,Credit card,No,Yes,No,No,1
CUST-008874,32,118.47,3638.0,Month-to-month,Fiber optic,Yes,No,No,Yes,Yes,Yes,Yes,Credit card,Yes,No,No,No,1
CUST-008875,71,113.83,8055.5,Two year,Fiber optic,Yes,No,Yes,Yes,No,Yes,No,Electronic check,Yes,No,No,No,1
CUST-008876,36,103.51,3604.16,One year,Fiber optic,Yes,No,No,Yes,No,Yes,No,Bank transfer,No,No,No,No,0
CUST-008877,12,43.49,455.42,Month-to-month,No,Yes,Yes,No,No,No,Yes,No,Bank transfer,No,No,No,No,0
CUST-008878,57,82.69,4654.93,Month-to-month,DSL,Yes,No,Yes,No,Yes,Yes,Yes,Credit card,Yes,No,No,No,1
CUST-008879,39,66.94,2484.06,Month-to-month,No,Yes,No,Yes,Yes,Yes,Yes,No,Bank transfer,No,No,Yes,No,1
CUST-008880,41,110.9,4649.93,One year,Fiber optic,No,Yes,Yes,Yes,Yes,Yes,No,Credit card,No,No,Yes,No,0
CUST-008881,43,91.19,3649.19,Month-to-month,DSL,Yes,Yes,Yes,No,No,Yes,No,Bank transfer,Yes,No,No,Yes,0
CUST-008882,27,112.3,3043.18,Month-to-month,Fiber optic,No,No,No,No,Yes,Yes,No,Credit card,No,No,Yes,No,1
CUST-008883,66,106.83,7183.52,One year,Fiber optic,No,Yes,No,Yes,Yes,Yes,No,Credit card,Yes,No,Yes,No,1
CUST-008884,13,123.35,1826.17,Month-to-month,Fiber optic,No,Yes,Yes,Yes,Yes,Yes,Yes,Bank transfer,Yes,No,Yes,Yes,1
CUST-008885,24,71.33,1532.64,One year,DSL,No,No,No,No,No,Yes,Yes,Electronic check,Yes,No,No,No,0
CUST-008886,46,118.49,5474.4,One year,Fiber optic,No,No,Yes,Yes,Yes,Yes,Yes,Electronic check,Yes,No,No,No,1
CUST-008887,71,60.63,3959.06,One year,No,Yes,Yes,No,Yes,Yes,Yes,Yes,Electronic check,Yes,No,No,No,0
CUST-008888,43,119.19,5163.69,Month-to-month,Fiber optic,Yes,Yes,No,No,Yes,Yes,Yes,Credit card,Yes,Yes,Yes,Yes,0
CUST-008889,70,75.04,5465.82,Month-to-month,No,Yes,Yes,No,Yes,Yes,Yes,Yes,Mailed check,No,No,No,No,0
CUST-008890,1,103.9,2.55,Two year,Fiber optic,No,No,No,Yes,No,Yes,Yes,Electronic check,Yes,Yes,No,No,0
CUST-008891,63,124.09,7821.59,Month-to-month,Fiber optic,No,No,No,Yes,Yes,No,Yes,Electronic check,Yes,No,No,No,1
CUST-008892,24,101.16,2435.08,Month-to-month,Fiber optic,No,Yes,No,Yes,Yes,Yes,No,Electronic check,Yes,Yes,Yes,No,1
CUST-008893,37,121.11,4526.69,Month-to-month,Fiber optic,Yes,No,Yes,No,Yes,No,Yes,Credit card,No,No,No,No,0
CUST-008894,57,102.33,5816.11,One year,Fiber optic,No,Yes,No,Yes,Yes,No,No,Credit card,Yes,No,No,Yes,0
CUST-008895,63,69.97,4431.8,Month-to-month,DSL,Yes,No,Yes,No,Yes,Yes,No,Electronic check,No,No,Yes,No,1
CUST-008896,66,68.42,4661.35,One year,DSL,No,No,Yes,Yes,Yes,Yes,No,Bank transfer,Yes,No,Yes,Yes,0
CUST-008897,27,70.12,2067.01,One year,DSL,No,No,Yes,No,No,Yes,No,Bank transfer,Yes,No,No,Yes,0
CUST-008898,49,44.86,2272.09,Month-to-month,No,No,No,Yes,No,Yes,Yes,No,Bank transfer,No,No,No,No,0
CUST-008899,25,52.42,1396.14,Month-to-month,No,No,Yes,No,No,Yes,Yes,Yes,Credit card,Yes,No,Yes,No,0
CUST-008900,57,71.55,4186.61,Month-to-month,DSL,Yes,No,No,No,No,Yes,No,Electronic check,Yes,No,No,No,0
CUST-008901,54,88.55,4628.06,One year,Fiber optic,No,No,Yes,No,Yes,No,No,Mailed check,Yes,No,Yes,No,0
CUST-008902,33,90.29,3177.91,Month-to-month,DSL,No,Yes,Yes,Yes,Yes,Yes,No,Electronic check,Yes,No,No,No,1
CUST-008903,49,117.35,5542.85,Two year,Fiber optic,No,Yes,Yes,Yes,No,Yes,No,Electronic check,Yes,No,Yes,Yes,0
CUST-008904,16,58.87,977.17,One year,DSL,No,No,Yes,No,Yes,Yes,No,Electronic check,No,No,No,No,0
CUST-008905,68,69.98,4745.5,Two year,DSL,Yes,No,Yes,No,Yes,Yes,Yes,Bank transfer,Yes,No,Yes,Yes,1
CUST-008906,28,72.16,1939.89,Month-to-month,DSL,No,No,No,Yes,Yes,Yes,Yes,Bank transfer,No,No,No,No,1
CUST-008907,43,69.26,2898.41,Month-to-month,DSL,No,Yes,Yes,Yes,No,Yes,No,Bank transfer,No,No,No,Yes,0
CUST-008908,25,91.09,2130.9,One year,Fiber optic,No,No,Yes,No,No,Yes,Yes,Mailed check,Yes,No,No,No,0
CUST-008909,14,99.19,1255.95,Two year,Fiber optic,No,No,No,No,No,Yes,Yes,Bank transfer,Yes,No,Yes,No,0
CUST-008910,52,30.03,1506.34,Month-to-month,No,No,Yes,No,No,Yes,Yes,No,Electronic check,No,No,No,Yes,1
CUST-008911,6,45.14,216.89,Month-to-month,No,No,No,Yes,No,Yes,Yes,No,Credit card,Yes,Yes,No,Yes,0
CUST-008912,36,68.54,2426.84,Month-to-month,DSL,No,Yes,No,No,No,Yes,No,Credit card,No,No,No,No,0
CUST-008913,49,95.92,4598.01,Month-to-month,DSL,Yes,No,Yes,Yes,Yes,Yes,No,Mailed check,Yes,No,No,No,0
CUST-008914,50,96.5,4917.46,Month-to-month,Fiber optic,No,No,No,No,No,Yes,Yes,Bank transfer,No,No,No,No,1
CUST-008915,66,109.17,7180.13,Month-to-month,Fiber optic,No,No,No,Yes,Yes,Yes,No,Credit card,No,No,Yes,No,1
CUST-008916,55,80.13,4131.19,One year,DSL,No,Yes,Yes,Yes,No,Yes,No,Mailed check,Yes,No,Yes,Yes,0
CUST-008917,28,29.04,592.03,Two year,No,Yes,No,No,No,No,Yes,Yes,Credit card,Yes,No,Yes,Yes,0
CUST-008918,31,134.73,4235.11,One year,Fiber optic,No,Yes,Yes,Yes,Yes,Yes,Yes,Electronic check,Yes,No,Yes,Yes,0
CUST-008919,19,92.44,1889.65,Month-to-month,DSL,Yes,No,No,Yes,No,Yes,Yes,Bank transfer,Yes,No,Yes,Yes,1
CUST-008920,8,93.96,975.96,One year,Fiber optic,No,No,No,No,Yes,Yes,Yes,Mailed check,No,No,No,Yes,1
CUST-008921,39,38.07,1307.51,Two year,DSL,No,Yes,Yes,No,No,Yes,No,Bank transfer,Yes,No,No,No,0
CUST-008922,61,67.66,3949.69,One year,DSL,No,Yes,Yes,Yes,No,Yes,No,Credit card,Yes,No,No,No,0
CUST-008923,61,50.59,3135.28,Month-to-month,No,No,No,Yes,No,Yes,Yes,Yes,Bank transfer,No,No,No,No,1
CUST-008924,63,89.28,5779.65,One year,Fiber optic,No,No,No,No,No,Yes,Yes,Bank transfer,No,No,No,No,0
CUST-008925,0,63.56,0.0,Two year,DSL,No,No,No,No,No,Yes,Yes,Mailed check,No,No,No,No,0
CUST-008926,21,75.6,1543.58,Month-to-month,DSL,Yes,No,No,Yes,No,Yes,Yes,Credit card,Yes,No,No,Yes,1
CUST-008927,9,98.76,789.94,Month-to-month,Fiber optic,No,No,No,Yes,No,Yes,No,Electronic check,No,No,Yes,No,1
CUST-008928,30,89.7,2437.7,Month-to-month,DSL,Yes,Yes,No,No,Yes,Yes,Yes,Bank transfer,Yes,No,No,No,1
CUST-008929,51,90.06,4854.29,Two year,Fiber optic,Yes,No,No,No,Yes,Yes,Yes,Electronic check,Yes,Yes,No,No,0
CUST-008930,42,131.27,5680.65,One year,Fiber optic,Yes,No,No,Yes,Yes,Yes,Yes,Credit card,Yes,No,No,No,0
CUST-008931,47,106.74,5177.11,Month-to-month,Fiber optic,No,Yes,Yes,Yes,Yes,Yes,No,Credit card,No,No,Yes,No,1
CUST-008932,4,66.04,180.57,Month-to-month,DSL,No,No,No,No,Yes,Yes,No,Electronic check,Yes,No,No,Yes,1
CUST-008933,31,87.67,2818.33,Two year,DSL,Yes,No,No,Yes,No,No,Yes,Credit card,Yes,No,No,No,0
CUST-008934,23,73.99,1600.49,One year,DSL,No,No,Yes,No,Yes,Yes,Yes,Electronic check,Yes,No,No,No,0
CUST-008935,17,109.98,1954.65,One year,Fiber optic,No,No,Yes,No,Yes,Yes,No,Bank transfer,No,No,No,No,1
CUST-008936,62,100.93,6133.68,Month-to-month,Fiber optic,Yes,No,No,No,No,Yes,Yes,Mailed check,Yes,Yes,Yes,No,1
CUST-008937,68,98.52,6949.02,Month-to-month,Fiber optic,No,Yes,No,No,Yes,Yes,Yes,Electronic check,Yes,Yes,Yes,Yes,1
CUST-008938,32,99.27,3284.83,Month-to-month,Fiber optic,No,No,Yes,Yes,Yes,Yes,Yes,Electronic check,No,No,Yes,Yes,1
CUST-008939,31,100.27,3141.09,Month-to-month,Fiber optic,Yes,No,No,No,Yes,Yes,Yes,Credit card,No,No,Yes,No,1
CUST-008940,52,61.31,2894.59,Month-to-month,DSL,No,No,Yes,Yes,No,Yes,No,Electronic check,No,No,No,No,1
CUST-008941,45,91.93,4035.63,One year,DSL,No,Yes,Yes,Yes,No,Yes,Yes,Mailed check,No,No,Yes,Yes,0
CUST-008942,16,67.63,1124.8,Month-to-month,DSL,No,No,No,Yes,Yes,Yes,Yes,Electronic check,Yes,No,Yes,Yes,1
CUST-008943,6,87.98,479.67,Month-to-month,DSL,No,Yes,Yes,No,Yes,Yes,Yes,Bank transfer,Yes,No,Yes,No,1
CUST-008944,72,80.51,5942.91,Month-to-month,DSL,No,No,No,No,Yes,Yes,No,Credit card,Yes,No,Yes,No,1
CUST-008945,23,79.95,1881.91,Month-to-month,Fiber optic,No,Yes,No,No,Yes,Yes,No,Electronic check,No,No,Yes,No,1
CUST-008946,62,67.33,4213.65,Two year,DSL,Yes,Yes,No,No,No,Yes,No,Bank transfer,No,No,No,No,0
CUST-008947,7,69.67,229.64,Month-to-month,DSL,Yes,No,Yes,No,No,Yes,Yes,Bank transfer,Yes,No,No,No,0
CUST-008948,43,117.86,4940.63,Month-to-month,Fiber optic,Yes,No,Yes,No,No,Yes,Yes,Bank transfer,No,No,Yes,Yes,1
CUST-008949,52,79.28,3992.65,Month-to-month,DSL,No,No,No,Yes,Yes,Yes,Yes,Credit card,Yes,Yes,No,Yes,1
CUST-008950,67,103.0,6635.02,Month-to-month,Fiber optic,Yes,Yes,Yes,No,No,Yes,Yes,Bank transfer,Yes,No,Yes,No,0
CUST-008951,18,108.74,1997.03,Month-to-month,Fiber optic,No,Yes,Yes,Yes,No,Yes,Yes,Electronic check,No,No,No,Yes,1
CUST-008952,67,123.93,8249.27,One year,Fiber optic,No,No,Yes,Yes,Yes,Yes,Yes,Electronic check,No,No,No,No,1
CUST-008953,34,47.76,1391.11,Month-to-month,No,No,Yes,Yes,No,No,Yes,Yes,Bank transfer,Yes,Yes,No,No,1
CUST-008954,46,88.74,4361.13,Month-to-month,DSL,No,No,No,Yes,Yes,Yes,No,Bank transfer,No,No,Yes,No,0
CUST-008955,69,101.66,6952.38,Month-to-month,Fiber optic,Yes,Yes,Yes,No,Yes,Yes,No,Mailed check,Yes,No,No,No,0
CUST-008956,56,107.27,5922.88,Month-to-month,Fiber optic,No,Yes,No,No,Yes,Yes,No,Credit card,Yes,No,Yes,No,1
CUST-008957,40,118.84,5052.43,One year,Fiber optic,No,No,Yes,Yes,Yes,Yes,Yes,Bank transfer,Yes,No,Yes,No,0
CUST-008958,63,65.18,4122.95,Month-to-month,DSL,No,No,Yes,No,Yes,No,No,Bank transfer,Yes,No,Yes,No,1
CUST-008959,2,72.67,205.96,One year,DSL,Yes,No,No,No,Yes,Yes,Yes,Electronic check,Yes,No,No,Yes,0
CUST-008960,57,95.69,5504.3,Month-to-month,DSL,Yes,Yes,No,Yes,Yes,Yes,Yes,Credit card,Yes,No,No,No,0
CUST-008961,51,108.96,5404.09,One year,Fiber optic,No,Yes,No,No,Yes,Yes,No,Bank transfer,Yes,No,No,No,0
CUST-008962,54,70.69,3860.16,Two year,DSL,No,Yes,Yes,No,No,No,Yes,Credit card,Yes,No,No,Yes,0
CUST-008963,64,91.42,5614.94,One year,DSL,Yes,Yes,No,Yes,Yes,Yes,Yes,Mailed check,No,No,Yes,No,0
CUST-008964,37,99.03,3542.02,Month-to-month,DSL,No,Yes,Yes,Yes,Yes,Yes,No,Bank transfer,No,No,No,Yes,0
CUST-008965,14,88.24,1650.55,Month-to-month,Fiber optic,No,No,No,No,No,Yes,No,Credit card,No,No,No,No,1
CUST-008966,45,73.33,3551.83,Month-to-month,DSL,Yes,No,Yes,No,Yes,Yes,No,Bank transfer,No,No,Yes,Yes,0
CUST-008967,13,62.8,745.14,Month-to-month,DSL,No,No,Yes,No,No,Yes,Yes,Electronic check,Yes,No,No,Yes,1
CUST-008968,33,109.78,3692.89,One year,Fiber optic,No,No,Yes,No,Yes,Yes,No,Mailed check,No,No,No,No,0
CUST-008969,39,75.64,2814.79,Month-to-month,Fiber optic,No,No,No,Yes,No,No,Yes,Electronic check,No,No,Yes,Yes,0
CUST-008970,29,123.52,3525.39,Month-to-month,Fiber optic,Yes,Yes,Yes,Yes,No,Yes,Yes,Mailed check,Yes,No,Yes,No,1
CUST-008971,39,78.72,2887.82,Month-to-month,DSL,Yes,Yes,Yes,No,No,Yes,No,Credit card,Yes,No,Yes,Yes,0
CUST-008972,34,100.05,3523.39,Month-to-month,Fiber optic,Yes,No,Yes,Yes,No,Yes,Yes,Electronic check,Yes,No,No,No,0
CUST-008973,7,56.98,132.21,Month-to-month,No,No,Yes,Yes,No,No,Yes,No,Bank transfer,Yes,No,Yes,Yes,1
CUST-008974,16,42.72,562.23,One year,No,Yes,No,No,Yes,No,No,No,Credit card,No,No,Yes,Yes,0
CUST-008975,12,89.7,1260.78,Month-to-month,Fiber optic,No,No,No,No,Yes,No,Yes,Credit card,Yes,No,No,No,1
CUST-008976,2,90.34,376.49,Two year,Fiber optic,No,Yes,No,No,No,No,No,Credit card,Yes,No,No,No,1
CUST-008977,70,105.87,7347.3,One year,Fiber optic,No,Yes,No,No,Yes,Yes,Yes,Mailed check,Yes,Yes,Yes,No,0
CUST-008978,39,57.59,2540.89,Month-to-month,DSL,No,No,Yes,Yes,No,Yes,Yes,Electronic check,No,No,Yes,No,0
CUST-008979,69,110.11,7637.63,Month-to-month,Fiber optic,No,Yes,No,Yes,Yes,Yes,No,Electronic check,Yes,No,No,No,1
CUST-008980,44,104.83,4822.42,Two year,Fiber optic,Yes,Yes,Yes,Yes,Yes,Yes,No,Mailed check,No,No,Yes,No,0
CUST-008981,52,81.22,4343.35,Two year,DSL,No,Yes,No,Yes,Yes,Yes,Yes,Credit card,Yes,No,No,No,0
CUST-008982,58,96.52,5738.7,One year,DSL,Yes,Yes,Yes,No,No,Yes,Yes,Electronic check,No,No,Yes,Yes,0
CUST-008983,20,89.94,1771.82,Two year,DSL,Yes,No,Yes,Yes,No,Yes,Yes,Mailed check,No,No,Yes,Yes,0
CUST-008984,53,114.55,6062.41,One year,Fiber optic,No,Yes,Yes,Yes,No,Yes,No,Mailed check,Yes,No,No,Yes,1
CUST-008985,25,65.79,1713.65,Month-to-month,DSL,No,No,Yes,No,No,Yes,Yes,Mailed check,Yes,No,Yes,No,1
CUST-008986,24,94.83,2460.17,Month-to-month,Fiber optic,No,No,Yes,No,No,Yes,No,Credit card,No,No,Yes,Yes,1
CUST-008987,49,104.67,5108.52,Month-to-month,Fiber optic,No,Yes,No,No,Yes,Yes,No,Mailed check,Yes,No,Yes,No,1
CUST-008988,43,77.91,3443.45,One year,Fiber optic,No,No,No,No,No,No,No,Credit card,Yes,No,Yes,Yes,0
CUST-008989,13,104.95,1360.22,One year,Fiber optic,Yes,No,No,No,Yes,No,Yes,Electronic check,No,No,Yes,No,0
CUST-008990,15,75.9,1059.0,Two year,DSL,Yes,Yes,Yes,Yes,No,Yes,No,Bank transfer,Yes,No,Yes,No,0
CUST-008991,18,66.45,1519.48,Two year,DSL,Yes,No,No,No,Yes,Yes,Yes,Bank transfer,No,Yes,No,No,0
CUST-008992,14,89.1,1156.33,Month-to-month,Fiber optic,No,No,Yes,No,No,Yes,No,Bank transfer,Yes,Yes,No,No,1
CUST-008993,71,103.17,7332.77,Month-to-month,Fiber optic,Yes,No,No,No,No,Yes,No,Electronic check,Yes,No,Yes,No,1
CUST-008994,36,41.86,1440.06,One year,No,No,No,Yes,No,Yes,Yes,No,Electronic check,Yes,No,No,No,0
CUST-008995,63,106.39,6744.52,One year,Fiber optic,No,No,Yes,Yes,Yes,Yes,No,Bank transfer,Yes,Yes,No,No,0
CUST-008996,63,97.21,6243.76,Month-to-month,Fiber optic,Yes,Yes,Yes,No,Yes,Yes,Yes,Mailed check,Yes,No,Yes,Yes,0
CUST-008997,63,53.89,3312.54,Month-to-month,DSL,No,Yes,No,No,Yes,No,No,Credit card,Yes,Yes,Yes,No,0
CUST-008998,39,96.4,3871.39,Two year,Fiber optic,No,No,No,No,No,Yes,No,Credit card,Yes,No,No,No,0
CUST-008999,33,51.21,1937.99,Month-to-month,No,No,No,Yes,Yes,Yes,Yes,Yes,Bank transfer,No,No,Yes,Yes,0
CUST-009000,2,114.51,221.4,Two year,Fiber optic,No,No,Yes,Yes,Yes,Yes,Yes,Bank transfer,No,No,No,No,0
